instance,family,grupo
0049919cdf9556bfda5bb365af72414c.cnf.xz,station-repacking,S
008e7716c69009090ff6bd0048dc55f8.cnf.xz,hardware-verification,noS
03d93f5c0378205e17260e16e463ac67.cnf.xz,scheduling,S
055f942145df4b6c9fd0d10a3f1da98e.cnf.xz,scheduling,S
06166a0dd78f45c213add974a6711dfe.cnf.xz,planning,S
095abfecc3d54908ae4eeaa17f0f0b44.cnf.xz,station-repacking,S
09c34d5c989469373633702ea8c9d87b.cnf.xz,station-repacking,S
09df54b3d75b42dbd0020c6b60a68fc6.cnf.xz,miter,S
0a015b7f4b4ec96e881f2f5f5e55265c.cnf.xz,planning,S
0ac5ff376b826f68d384ba05a1d00de0.cnf.xz,planning,S
0aeec01727d2c23cd3f075494541a7b4.cnf.xz,bitvector,noS
0d2bcd9d503431148295cd116b446609.cnf.xz,cryptography,noS
12fc09b9f66357cf31bb1e4584e28c1a.cnf.xz,bitvector,noS
15f12bdf02e43f71b10c20ed256355b9.cnf.xz,station-repacking,S
171ded15d8af000371cc0e8f5301d1a9.cnf.xz,station-repacking,S
191f06be45548773cfc64903bfd7dfc4.cnf.xz,software-verification,noS
19308e66f43a54e66e9ea9c9cbfd2c5d.cnf.xz,hardware-verification,S
1e1667279af339045c52218ac807c245.cnf.xz,miter,S
1eb3ccb3f88643710a3f6e860b6e44d9.cnf.xz,software-verification,noS
20af7a90131ea05e1ef53ea3705088c9.cnf.xz,bitvector,S
23bad002bd076e1e2bbbb53e44d5b00d.cnf.xz,bitvector,S
2a3456cfe79ecaf6e0f70f307b71fc5f.cnf.xz,station-repacking,S
2e6b35b71c9a817b01c0f925dd61480d.cnf.xz,station-repacking,S
2e76c980bb44428c47c58ac8c3de3840.cnf.xz,station-repacking,S
2ebdc7689626455811ae26c891397077.cnf.xz,station-repacking,S
2efa3ca1d314662c94cd6ebb4b86da7a.cnf.xz,scheduling,noS
2fd5b95206bcb7d829680ec2a50d7a6f.cnf.xz,cryptography,noS
303f4db49f8902b2428a337fdd4f3aa4.cnf.xz,station-repacking,S
3198bf396bbf9fbf335513f05293275e.cnf.xz,cryptography,S
341c4f501ceb036a1ff19f653986cf04.cnf.xz,hardware-verification,S
343ec0a7ec1b919d9151b656ef030f07.cnf.xz,argumentation,noS
34d6e19fd57e7d586925b622f95cf4d4.cnf.xz,hardware-verification,S
384bdf1d5ee9dadc4b377e204e10c821.cnf.xz,argumentation,noS
3e34fa41a180c434b7eef6735be541cb.cnf.xz,miter,S
3f688306f4263de7915f9d16dc907cd8.cnf.xz,scheduling,S
42478f9dc6c32a8eaf622875216cece4.cnf.xz,station-repacking,S
44c25de7963c45e92a2407ad839f6e8b.cnf.xz,scheduling,noS
460f2c5cbd5d64a53671890005df99fb.cnf.xz,planning,S
47655cd4c6198c47a271a0e31a93b27d.cnf.xz,miter,S
488bb0b505fe9167119e296bedafa2b0.cnf.xz,station-repacking,S
4b3c7fb5a7b24f2680395176380ec8e3.cnf.xz,software-verification,S
4be4ae25aae88528bc10f8369bba86df.cnf.xz,argumentation,noS
4dcf9b525d9f46f4b17b132c765322ed.cnf.xz,hardware-verification,S
51a52a104231f5c84230202f5e5ccbd4.cnf.xz,scheduling,S
52aa6129cbf1fc57bd9fce305257d9b9.cnf.xz,miter,S
52b47ce322dd8d15430c198db8ebfdb8.cnf.xz,hardware-verification,S
540f649521171d2c5900dfb17d6ed236.cnf.xz,station-repacking,S
55c648ed1a8cde597f4ecc71ca0a1562.cnf.xz,hardware-verification,S
55f3756b9caefb5139a6ffd2de555677.cnf.xz,software-verification,noS
578f9377bfbfcc6ea3a18eb630667956.cnf.xz,planning,S
585e46bd5dc0c4c9d47ec1aba082f007.cnf.xz,miter,S
5952b9f18b73dabb531c60e3ac85d26f.cnf.xz,scheduling,noS
5cba2130f3b9b5aabe6d4bef8438b5a7.cnf.xz,argumentation,noS
5ed0bbcb957ecc8ef2a049620f91385a.cnf.xz,miter,S
5f06772e86f14cb3507c3e34e5c1e7f1.cnf.xz,station-repacking,S
6049e056b2b148699dcf0268652c9ffd.cnf.xz,miter,noS
61600fb33883e1e9077ea8a163316010.cnf.xz,scheduling,noS
61a1a532a9c821055a7fa0d9d6562d46.cnf.xz,station-repacking,S
62eae28dcf3170b1547fb5db73e6a295.cnf.xz,argumentation,noS
64da114a666c2637ea39e68fe834ad41.cnf.xz,scheduling,S
64e38097799c3e0e3fe9d8a17372b0c4.cnf.xz,station-repacking,S
655681362024c10869610709e1a22246.cnf.xz,bitvector,noS
65fd1c223a6bdd2a17e75b388b94d6b8.cnf.xz,miter,S
66a1f530c185e09dc920e5ee57c8f6b1.cnf.xz,planning,S
66e35170e72c3233f2ad23afce22491d.cnf.xz,planning,S
6832fe907740af686fde98518067ea3f.cnf.xz,hardware-verification,S
683a0eb8955c471a343d6c7d7a1101f9.cnf.xz,software-verification,S
68962ef48674e066d91ec37cf02ba1e6.cnf.xz,bitvector,noS
6d637f8934c46e2a2638f3cfcba1c75f.cnf.xz,hardware-verification,S
6e789d6b080067f2ecf0b167b77fb80d.cnf.xz,miter,S
7477e93517c74d2f32f8cd2eba6244c5.cnf.xz,station-repacking,S
74f145bb935650f5c982d7eec6967945.cnf.xz,scheduling,S
77a0ff05f77e03cfe3261b41143edaa3.cnf.xz,software-verification,S
79fe0b87911d5d3efc253afe688ba6bd.cnf.xz,planning,noS
7a83634c455aae979dfadc671f52d88f.cnf.xz,miter,S
7c161c9db65367fffd7bccf94b0550c0.cnf.xz,hardware-verification,S
7ce742e1b79596a204fb3be1fe239808.cnf.xz,hardware-verification,S
7d39db575c4b7d2f3c799286ecb9c8db.cnf.xz,hardware-verification,noS
7f71af39bd460da2bf60efe59f74928b.cnf.xz,planning,S
80b4f7ca1dabdbf27c6d1fd20dbab0b5.cnf.xz,scheduling,S
8175dacde2d6517a91c1912847a34006.cnf.xz,hardware-verification,S
821051235cf90eba420d5569c2e58eef.cnf.xz,miter,S
8226a866770c4e3da127e54ca0dbd496.cnf.xz,scheduling,S
8568907805e9346e5a722d444e543e92.cnf.xz,station-repacking,S
85bcea9916a558523a9b90394fe8c79d.cnf.xz,hardware-verification,S
8892a54c85de57f8ec232d3a2ab9ef97.cnf.xz,scheduling,S
8bc05816923b7e9e01d88c2fae53f5b0.cnf.xz,cryptography,noS
8bc827a04706f235a82de54d0b30c4ab.cnf.xz,planning,S
92a730305d3ebc88e06cdf74deb5e484.cnf.xz,argumentation,noS
94750ddfd49994ac4e2abe258a7ba4e2.cnf.xz,station-repacking,S
94ad97f750345300b7baf257cf91fc4c.cnf.xz,planning,S
974c493d0611331a96d3395118d752d5.cnf.xz,hardware-verification,S
9754fc1acf450ee2ed2083a211cfa487.cnf.xz,argumentation,S
98d909406244b8582cd2f5d6235d621f.cnf.xz,station-repacking,S
993196979dccc14ecf0a10d8f02305be.cnf.xz,cryptography,noS
997f40a6afd8054e3d6a84dfb65ef157.cnf.xz,bitvector,noS
9a2b7e7439dfd80e17a4bf26124bd0e5.cnf.xz,planning,noS
9dd18fb3553cf393e28c1ca3aca2336b.cnf.xz,planning,S
9e4ed7d6e3ea544e8738ee21f4eaaa39.cnf.xz,station-repacking,S
a10850361971c1e2256f9de690a36ea5.cnf.xz,station-repacking,S
a49e09ba2e553c2311ac9d0a09a82007.cnf.xz,software-verification,S
a61fde91986cc31ce2b1a59462f0b730.cnf.xz,miter,S
a7ae3234b0cf64bfc9c40063f7cb40fa.cnf.xz,hardware-verification,S
a99895026999b6ed637222c64f0ebf19.cnf.xz,planning,noS
a9bdc27575ccbcfb02e01613ddff8e31.cnf.xz,station-repacking,S
a9c18b790b81fb37eccba4d2dfb6c022.cnf.xz,station-repacking,S
ae3e774dda19c84566a1ba222bb44bab.cnf.xz,software-verification,S
aedae96e0c8165005c51e44e232f548f.cnf.xz,cryptography,noS
af258def798954d74a608a0fa578e15b.cnf.xz,miter,S
b1564215e346e99ccbe80da356e57f65.cnf.xz,station-repacking,S
b680dff3be5cb5839d6b54821cd38b41.cnf.xz,miter,S
b76fa2f50a42120ec54fa98c29113326.cnf.xz,miter,noS
b835bbe3c0b4447c3e936326e10dacc4.cnf.xz,software-verification,S
ba093c6ed285bf1e5643ca761cf8b8b2.cnf.xz,planning,S
ba5451cace1bb09e2d36b9f34c19146e.cnf.xz,scheduling,S
bb86b80e60493b43cd8770697420b9e7.cnf.xz,miter,S
bf6a49b7bec5f8f6a200485dc938b224.cnf.xz,scheduling,S
c8821b3db9c48a6e2d84c8d9f0f32645.cnf.xz,planning,S
cb576136b0c2bd11deb2d0de33faa440.cnf.xz,planning,noS
cec96be7ec1ff12260f3e3f630f7b843.cnf.xz,hardware-verification,S
d0ae6f2835f3e33ff09472454404e625.cnf.xz,station-repacking,S
d14a5970e2787c4a0583d56ceaf1707d.cnf.xz,scheduling,noS
d1dbf88a58406c931fd696267ed8159e.cnf.xz,software-verification,S
d2800199a7c8d459cd0f26f10acb04a0.cnf.xz,planning,S
d2b395be97d8ef720dee0f5c8a191d8f.cnf.xz,scheduling,S
d2e92ad424f2bdf1115e3edbeb1630b1.cnf.xz,miter,noS
d45ce74aa51bf078725a22d8f4b5f253.cnf.xz,cryptography,noS
d712442cd23dd64defa214d126148e2f.cnf.xz,station-repacking,S
db480ef956c6e29f7aa1b4ba155cfa75.cnf.xz,hardware-verification,S
dc306e55bbd71adf6e14a7e3e0aa8b4a.cnf.xz,cryptography,noS
dc98cb692e3203258be6d4d31f566388.cnf.xz,miter,noS
de24a43766cbd9ba5afaa1eb07017d23.cnf.xz,bitvector,noS
df4aa7724f377245d82486ada37910de.cnf.xz,scheduling,S
e27e439d19bd1d246b7a669feb2d5e7e.cnf.xz,argumentation,S
e2ffb03d95f450787b8affdea8f1b927.cnf.xz,hardware-verification,noS
e3e8cf23d3a7469a3907b1f40931fa4d.cnf.xz,miter,S
e707c7e87816dd02ae433d268bd327c6.cnf.xz,scheduling,S
e851bd8cda601ec1eae5cc136a84289e.cnf.xz,station-repacking,S
e87e93daea1e1fafeaef8cce2c167ded.cnf.xz,scheduling,S
e8fee4776a0c163458f01ad02a83280f.cnf.xz,hardware-verification,S
e9c650b71e13274781c56e0d0996d275.cnf.xz,planning,S
eb064256d3bb89c433a4ade5ff1c8805.cnf.xz,station-repacking,S
eb34dcb040e9956397c306400da096f1.cnf.xz,software-verification,S
f33b2b99b991e02e7c9729fc3f336aac.cnf.xz,scheduling,S
f4ff0a601ae7de20812c394047c6afcb.cnf.xz,station-repacking,S
f6eee7f155356d5def36888b8c1ba335.cnf.xz,station-repacking,S
f7e4d64c8d6ac73d4dcd7b7408986b0e.cnf.xz,scheduling,S
f8f958aaaf81a03162dc42fad18cd70c.cnf.xz,scheduling,S
fa6253a4cb5f8192fa03b87bac4a6d4a.cnf.xz,miter,S
fa7055908271153a5d9f46f6882aa1ab.cnf.xz,software-verification,S
fe6c4ae7ffa9af61ca62caf3cd2d1ec1.cnf.xz,cryptography,noS
ff0fe8a68fdbcbee9e77ca5555e744fe.cnf.xz,station-repacking,S
ffdfce174618b76c8cd0e4bd45b55130.cnf.xz,bitvector,noS
