hash,group,family,in_metadata
008e7716c69009090ff6bd0048dc55f8,flaky,hardware-verification,False
00f4aca773e5675f35263dcd46b15bde,flaky,cryptography,False
01dd5feb463fa80f73809718f6ff735b,flaky,hardware-verification,False
0504d4dc55e80f42ffa698a4ece021c0,flaky,bitvector,False
0832446f790662899f2275ccef2e09fd,flaky,cryptography,False
0c1229dd6d69a3435089228613a4586a,flaky,cryptography,False
0d3fcbb89bfb8e821058ba3ea4284de1,flaky,scheduling,False
13fe83cc7a856ff2358f76b96daf51e3,flaky,cryptography,False
151e3f6c15130b20ab695722318e64b3,flaky,bitvector,False
16564a6acba6b9fc887c447d4e507767,flaky,argumentation,False
2b1e5d364a185c3b87130064694dabe5,flaky,hardware-verification,False
2efa3ca1d314662c94cd6ebb4b86da7a,flaky,scheduling,False
38ba4510b6bcbb91682c5ab567f900bc,flaky,bitvector,False
39ad133b95ca87ca0842d3b4d17ec926,flaky,cryptography,False
3f2a362bb7d5a8ea3076020892cde807,flaky,bitvector,False
3ff114cc7bee4f39fa56a0325e605c2d,flaky,argumentation,False
47752d6f7fca7e1caae7aa0d0138c067,flaky,scheduling,False
4c6e57f5552d546278e192b6e332635a,flaky,argumentation,False
596401c4ebbd9982827198695adb935a,flaky,station-repacking,False
60632fce4132ceacfddb8d0764befd96,flaky,scheduling,False
66e35170e72c3233f2ad23afce22491d,flaky,planning,False
683a0eb8955c471a343d6c7d7a1101f9,flaky,software-verification,False
68962ef48674e066d91ec37cf02ba1e6,flaky,bitvector,False
6b10e4ddf39b316ffe87d148a4626ed4,flaky,cryptography,False
728e6c35cb5a5a5f4efeeb1364f19d42,flaky,scheduling,False
76257d780dcaae3c7a28b1fcfb44dad0,flaky,argumentation,False
7b9d8b9b31b530effd634f5a8f1f4411,flaky,argumentation,False
7c161c9db65367fffd7bccf94b0550c0,flaky,hardware-verification,False
7d89daff5013fc5acc0e0c86ba805224,flaky,hardware-verification,False
8175dacde2d6517a91c1912847a34006,flaky,hardware-verification,False
82e6d1219d747172e414e37428a74133,flaky,bitvector,False
878bcc11e1e243680f7946bcf428f465,flaky,software-verification,False
88bfa72210baef40a2903d95044dc19d,flaky,software-verification,False
89b778a6b654bd3107b4fc10b3a0fdee,flaky,argumentation,False
8bf7748864d530e7cbe1091873d3c42e,flaky,scheduling,False
93c757776a5f6a8756b2fb8207dfc5ef,flaky,station-repacking,False
ac51df6b340190cd1182c06ff2955afa,flaky,argumentation,False
ad2b1829387e1ec0cf33172ceca59cb6,flaky,bitvector,False
aedae96e0c8165005c51e44e232f548f,flaky,cryptography,False
b11d7f9b26fb27225eb5e7089bd346c0,flaky,cryptography,False
b2059a77acce5836fcaa1e26cd1bb1dc,flaky,software-verification,False
b5d1d9800b30e09d81e83934046fae38,flaky,cryptography,False
bd3b4e932106a55b57598b7e783c6c58,flaky,bitvector,False
c1616d4244670607260e06e0506d1fad,flaky,bitvector,False
c2355a212a2f6295ac6050518becc62d,flaky,planning,False
c3145593f27dff74d60bd837f95ad3aa,flaky,cryptography,False
c4e77bfa7a50ea633445d23e3ca9d929,flaky,bitvector,False
c507d80b1603bb1e9c980524e1a57431,flaky,bitvector,False
c796794d6786a23597f30d66cc62f1f3,flaky,software-verification,False
c8da226b105aead63428f75bd6060670,flaky,cryptography,False
db099269d468029b70419bf4a49e99a1,flaky,argumentation,False
e27e439d19bd1d246b7a669feb2d5e7e,flaky,argumentation,False
e481a97a93fd6b4303f39024d19c2867,flaky,scheduling,False
e9787c0bf64f89f71b71bf992433b065,flaky,software-verification,False
eb064256d3bb89c433a4ade5ff1c8805,flaky,station-repacking,False
ec6a463d5efffd3600940d031de0c5e9,flaky,bitvector,False
ecca77b5350eca6a4323edd5b38208c6,flaky,cryptography,False
f197c1e28acb1c284fd111509eb2e76b,flaky,bitvector,False
f54b352934be08821aa75b3424112956,flaky,software-verification,False
f7e855b18105170b0718086d3f5b5923,flaky,scheduling,False
ff90d59262f6fb2b5fb30e0279ac4de2,flaky,software-verification,False
ffc6478580fa7b48bfe3f7c7097accf0,flaky,cryptography,False
06166a0dd78f45c213add974a6711dfe,control,planning,True
110abea2cac57d734683619f799bf18a,control,station-repacking,False
137850d8a2886b3cdd1684b23384c9ad,control,miter,True
191f06be45548773cfc64903bfd7dfc4,control,software-verification,False
19308e66f43a54e66e9ea9c9cbfd2c5d,control,hardware-verification,False
19969dbd50d4cd01c7e8323377364a4e,control,cryptography,False
2241a1fb5bdbac0c1a3c1980ed8b332d,control,argumentation,False
303f4db49f8902b2428a337fdd4f3aa4,control,station-repacking,False
343ec0a7ec1b919d9151b656ef030f07,control,argumentation,False
4b831ae59da3bc1b197c8dc9c69af18c,control,miter,True
4cc8e55799ecda9e666a4c767fb290d8,control,software-verification,False
536f3a4dbb98b717f4c58b6e0162882e,control,bitvector,False
68db53c17dd9b22950722efaad1d47a3,control,bitvector,False
701c96dc91c057c23026454520da2054,control,miter,True
71b2e3b3fe4ab92e7bc178a7df91195b,control,hardware-verification,False
8bb5819a23a8f1dff851d608bec008ca,control,scheduling,False
93be9c580b2c695ee9c9339a62765f87,control,planning,False
ad1a3c12aeb696e4a4f6988430b8abe6,control,cryptography,False
b1654713158a777352b4bf00e6ffc820,control,planning,False
bd8bc25be2b36c64b38459c17e815814,control,scheduling,False
bdb95cad1b6d8043a05402d63185bf8d,control,scheduling,False
bee00691dfe8e514cdb4aa86082339b6,control,cryptography,False
c2758faefec5e7abcc6c077106214581,control,bitvector,False
c41c74f316a2067cc19708ce982d960a,control,argumentation,False
d1dbf88a58406c931fd696267ed8159e,control,software-verification,False
da04938ba1f77f11748308f114fff467,control,hardware-verification,False
feb7f4a9414a3c92ddd2effa30bae801,control,station-repacking,False
