instance,family,build,exit,secs,clauses_in,clauses_out,proof_bytes,out_sha1
043c91001968a1fbd1ef419540fcb396.cnf.xz,H,mit,0,2.073,748640,410537,8976945,58c6ab44973a5ae319fed22933bc71a8f68e23a3
043c91001968a1fbd1ef419540fcb396.cnf.xz,H,mclique,0,0.917,748640,1,7114706,b28ec1b50de7e6fbef1779f53d50f448df3de8ac
043c91001968a1fbd1ef419540fcb396.cnf.xz,H,cliques,0,1.083,748640,1,7114706,b28ec1b50de7e6fbef1779f53d50f448df3de8ac
0d082b8fa36f662217bee5524cd24d3a.cnf.xz,H,mit,0,4.228,48323,1,1284623,b28ec1b50de7e6fbef1779f53d50f448df3de8ac
0d082b8fa36f662217bee5524cd24d3a.cnf.xz,H,mclique,0,4.443,48323,1,1284623,b28ec1b50de7e6fbef1779f53d50f448df3de8ac
0d082b8fa36f662217bee5524cd24d3a.cnf.xz,H,cliques,0,4.230,48323,1,1284623,b28ec1b50de7e6fbef1779f53d50f448df3de8ac
0ec6bf97a96b9840ae84f1d1da4c4dcd.cnf.xz,H,mit,0,0.416,220951,1,2289601,b28ec1b50de7e6fbef1779f53d50f448df3de8ac
0ec6bf97a96b9840ae84f1d1da4c4dcd.cnf.xz,H,mclique,0,0.416,220951,1,2289601,b28ec1b50de7e6fbef1779f53d50f448df3de8ac
0ec6bf97a96b9840ae84f1d1da4c4dcd.cnf.xz,H,cliques,0,0.416,220951,1,2289601,b28ec1b50de7e6fbef1779f53d50f448df3de8ac
0f1070ba60b55aa62d3a98798a14700e.cnf.xz,H,mit,0,0.867,116738,93893,1858902,7a1851fb59bc84a5bdd7b40cfd5d67f549776558
0f1070ba60b55aa62d3a98798a14700e.cnf.xz,H,mclique,0,0.215,116738,1,1049998,b28ec1b50de7e6fbef1779f53d50f448df3de8ac
0f1070ba60b55aa62d3a98798a14700e.cnf.xz,H,cliques,0,0.215,116738,1,1049999,b28ec1b50de7e6fbef1779f53d50f448df3de8ac
12ac1c71ff0405cc150c2a2db6c4a255.cnf.xz,H,mit,0,0.466,336450,1,1243853,b28ec1b50de7e6fbef1779f53d50f448df3de8ac
12ac1c71ff0405cc150c2a2db6c4a255.cnf.xz,H,mclique,0,0.416,336450,1,1243853,b28ec1b50de7e6fbef1779f53d50f448df3de8ac
12ac1c71ff0405cc150c2a2db6c4a255.cnf.xz,H,cliques,0,0.416,336450,1,1243853,b28ec1b50de7e6fbef1779f53d50f448df3de8ac
15456f0d13b26f0b4b21525ef7d0d711.cnf.xz,H,mit,0,2.072,20035,1,424837,b28ec1b50de7e6fbef1779f53d50f448df3de8ac
15456f0d13b26f0b4b21525ef7d0d711.cnf.xz,H,mclique,0,2.223,20035,1,424837,b28ec1b50de7e6fbef1779f53d50f448df3de8ac
15456f0d13b26f0b4b21525ef7d0d711.cnf.xz,H,cliques,0,2.072,20035,1,424837,b28ec1b50de7e6fbef1779f53d50f448df3de8ac
1890f49a43a94b97828528b68c32b78e.cnf.xz,H,mit,0,0.008,1122,1,8805,b28ec1b50de7e6fbef1779f53d50f448df3de8ac
1890f49a43a94b97828528b68c32b78e.cnf.xz,H,mclique,0,0.008,1122,1,8805,b28ec1b50de7e6fbef1779f53d50f448df3de8ac
1890f49a43a94b97828528b68c32b78e.cnf.xz,H,cliques,0,0.008,1122,1,8805,b28ec1b50de7e6fbef1779f53d50f448df3de8ac
1a3bef9e03bab1ed4e9e34506d72a451.cnf.xz,H,mit,0,0.516,198762,303996,2058018,ed3639daac7cf0dde337869b15d8df394a2c9fee
1a3bef9e03bab1ed4e9e34506d72a451.cnf.xz,H,mclique,0,0.365,198762,1,1914572,b28ec1b50de7e6fbef1779f53d50f448df3de8ac
1a3bef9e03bab1ed4e9e34506d72a451.cnf.xz,H,cliques,0,0.316,198762,1,1914572,b28ec1b50de7e6fbef1779f53d50f448df3de8ac
1fb646d2657b6dd5f0106dbec9fd6c27.cnf.xz,H,mit,0,0.115,65682,1,638709,b28ec1b50de7e6fbef1779f53d50f448df3de8ac
1fb646d2657b6dd5f0106dbec9fd6c27.cnf.xz,H,mclique,0,0.114,65682,1,638709,b28ec1b50de7e6fbef1779f53d50f448df3de8ac
1fb646d2657b6dd5f0106dbec9fd6c27.cnf.xz,H,cliques,0,0.114,65682,1,638709,b28ec1b50de7e6fbef1779f53d50f448df3de8ac
266e890b706cf336378bf148bbda1aff.cnf.xz,H,mit,0,0.415,11715,1,176156,b28ec1b50de7e6fbef1779f53d50f448df3de8ac
266e890b706cf336378bf148bbda1aff.cnf.xz,H,mclique,0,0.415,11715,1,176156,b28ec1b50de7e6fbef1779f53d50f448df3de8ac
266e890b706cf336378bf148bbda1aff.cnf.xz,H,cliques,0,0.415,11715,1,176156,b28ec1b50de7e6fbef1779f53d50f448df3de8ac
28dcc4119e1bbb5fbd3fdd8f4140f28d.cnf.xz,H,mit,0,0.064,8933,7683,32272,a5f239820dd693d3603189f9dfadfbb7ba55681d
28dcc4119e1bbb5fbd3fdd8f4140f28d.cnf.xz,H,mclique,0,0.064,8933,7683,32272,a5f239820dd693d3603189f9dfadfbb7ba55681d
28dcc4119e1bbb5fbd3fdd8f4140f28d.cnf.xz,H,cliques,0,0.064,8933,7683,32272,a5f239820dd693d3603189f9dfadfbb7ba55681d
2b7e863462991fd008f9898eca63ebf4.cnf.xz,H,mit,0,9.048,803227,764043,1043930,44554af9af2fee52d5f2a10eb0f060fa2335958c
2b7e863462991fd008f9898eca63ebf4.cnf.xz,H,mclique,0,8.747,803227,764043,1043930,44554af9af2fee52d5f2a10eb0f060fa2335958c
2b7e863462991fd008f9898eca63ebf4.cnf.xz,H,cliques,0,8.650,803227,764043,1043930,44554af9af2fee52d5f2a10eb0f060fa2335958c
306a29e966fa6293d407bc7ebbc3ecb1.cnf.xz,H,mit,0,13.916,360625,1,13416447,b28ec1b50de7e6fbef1779f53d50f448df3de8ac
306a29e966fa6293d407bc7ebbc3ecb1.cnf.xz,H,mclique,0,13.972,360625,1,13416447,b28ec1b50de7e6fbef1779f53d50f448df3de8ac
306a29e966fa6293d407bc7ebbc3ecb1.cnf.xz,H,cliques,0,13.269,360625,1,13416447,b28ec1b50de7e6fbef1779f53d50f448df3de8ac
35e0b5a19c88961d98dd806e805759f4.cnf.xz,H,mit,0,0.415,16401,1,510738,b28ec1b50de7e6fbef1779f53d50f448df3de8ac
35e0b5a19c88961d98dd806e805759f4.cnf.xz,H,mclique,0,0.466,16401,1,510738,b28ec1b50de7e6fbef1779f53d50f448df3de8ac
35e0b5a19c88961d98dd806e805759f4.cnf.xz,H,cliques,0,0.415,16401,1,510738,b28ec1b50de7e6fbef1779f53d50f448df3de8ac
3c4ac805726d78a869ff8116ee3533db.cnf.xz,H,mit,0,0.008,2030,1,14414,b28ec1b50de7e6fbef1779f53d50f448df3de8ac
3c4ac805726d78a869ff8116ee3533db.cnf.xz,H,mclique,0,0.008,2030,1,14414,b28ec1b50de7e6fbef1779f53d50f448df3de8ac
3c4ac805726d78a869ff8116ee3533db.cnf.xz,H,cliques,0,0.008,2030,1,14414,b28ec1b50de7e6fbef1779f53d50f448df3de8ac
43d40ced32b5be08814ef24f97379654.cnf.xz,H,mit,0,0.008,2850,1,9385,b28ec1b50de7e6fbef1779f53d50f448df3de8ac
43d40ced32b5be08814ef24f97379654.cnf.xz,H,mclique,0,0.008,2850,1,9385,b28ec1b50de7e6fbef1779f53d50f448df3de8ac
43d40ced32b5be08814ef24f97379654.cnf.xz,H,cliques,0,0.008,2850,1,9385,b28ec1b50de7e6fbef1779f53d50f448df3de8ac
44452f4bac1e77157bbc900c5cc0756d.cnf.xz,H,mit,0,0.265,210064,194794,240696,4a4e866727a42734fd40863ba60f657b287c2bb3
44452f4bac1e77157bbc900c5cc0756d.cnf.xz,H,mclique,0,0.265,210064,194794,240696,4a4e866727a42734fd40863ba60f657b287c2bb3
44452f4bac1e77157bbc900c5cc0756d.cnf.xz,H,cliques,0,0.265,210064,194794,240696,4a4e866727a42734fd40863ba60f657b287c2bb3
58eaf62034046ed4fc52562869569b44.cnf.xz,H,mit,0,1.118,32021,1,1172841,b28ec1b50de7e6fbef1779f53d50f448df3de8ac
58eaf62034046ed4fc52562869569b44.cnf.xz,H,mclique,0,1.119,32021,1,1172841,b28ec1b50de7e6fbef1779f53d50f448df3de8ac
58eaf62034046ed4fc52562869569b44.cnf.xz,H,cliques,0,1.067,32021,1,1172841,b28ec1b50de7e6fbef1779f53d50f448df3de8ac
5d02aa18eac7304c705577f1cce07784.cnf.xz,H,mit,0,0.767,247840,203610,808271,77e0b7b37043ec9ddd62ade96d36bcfd363fcbe7
5d02aa18eac7304c705577f1cce07784.cnf.xz,H,mclique,0,0.767,247840,203610,808271,77e0b7b37043ec9ddd62ade96d36bcfd363fcbe7
5d02aa18eac7304c705577f1cce07784.cnf.xz,H,cliques,0,0.767,247840,203610,808271,77e0b7b37043ec9ddd62ade96d36bcfd363fcbe7
5d06225b27017e9a703f10cb577cf3bf.cnf.xz,H,mit,0,0.064,17432,1,170238,b28ec1b50de7e6fbef1779f53d50f448df3de8ac
5d06225b27017e9a703f10cb577cf3bf.cnf.xz,H,mclique,0,0.064,17432,1,170238,b28ec1b50de7e6fbef1779f53d50f448df3de8ac
5d06225b27017e9a703f10cb577cf3bf.cnf.xz,H,cliques,0,0.064,17432,1,170238,b28ec1b50de7e6fbef1779f53d50f448df3de8ac
5d8b47745dba3fe50f9c8712be389cd5.cnf.xz,H,mit,0,4.883,55525,1,1315138,b28ec1b50de7e6fbef1779f53d50f448df3de8ac
5d8b47745dba3fe50f9c8712be389cd5.cnf.xz,H,mclique,0,5.283,55525,1,1315138,b28ec1b50de7e6fbef1779f53d50f448df3de8ac
5d8b47745dba3fe50f9c8712be389cd5.cnf.xz,H,cliques,0,4.790,55525,1,1315138,b28ec1b50de7e6fbef1779f53d50f448df3de8ac
65bf849f3e86ab275e339934f4d140a0.cnf.xz,H,mit,0,0.315,208955,191315,1205780,3dd7243a5554eb000b508ca065e87cd9ec7bb71d
65bf849f3e86ab275e339934f4d140a0.cnf.xz,H,mclique,0,0.315,208955,1,756533,b28ec1b50de7e6fbef1779f53d50f448df3de8ac
65bf849f3e86ab275e339934f4d140a0.cnf.xz,H,cliques,0,0.265,208955,38808,2135301,d9c3099e7f3494f1c42ed2ff2068befde32d3719
6ddda96839bb24cd7389d5556d3ab16d.cnf.xz,H,mit,0,24.004,562074,392022,9404064,d0cebc0645fe9b224fc8a525a4465864b7602339
6ddda96839bb24cd7389d5556d3ab16d.cnf.xz,H,mclique,0,0.917,562074,1,4044062,b28ec1b50de7e6fbef1779f53d50f448df3de8ac
6ddda96839bb24cd7389d5556d3ab16d.cnf.xz,H,cliques,0,0.968,562074,1,4044062,b28ec1b50de7e6fbef1779f53d50f448df3de8ac
71849248b47db583f56e77f55f31e525.cnf.xz,H,mit,0,0.567,455260,1,1637473,b28ec1b50de7e6fbef1779f53d50f448df3de8ac
71849248b47db583f56e77f55f31e525.cnf.xz,H,mclique,0,0.516,455260,1,1637473,b28ec1b50de7e6fbef1779f53d50f448df3de8ac
71849248b47db583f56e77f55f31e525.cnf.xz,H,cliques,0,0.516,455260,1,1637473,b28ec1b50de7e6fbef1779f53d50f448df3de8ac
757d64688ac60cba697a980dfbbf5075.cnf.xz,H,mit,0,0.265,245882,1,790749,b28ec1b50de7e6fbef1779f53d50f448df3de8ac
757d64688ac60cba697a980dfbbf5075.cnf.xz,H,mclique,0,0.265,245882,1,790749,b28ec1b50de7e6fbef1779f53d50f448df3de8ac
757d64688ac60cba697a980dfbbf5075.cnf.xz,H,cliques,0,0.265,245882,1,790749,b28ec1b50de7e6fbef1779f53d50f448df3de8ac
7b9620b5d7da55bda43595fe37867acd.cnf.xz,H,mit,0,0.718,604890,1,2269463,b28ec1b50de7e6fbef1779f53d50f448df3de8ac
7b9620b5d7da55bda43595fe37867acd.cnf.xz,H,mclique,0,0.768,604890,1,2269463,b28ec1b50de7e6fbef1779f53d50f448df3de8ac
7b9620b5d7da55bda43595fe37867acd.cnf.xz,H,cliques,0,0.817,604890,1,2269463,b28ec1b50de7e6fbef1779f53d50f448df3de8ac
8117a2ac08e1acf52f660663efe2a5ca.cnf.xz,H,mit,0,0.008,1127,1127,0,a30ef2b3f5d30cae8f46df51393c21d5d61e51ed
8117a2ac08e1acf52f660663efe2a5ca.cnf.xz,H,mclique,0,0.008,1127,1127,0,a30ef2b3f5d30cae8f46df51393c21d5d61e51ed
8117a2ac08e1acf52f660663efe2a5ca.cnf.xz,H,cliques,0,0.008,1127,1127,0,a30ef2b3f5d30cae8f46df51393c21d5d61e51ed
860788f93fb766e83e00a29de84180e7.cnf.xz,H,mit,0,0.867,19652,1,368075,b28ec1b50de7e6fbef1779f53d50f448df3de8ac
860788f93fb766e83e00a29de84180e7.cnf.xz,H,mclique,0,0.817,19652,1,368075,b28ec1b50de7e6fbef1779f53d50f448df3de8ac
860788f93fb766e83e00a29de84180e7.cnf.xz,H,cliques,0,0.817,19652,1,368075,b28ec1b50de7e6fbef1779f53d50f448df3de8ac
92b22042a950db2a9841f08d169d1bb5.cnf.xz,H,mit,0,0.566,497790,1,1734073,b28ec1b50de7e6fbef1779f53d50f448df3de8ac
92b22042a950db2a9841f08d169d1bb5.cnf.xz,H,mclique,0,0.566,497790,1,1734073,b28ec1b50de7e6fbef1779f53d50f448df3de8ac
92b22042a950db2a9841f08d169d1bb5.cnf.xz,H,cliques,0,0.617,497790,1,1734073,b28ec1b50de7e6fbef1779f53d50f448df3de8ac
9ba8145e0d02318dea5507fc3ba03472.cnf.xz,H,mit,0,23.505,4611150,3489290,12654102,372950782f9df17bee91e0d8ffc11f6fb6234952
9ba8145e0d02318dea5507fc3ba03472.cnf.xz,H,mclique,TOPE,60.032,4611150,,,
9ba8145e0d02318dea5507fc3ba03472.cnf.xz,H,cliques,0,20.258,4611150,3489290,12654102,788a9cac3257ecc2b52492ba0612518d372e31cb
a7e5d03892a17e51e22b688f51cf0aab.cnf.xz,H,mit,0,2.024,33140,1,724477,b28ec1b50de7e6fbef1779f53d50f448df3de8ac
a7e5d03892a17e51e22b688f51cf0aab.cnf.xz,H,mclique,0,2.121,33140,1,724477,b28ec1b50de7e6fbef1779f53d50f448df3de8ac
a7e5d03892a17e51e22b688f51cf0aab.cnf.xz,H,cliques,0,1.975,33140,1,724477,b28ec1b50de7e6fbef1779f53d50f448df3de8ac
a95f0373ebf724f474fcc9ccd7197bd9.cnf.xz,H,mit,0,0.115,109922,1,529749,b28ec1b50de7e6fbef1779f53d50f448df3de8ac
a95f0373ebf724f474fcc9ccd7197bd9.cnf.xz,H,mclique,0,0.114,109922,1,529749,b28ec1b50de7e6fbef1779f53d50f448df3de8ac
a95f0373ebf724f474fcc9ccd7197bd9.cnf.xz,H,cliques,0,0.115,109922,1,529749,b28ec1b50de7e6fbef1779f53d50f448df3de8ac
aa4e80476e6a6ea1034e303e6b2e46dc.cnf.xz,H,mit,0,0.415,375450,1,1444273,b28ec1b50de7e6fbef1779f53d50f448df3de8ac
aa4e80476e6a6ea1034e303e6b2e46dc.cnf.xz,H,mclique,0,0.365,375450,1,1444273,b28ec1b50de7e6fbef1779f53d50f448df3de8ac
aa4e80476e6a6ea1034e303e6b2e46dc.cnf.xz,H,cliques,0,0.415,375450,1,1444273,b28ec1b50de7e6fbef1779f53d50f448df3de8ac
b0142b06940fb02e2b4ddb7a2101a3d6.cnf.xz,H,mit,0,0.064,4011,1,90061,b28ec1b50de7e6fbef1779f53d50f448df3de8ac
b0142b06940fb02e2b4ddb7a2101a3d6.cnf.xz,H,mclique,0,0.114,4011,1,90061,b28ec1b50de7e6fbef1779f53d50f448df3de8ac
b0142b06940fb02e2b4ddb7a2101a3d6.cnf.xz,H,cliques,0,0.064,4011,1,90061,b28ec1b50de7e6fbef1779f53d50f448df3de8ac
b0abaa97c4663edc2048d86de3e2b226.cnf.xz,H,mit,0,23.912,219007,241279,8184299,865225f915f86eb3efe50652073a95324e9a1171
b0abaa97c4663edc2048d86de3e2b226.cnf.xz,H,mclique,0,23.712,219007,241279,8184299,865225f915f86eb3efe50652073a95324e9a1171
b0abaa97c4663edc2048d86de3e2b226.cnf.xz,H,cliques,0,21.852,219007,241279,8184299,865225f915f86eb3efe50652073a95324e9a1171
b1c44904cf06682f973b60c8282f45e8.cnf.xz,H,mit,0,0.008,3239,3269,288,3b8ca40d21ab26f60cd1d17de8466c14aae492e3
b1c44904cf06682f973b60c8282f45e8.cnf.xz,H,mclique,0,0.008,3239,3269,288,3b8ca40d21ab26f60cd1d17de8466c14aae492e3
b1c44904cf06682f973b60c8282f45e8.cnf.xz,H,cliques,0,0.008,3239,3269,288,3b8ca40d21ab26f60cd1d17de8466c14aae492e3
bcdc894819cf050e57849fe84a1e8cc4.cnf.xz,H,mit,0,0.164,202202,1,382989,b28ec1b50de7e6fbef1779f53d50f448df3de8ac
bcdc894819cf050e57849fe84a1e8cc4.cnf.xz,H,mclique,0,0.215,202202,1,382989,b28ec1b50de7e6fbef1779f53d50f448df3de8ac
bcdc894819cf050e57849fe84a1e8cc4.cnf.xz,H,cliques,0,0.215,202202,1,382989,b28ec1b50de7e6fbef1779f53d50f448df3de8ac
c44762c4b177ac64fd0919f37de8382e.cnf.xz,H,mit,0,0.265,10430,1,169254,b28ec1b50de7e6fbef1779f53d50f448df3de8ac
c44762c4b177ac64fd0919f37de8382e.cnf.xz,H,mclique,0,0.315,10430,1,169254,b28ec1b50de7e6fbef1779f53d50f448df3de8ac
c44762c4b177ac64fd0919f37de8382e.cnf.xz,H,cliques,0,0.315,10430,1,169254,b28ec1b50de7e6fbef1779f53d50f448df3de8ac
cb2e8b7fada420c5046f587ea754d052.cnf.xz,H,mit,0,0.114,3160,1,50518,b28ec1b50de7e6fbef1779f53d50f448df3de8ac
cb2e8b7fada420c5046f587ea754d052.cnf.xz,H,mclique,0,0.114,3160,1,50518,b28ec1b50de7e6fbef1779f53d50f448df3de8ac
cb2e8b7fada420c5046f587ea754d052.cnf.xz,H,cliques,0,0.115,3160,1,50518,b28ec1b50de7e6fbef1779f53d50f448df3de8ac
d27f76623aed2fce608c092b2aafafc5.cnf.xz,H,mit,0,0.717,542070,1,1830673,b28ec1b50de7e6fbef1779f53d50f448df3de8ac
d27f76623aed2fce608c092b2aafafc5.cnf.xz,H,mclique,0,0.667,542070,1,1830673,b28ec1b50de7e6fbef1779f53d50f448df3de8ac
d27f76623aed2fce608c092b2aafafc5.cnf.xz,H,cliques,0,0.666,542070,1,1830673,b28ec1b50de7e6fbef1779f53d50f448df3de8ac
e430acf720b63044e5c825a00a76b0eb.cnf.xz,H,mit,0,0.064,15375,1,468781,b28ec1b50de7e6fbef1779f53d50f448df3de8ac
e430acf720b63044e5c825a00a76b0eb.cnf.xz,H,mclique,0,0.064,15375,1,468757,b28ec1b50de7e6fbef1779f53d50f448df3de8ac
e430acf720b63044e5c825a00a76b0eb.cnf.xz,H,cliques,0,0.064,15375,1,468757,b28ec1b50de7e6fbef1779f53d50f448df3de8ac
e5787bb4c8c29aa39b14a5e11387999d.cnf.xz,H,mit,0,6.440,252490,264756,4780379,9aab7e2e788b431b7fd94a353d63953387328110
e5787bb4c8c29aa39b14a5e11387999d.cnf.xz,H,mclique,0,0.466,252490,1,2383796,b28ec1b50de7e6fbef1779f53d50f448df3de8ac
e5787bb4c8c29aa39b14a5e11387999d.cnf.xz,H,cliques,0,0.416,252490,1,2383796,b28ec1b50de7e6fbef1779f53d50f448df3de8ac
e91253303b915493090c1f4b59d9e969.cnf.xz,H,mit,0,3.927,144800,1,4198794,b28ec1b50de7e6fbef1779f53d50f448df3de8ac
e91253303b915493090c1f4b59d9e969.cnf.xz,H,mclique,0,3.676,144800,1,4198794,b28ec1b50de7e6fbef1779f53d50f448df3de8ac
e91253303b915493090c1f4b59d9e969.cnf.xz,H,cliques,0,3.576,144800,1,4198794,b28ec1b50de7e6fbef1779f53d50f448df3de8ac
f83424f869b61931d720f93e5a12df3c.cnf.xz,H,mit,0,0.016,7050,1,25309,b28ec1b50de7e6fbef1779f53d50f448df3de8ac
f83424f869b61931d720f93e5a12df3c.cnf.xz,H,mclique,0,0.008,7050,1,25309,b28ec1b50de7e6fbef1779f53d50f448df3de8ac
f83424f869b61931d720f93e5a12df3c.cnf.xz,H,cliques,0,0.016,7050,1,25309,b28ec1b50de7e6fbef1779f53d50f448df3de8ac
fbd9968f5067604694f11f14c07c5527.cnf.xz,H,mit,0,1.719,42615,1,1664601,b28ec1b50de7e6fbef1779f53d50f448df3de8ac
fbd9968f5067604694f11f14c07c5527.cnf.xz,H,mclique,0,1.819,42615,1,1664601,b28ec1b50de7e6fbef1779f53d50f448df3de8ac
fbd9968f5067604694f11f14c07c5527.cnf.xz,H,cliques,0,1.674,42615,1,1664601,b28ec1b50de7e6fbef1779f53d50f448df3de8ac
011984fd82d62d609e776fbf5de75440.cnf.xz,N,mit,0,0.016,8620,7046,38264,e40227482671914ff1171987113264a594970fb1
011984fd82d62d609e776fbf5de75440.cnf.xz,N,mclique,0,0.016,8620,7046,38264,e40227482671914ff1171987113264a594970fb1
011984fd82d62d609e776fbf5de75440.cnf.xz,N,cliques,0,0.016,8620,7046,38264,e40227482671914ff1171987113264a594970fb1
09637d3bd641b4d733666a862e8918ea.cnf.xz,N,mit,0,0.114,102387,93984,110166,619fb0a9a8ffc3ae37ef4124e36a2543c3cf74df
09637d3bd641b4d733666a862e8918ea.cnf.xz,N,mclique,0,0.114,102387,93984,110166,619fb0a9a8ffc3ae37ef4124e36a2543c3cf74df
09637d3bd641b4d733666a862e8918ea.cnf.xz,N,cliques,0,0.114,102387,93984,110166,619fb0a9a8ffc3ae37ef4124e36a2543c3cf74df
0be1e12a8e7282d1a4e389bb90f6dbc7.cnf.xz,N,mit,0,6.237,8093,8675,639187,ad952bdc55fed095d4cee1eb46fb474f8c94dc4c
0be1e12a8e7282d1a4e389bb90f6dbc7.cnf.xz,N,mclique,0,6.538,8093,8675,639187,ad952bdc55fed095d4cee1eb46fb474f8c94dc4c
0be1e12a8e7282d1a4e389bb90f6dbc7.cnf.xz,N,cliques,0,6.142,8093,8675,639187,ad952bdc55fed095d4cee1eb46fb474f8c94dc4c
0c9da400944b002f90fd385d4fdab385.cnf.xz,N,mit,0,1.571,553495,553495,0,940d7e8aac74a65244f2ee612ae3b8540af345f1
0c9da400944b002f90fd385d4fdab385.cnf.xz,N,mclique,0,1.770,553495,553495,0,940d7e8aac74a65244f2ee612ae3b8540af345f1
0c9da400944b002f90fd385d4fdab385.cnf.xz,N,cliques,0,2.224,553495,553495,0,940d7e8aac74a65244f2ee612ae3b8540af345f1
1bb9fe12b4fb50e98903ee87a51d6472.cnf.xz,N,mit,0,0.114,74581,74575,448,ffc7bcbdaeb37a02e9a411fe1df264c5a6718d48
1bb9fe12b4fb50e98903ee87a51d6472.cnf.xz,N,mclique,0,0.114,74581,74575,448,ffc7bcbdaeb37a02e9a411fe1df264c5a6718d48
1bb9fe12b4fb50e98903ee87a51d6472.cnf.xz,N,cliques,0,0.114,74581,74575,448,ffc7bcbdaeb37a02e9a411fe1df264c5a6718d48
2b8cac8e1f5cad04696004e7fbf5cf2e.cnf.xz,N,mit,0,0.666,242594,242595,980,9eb9314dde87ad4fbe923888851ca88dd8c3365c
2b8cac8e1f5cad04696004e7fbf5cf2e.cnf.xz,N,mclique,0,0.766,242594,242595,980,9eb9314dde87ad4fbe923888851ca88dd8c3365c
2b8cac8e1f5cad04696004e7fbf5cf2e.cnf.xz,N,cliques,0,1.268,242594,242595,980,9eb9314dde87ad4fbe923888851ca88dd8c3365c
4f09ef861ee74e50dc101765e1ce27fb.cnf.xz,N,mit,0,0.016,11109,10640,7594,6b17bdf9bf74bd132d89357c0ce16ae74806121b
4f09ef861ee74e50dc101765e1ce27fb.cnf.xz,N,mclique,0,0.016,11109,10640,7594,6b17bdf9bf74bd132d89357c0ce16ae74806121b
4f09ef861ee74e50dc101765e1ce27fb.cnf.xz,N,cliques,0,0.016,11109,10640,7594,6b17bdf9bf74bd132d89357c0ce16ae74806121b
543e67dd5abc272c37775b1b742a1d9a.cnf.xz,N,mit,0,1.218,542447,542447,0,790de9682b2bc86ec4626db0ff88ddfab81e66cb
543e67dd5abc272c37775b1b742a1d9a.cnf.xz,N,mclique,0,0.767,542447,542447,0,790de9682b2bc86ec4626db0ff88ddfab81e66cb
543e67dd5abc272c37775b1b742a1d9a.cnf.xz,N,cliques,0,0.717,542447,542447,0,790de9682b2bc86ec4626db0ff88ddfab81e66cb
5de866bc7ff4dfde3cd682b5aca75894.cnf.xz,N,mit,0,0.032,30726,25676,28331,1abb8f4627923af6003d4c1d19eeb3398d6c2e20
5de866bc7ff4dfde3cd682b5aca75894.cnf.xz,N,mclique,0,0.016,30726,25676,28331,1abb8f4627923af6003d4c1d19eeb3398d6c2e20
5de866bc7ff4dfde3cd682b5aca75894.cnf.xz,N,cliques,0,0.016,30726,25676,28331,1abb8f4627923af6003d4c1d19eeb3398d6c2e20
74931e82fd208ed949fa44bccd80df6b.cnf.xz,N,mit,0,5.334,855716,855716,0,795344f1f721c9714d206b7fc6fe0de1d5b9983e
74931e82fd208ed949fa44bccd80df6b.cnf.xz,N,mclique,0,4.030,855716,855716,0,795344f1f721c9714d206b7fc6fe0de1d5b9983e
74931e82fd208ed949fa44bccd80df6b.cnf.xz,N,cliques,0,4.535,855716,855716,0,795344f1f721c9714d206b7fc6fe0de1d5b9983e
8d0d8518a438d93428257d9a38863c3c.cnf.xz,N,mit,0,0.415,122177,97085,406439,d010d74aace5704e7ccc4f20c22b807f18fef979
8d0d8518a438d93428257d9a38863c3c.cnf.xz,N,mclique,0,0.365,122177,97085,406439,d010d74aace5704e7ccc4f20c22b807f18fef979
8d0d8518a438d93428257d9a38863c3c.cnf.xz,N,cliques,0,0.365,122177,97085,406439,d010d74aace5704e7ccc4f20c22b807f18fef979
91860f79f079fede859034c7d76a98a2.cnf.xz,N,mit,0,39.123,697937,698594,14273373,06abfc0fb0ba7fcafbcf54b13a25e764b9d67e74
91860f79f079fede859034c7d76a98a2.cnf.xz,N,mclique,0,40.224,697937,698594,14273373,06abfc0fb0ba7fcafbcf54b13a25e764b9d67e74
91860f79f079fede859034c7d76a98a2.cnf.xz,N,cliques,0,38.462,697937,698594,14273373,06abfc0fb0ba7fcafbcf54b13a25e764b9d67e74
920bbe559da4ea37fd636605316a791c.cnf.xz,N,mit,0,0.032,15526,15526,0,ca045c70f06bddf95ee312d9165946fd501e9734
920bbe559da4ea37fd636605316a791c.cnf.xz,N,mclique,0,0.032,15526,15526,0,ca045c70f06bddf95ee312d9165946fd501e9734
920bbe559da4ea37fd636605316a791c.cnf.xz,N,cliques,0,0.032,15526,15526,0,ca045c70f06bddf95ee312d9165946fd501e9734
a20f076f7fce54172e823c63ea7948f7.cnf.xz,N,mit,0,0.164,16640,16577,2587,f02be468ca4e4aef934838427e782c86c8f30fda
a20f076f7fce54172e823c63ea7948f7.cnf.xz,N,mclique,0,0.164,16640,16577,2587,f02be468ca4e4aef934838427e782c86c8f30fda
a20f076f7fce54172e823c63ea7948f7.cnf.xz,N,cliques,0,0.164,16640,16577,2587,f02be468ca4e4aef934838427e782c86c8f30fda
ae48df6541d190c096b1e5ba22d1b534.cnf.xz,N,mit,0,0.114,89966,89934,192,588f9be7bdfe5fcae97889f8ef8f769d5cb7dc07
ae48df6541d190c096b1e5ba22d1b534.cnf.xz,N,mclique,0,0.114,89966,89934,192,588f9be7bdfe5fcae97889f8ef8f769d5cb7dc07
ae48df6541d190c096b1e5ba22d1b534.cnf.xz,N,cliques,0,0.114,89966,89934,192,588f9be7bdfe5fcae97889f8ef8f769d5cb7dc07
ba14be209c2fc064726025f017cef17a.cnf.xz,N,mit,0,21.697,1909831,2136646,20210504,2e512d8823895f6e164b99cb13df902a7c19e84b
ba14be209c2fc064726025f017cef17a.cnf.xz,N,mclique,0,20.942,1909831,2136646,20210504,2e512d8823895f6e164b99cb13df902a7c19e84b
ba14be209c2fc064726025f017cef17a.cnf.xz,N,cliques,0,23.259,1909831,2136646,20210504,2e512d8823895f6e164b99cb13df902a7c19e84b
c557ad9cb79983b9d429c219e3cecbb8.cnf.xz,N,mit,0,1.920,3661485,821353,28061614,da849eb983ea4af5d0c9f83f665b20836ccfbb34
c557ad9cb79983b9d429c219e3cecbb8.cnf.xz,N,mclique,0,1.921,3661485,821353,28061614,da849eb983ea4af5d0c9f83f665b20836ccfbb34
c557ad9cb79983b9d429c219e3cecbb8.cnf.xz,N,cliques,0,2.021,3661485,821353,28061614,da849eb983ea4af5d0c9f83f665b20836ccfbb34
d0b5d1dc96a5bf33d2c65106c3b179a8.cnf.xz,N,mit,0,0.114,7150,8002,4923,a6625d9cbdb140359afa91984b0a44bbf267564b
d0b5d1dc96a5bf33d2c65106c3b179a8.cnf.xz,N,mclique,0,0.114,7150,8002,4923,a6625d9cbdb140359afa91984b0a44bbf267564b
d0b5d1dc96a5bf33d2c65106c3b179a8.cnf.xz,N,cliques,0,0.114,7150,8002,4923,a6625d9cbdb140359afa91984b0a44bbf267564b
f2c6d035d0aa58cc06927af6be7a821f.cnf.xz,N,mit,0,2.021,2735974,1296630,19109110,61e643d98c3ff2921cc8e1ec09668af6fa0db3ce
f2c6d035d0aa58cc06927af6be7a821f.cnf.xz,N,mclique,0,1.871,2735974,1296630,19109110,61e643d98c3ff2921cc8e1ec09668af6fa0db3ce
f2c6d035d0aa58cc06927af6be7a821f.cnf.xz,N,cliques,0,2.022,2735974,1296630,19109110,61e643d98c3ff2921cc8e1ec09668af6fa0db3ce
f497bda3018958d7ba2d1cd99da3982e.cnf.xz,N,mit,0,0.032,21816,28416,38907,c790ae50bbaf209bc86af457e69c4d295841ca8d
f497bda3018958d7ba2d1cd99da3982e.cnf.xz,N,mclique,0,0.032,21816,28416,38907,c790ae50bbaf209bc86af457e69c4d295841ca8d
f497bda3018958d7ba2d1cd99da3982e.cnf.xz,N,cliques,0,0.032,21816,28416,38907,c790ae50bbaf209bc86af457e69c4d295841ca8d
f52a349677a5b5b5315b5954b3181fe3.cnf.xz,N,mit,0,15.476,1432755,1833214,18798968,8811c1af9ffae6a0fac15f24d5bce2280f1c3127
f52a349677a5b5b5315b5954b3181fe3.cnf.xz,N,mclique,0,15.776,1432755,1833214,18798968,599dad4645838ffe490024588657c2e5ab1eedec
f52a349677a5b5b5315b5954b3181fe3.cnf.xz,N,cliques,0,16.087,1432755,1833214,18798968,599dad4645838ffe490024588657c2e5ab1eedec
f8443057c188f6c9cfb711ff3d4aa6ff.cnf.xz,N,mit,0,1.470,105706,105706,0,33850bc158951d0ff50eb81f1e57774dfb10df15
f8443057c188f6c9cfb711ff3d4aa6ff.cnf.xz,N,mclique,0,1.521,105706,105706,0,33850bc158951d0ff50eb81f1e57774dfb10df15
f8443057c188f6c9cfb711ff3d4aa6ff.cnf.xz,N,cliques,0,1.469,105706,105706,0,33850bc158951d0ff50eb81f1e57774dfb10df15
09e0775d2b51c49ec1ec4d214ee7c8c8.cnf.xz,X,mit,0,1.320,339679,339680,1116,9836c90dbf1be680c73c3ddb2aba393d65e13392
09e0775d2b51c49ec1ec4d214ee7c8c8.cnf.xz,X,mclique,0,1.270,339679,339680,1116,9836c90dbf1be680c73c3ddb2aba393d65e13392
09e0775d2b51c49ec1ec4d214ee7c8c8.cnf.xz,X,cliques,0,1.318,339679,339680,1116,9836c90dbf1be680c73c3ddb2aba393d65e13392
37fa67bd34cc613f3fc6954cdee943c1.cnf.xz,X,mit,0,0.165,78594,82182,63684,b2906086e4d5d0c514a72b24528a02e35c827367
37fa67bd34cc613f3fc6954cdee943c1.cnf.xz,X,mclique,0,0.165,78594,82182,63684,b2906086e4d5d0c514a72b24528a02e35c827367
37fa67bd34cc613f3fc6954cdee943c1.cnf.xz,X,cliques,0,0.215,78594,82182,63684,b2906086e4d5d0c514a72b24528a02e35c827367
77bfac6b280653e63013f77d0991484e.cnf.xz,X,mit,0,17.130,4688613,3525345,19906108,bf6e36ef758092e0ad332c6ea9a0535107a519e9
77bfac6b280653e63013f77d0991484e.cnf.xz,X,mclique,0,17.432,4688613,3525345,19906108,bf6e36ef758092e0ad332c6ea9a0535107a519e9
77bfac6b280653e63013f77d0991484e.cnf.xz,X,cliques,0,17.032,4688613,3525345,19906108,bf6e36ef758092e0ad332c6ea9a0535107a519e9
7d311f620f4ebc4adf8f4079899750eb.cnf.xz,X,mit,0,0.008,4941,4061,5081,a82dab505cdebc567739cb570b9abc1c34134aef
7d311f620f4ebc4adf8f4079899750eb.cnf.xz,X,mclique,0,0.008,4941,4061,5081,a82dab505cdebc567739cb570b9abc1c34134aef
7d311f620f4ebc4adf8f4079899750eb.cnf.xz,X,cliques,0,0.008,4941,4061,5081,a82dab505cdebc567739cb570b9abc1c34134aef
97af3e49faef7cf67794928b6690b67c.cnf.xz,X,mit,0,44.690,635898,401373,67930042,1ef8dde362819fcc051f536a1f683eced83889a5
97af3e49faef7cf67794928b6690b67c.cnf.xz,X,mclique,0,44.184,635898,401373,67930042,1ef8dde362819fcc051f536a1f683eced83889a5
97af3e49faef7cf67794928b6690b67c.cnf.xz,X,cliques,0,44.811,635898,401373,67930042,1ef8dde362819fcc051f536a1f683eced83889a5
e67d733d9938c565d6359002333611ff.cnf.xz,X,mit,0,0.016,13501,13446,748,6a369eee76a879f31ff07c07bb15af31699163c1
e67d733d9938c565d6359002333611ff.cnf.xz,X,mclique,0,0.016,13501,13446,748,6a369eee76a879f31ff07c07bb15af31699163c1
e67d733d9938c565d6359002333611ff.cnf.xz,X,cliques,0,0.016,13501,13446,748,6a369eee76a879f31ff07c07bb15af31699163c1
fca71c20202ef404349136c3a00465eb.cnf.xz,X,mit,0,0.315,33572,31996,58823,43dde46744a80a864d083db8a8c4060288c41a80
fca71c20202ef404349136c3a00465eb.cnf.xz,X,mclique,0,0.315,33572,31996,58823,43dde46744a80a864d083db8a8c4060288c41a80
fca71c20202ef404349136c3a00465eb.cnf.xz,X,cliques,0,0.315,33572,31996,58823,43dde46744a80a864d083db8a8c4060288c41a80
