instance,family,status,exit_code,xz_s,wall_s,fase,segundos,porcentaje,conflicts,propagations,kissat_sha1,profile,timeout,conflicts_budget
09e0775d2b51c49ec1ec4d214ee7c8c8.cnf.xz,ntil,UNKNOWN,0,0.035,10.893,search,5.58,51.35,200000,7588706,28b587cf6ecf,3,200,200000
09e0775d2b51c49ec1ec4d214ee7c8c8.cnf.xz,ntil,UNKNOWN,0,0.035,10.893,probe,4.87,44.85,200000,7588706,28b587cf6ecf,3,200,200000
09e0775d2b51c49ec1ec4d214ee7c8c8.cnf.xz,ntil,UNKNOWN,0,0.035,10.893,factor,3.7,34.06,200000,7588706,28b587cf6ecf,3,200,200000
09e0775d2b51c49ec1ec4d214ee7c8c8.cnf.xz,ntil,UNKNOWN,0,0.035,10.893,preprocess,3.58,32.97,200000,7588706,28b587cf6ecf,3,200,200000
09e0775d2b51c49ec1ec4d214ee7c8c8.cnf.xz,ntil,UNKNOWN,0,0.035,10.893,focused,3.18,29.3,200000,7588706,28b587cf6ecf,3,200,200000
09e0775d2b51c49ec1ec4d214ee7c8c8.cnf.xz,ntil,UNKNOWN,0,0.035,10.893,stable,2.39,22.05,200000,7588706,28b587cf6ecf,3,200,200000
09e0775d2b51c49ec1ec4d214ee7c8c8.cnf.xz,ntil,UNKNOWN,0,0.035,10.893,simplify,1.66,15.32,200000,7588706,28b587cf6ecf,3,200,200000
09e0775d2b51c49ec1ec4d214ee7c8c8.cnf.xz,ntil,UNKNOWN,0,0.035,10.893,analyze,1.57,14.47,200000,7588706,28b587cf6ecf,3,200,200000
09e0775d2b51c49ec1ec4d214ee7c8c8.cnf.xz,ntil,UNKNOWN,0,0.035,10.893,vivify,0.66,6.12,200000,7588706,28b587cf6ecf,3,200,200000
09e0775d2b51c49ec1ec4d214ee7c8c8.cnf.xz,ntil,UNKNOWN,0,0.035,10.893,shrink,0.43,3.97,200000,7588706,28b587cf6ecf,3,200,200000
09e0775d2b51c49ec1ec4d214ee7c8c8.cnf.xz,ntil,UNKNOWN,0,0.035,10.893,eliminate,0.34,3.11,200000,7588706,28b587cf6ecf,3,200,200000
09e0775d2b51c49ec1ec4d214ee7c8c8.cnf.xz,ntil,UNKNOWN,0,0.035,10.893,deduce,0.27,2.49,200000,7588706,28b587cf6ecf,3,200,200000
09e0775d2b51c49ec1ec4d214ee7c8c8.cnf.xz,ntil,UNKNOWN,0,0.035,10.893,bump,0.27,2.49,200000,7588706,28b587cf6ecf,3,200,200000
09e0775d2b51c49ec1ec4d214ee7c8c8.cnf.xz,ntil,UNKNOWN,0,0.035,10.893,vivify1,0.26,2.42,200000,7588706,28b587cf6ecf,3,200,200000
09e0775d2b51c49ec1ec4d214ee7c8c8.cnf.xz,ntil,UNKNOWN,0,0.035,10.893,subsume,0.24,2.17,200000,7588706,28b587cf6ecf,3,200,200000
09e0775d2b51c49ec1ec4d214ee7c8c8.cnf.xz,ntil,UNKNOWN,0,0.035,10.893,substitute,0.22,2.04,200000,7588706,28b587cf6ecf,3,200,200000
09e0775d2b51c49ec1ec4d214ee7c8c8.cnf.xz,ntil,UNKNOWN,0,0.035,10.893,vivify2,0.21,1.93,200000,7588706,28b587cf6ecf,3,200,200000
09e0775d2b51c49ec1ec4d214ee7c8c8.cnf.xz,ntil,UNKNOWN,0,0.035,10.893,reduce,0.2,1.88,200000,7588706,28b587cf6ecf,3,200,200000
09e0775d2b51c49ec1ec4d214ee7c8c8.cnf.xz,ntil,UNKNOWN,0,0.035,10.893,collect,0.2,1.84,200000,7588706,28b587cf6ecf,3,200,200000
09e0775d2b51c49ec1ec4d214ee7c8c8.cnf.xz,ntil,UNKNOWN,0,0.035,10.893,sweep,0.14,1.25,200000,7588706,28b587cf6ecf,3,200,200000
09e0775d2b51c49ec1ec4d214ee7c8c8.cnf.xz,ntil,UNKNOWN,0,0.035,10.893,congruence,0.13,1.23,200000,7588706,28b587cf6ecf,3,200,200000
09e0775d2b51c49ec1ec4d214ee7c8c8.cnf.xz,ntil,UNKNOWN,0,0.035,10.893,extract,0.13,1.22,200000,7588706,28b587cf6ecf,3,200,200000
09e0775d2b51c49ec1ec4d214ee7c8c8.cnf.xz,ntil,UNKNOWN,0,0.035,10.893,vivify3,0.12,1.15,200000,7588706,28b587cf6ecf,3,200,200000
09e0775d2b51c49ec1ec4d214ee7c8c8.cnf.xz,ntil,UNKNOWN,0,0.035,10.893,vivify0,0.07,0.62,200000,7588706,28b587cf6ecf,3,200,200000
09e0775d2b51c49ec1ec4d214ee7c8c8.cnf.xz,ntil,UNKNOWN,0,0.035,10.893,extractbinaries,0.07,0.6,200000,7588706,28b587cf6ecf,3,200,200000
09e0775d2b51c49ec1ec4d214ee7c8c8.cnf.xz,ntil,UNKNOWN,0,0.035,10.893,minimize,0.06,0.58,200000,7588706,28b587cf6ecf,3,200,200000
09e0775d2b51c49ec1ec4d214ee7c8c8.cnf.xz,ntil,UNKNOWN,0,0.035,10.893,extractxors,0.04,0.34,200000,7588706,28b587cf6ecf,3,200,200000
09e0775d2b51c49ec1ec4d214ee7c8c8.cnf.xz,ntil,UNKNOWN,0,0.035,10.893,walking,0.04,0.33,200000,7588706,28b587cf6ecf,3,200,200000
09e0775d2b51c49ec1ec4d214ee7c8c8.cnf.xz,ntil,UNKNOWN,0,0.035,10.893,parse,0.03,0.31,200000,7588706,28b587cf6ecf,3,200,200000
09e0775d2b51c49ec1ec4d214ee7c8c8.cnf.xz,ntil,UNKNOWN,0,0.035,10.893,sweepbackbone,0.03,0.23,200000,7588706,28b587cf6ecf,3,200,200000
09e0775d2b51c49ec1ec4d214ee7c8c8.cnf.xz,ntil,UNKNOWN,0,0.035,10.893,sweepequivalences,0.02,0.21,200000,7588706,28b587cf6ecf,3,200,200000
09e0775d2b51c49ec1ec4d214ee7c8c8.cnf.xz,ntil,UNKNOWN,0,0.035,10.893,reorder,0.02,0.14,200000,7588706,28b587cf6ecf,3,200,200000
09e0775d2b51c49ec1ec4d214ee7c8c8.cnf.xz,ntil,UNKNOWN,0,0.035,10.893,transitive,0.01,0.13,200000,7588706,28b587cf6ecf,3,200,200000
09e0775d2b51c49ec1ec4d214ee7c8c8.cnf.xz,ntil,UNKNOWN,0,0.035,10.893,extractites,0.01,0.09,200000,7588706,28b587cf6ecf,3,200,200000
09e0775d2b51c49ec1ec4d214ee7c8c8.cnf.xz,ntil,UNKNOWN,0,0.035,10.893,definition,0.01,0.07,200000,7588706,28b587cf6ecf,3,200,200000
09e0775d2b51c49ec1ec4d214ee7c8c8.cnf.xz,ntil,UNKNOWN,0,0.035,10.893,extractands,0.01,0.05,200000,7588706,28b587cf6ecf,3,200,200000
09e0775d2b51c49ec1ec4d214ee7c8c8.cnf.xz,ntil,UNKNOWN,0,0.035,10.893,lucky,0.01,0.05,200000,7588706,28b587cf6ecf,3,200,200000
09e0775d2b51c49ec1ec4d214ee7c8c8.cnf.xz,ntil,UNKNOWN,0,0.035,10.893,warmup,0.0,0.02,200000,7588706,28b587cf6ecf,3,200,200000
09e0775d2b51c49ec1ec4d214ee7c8c8.cnf.xz,ntil,UNKNOWN,0,0.035,10.893,backbone,0.0,0.02,200000,7588706,28b587cf6ecf,3,200,200000
09e0775d2b51c49ec1ec4d214ee7c8c8.cnf.xz,ntil,UNKNOWN,0,0.035,10.893,restart,0.0,0.01,200000,7588706,28b587cf6ecf,3,200,200000
09e0775d2b51c49ec1ec4d214ee7c8c8.cnf.xz,ntil,UNKNOWN,0,0.035,10.893,defrag,0.0,0.01,200000,7588706,28b587cf6ecf,3,200,200000
09e0775d2b51c49ec1ec4d214ee7c8c8.cnf.xz,ntil,UNKNOWN,0,0.035,10.893,rephase,0.0,0.0,200000,7588706,28b587cf6ecf,3,200,200000
09e0775d2b51c49ec1ec4d214ee7c8c8.cnf.xz,ntil,UNKNOWN,0,0.035,10.893,merge,0.0,0.0,200000,7588706,28b587cf6ecf,3,200,200000
09e0775d2b51c49ec1ec4d214ee7c8c8.cnf.xz,ntil,UNKNOWN,0,0.035,10.893,total,10.86,100.0,200000,7588706,28b587cf6ecf,3,200,200000
0be1e12a8e7282d1a4e389bb90f6dbc7.cnf.xz,or_randxor,UNKNOWN,0,0.006,4.143,search,3.68,88.91,200001,13957899,28b587cf6ecf,3,200,200000
0be1e12a8e7282d1a4e389bb90f6dbc7.cnf.xz,or_randxor,UNKNOWN,0,0.006,4.143,focused,2.0,48.46,200001,13957899,28b587cf6ecf,3,200,200000
0be1e12a8e7282d1a4e389bb90f6dbc7.cnf.xz,or_randxor,UNKNOWN,0,0.006,4.143,stable,1.67,40.45,200001,13957899,28b587cf6ecf,3,200,200000
0be1e12a8e7282d1a4e389bb90f6dbc7.cnf.xz,or_randxor,UNKNOWN,0,0.006,4.143,analyze,1.33,32.21,200001,13957899,28b587cf6ecf,3,200,200000
0be1e12a8e7282d1a4e389bb90f6dbc7.cnf.xz,or_randxor,UNKNOWN,0,0.006,4.143,probe,0.42,10.26,200001,13957899,28b587cf6ecf,3,200,200000
0be1e12a8e7282d1a4e389bb90f6dbc7.cnf.xz,or_randxor,UNKNOWN,0,0.006,4.143,simplify,0.42,10.13,200001,13957899,28b587cf6ecf,3,200,200000
0be1e12a8e7282d1a4e389bb90f6dbc7.cnf.xz,or_randxor,UNKNOWN,0,0.006,4.143,deduce,0.33,7.88,200001,13957899,28b587cf6ecf,3,200,200000
0be1e12a8e7282d1a4e389bb90f6dbc7.cnf.xz,or_randxor,UNKNOWN,0,0.006,4.143,shrink,0.27,6.58,200001,13957899,28b587cf6ecf,3,200,200000
0be1e12a8e7282d1a4e389bb90f6dbc7.cnf.xz,or_randxor,UNKNOWN,0,0.006,4.143,bump,0.23,5.47,200001,13957899,28b587cf6ecf,3,200,200000
0be1e12a8e7282d1a4e389bb90f6dbc7.cnf.xz,or_randxor,UNKNOWN,0,0.006,4.143,vivify,0.21,5.0,200001,13957899,28b587cf6ecf,3,200,200000
0be1e12a8e7282d1a4e389bb90f6dbc7.cnf.xz,or_randxor,UNKNOWN,0,0.006,4.143,sweep,0.19,4.55,200001,13957899,28b587cf6ecf,3,200,200000
0be1e12a8e7282d1a4e389bb90f6dbc7.cnf.xz,or_randxor,UNKNOWN,0,0.006,4.143,vivify2,0.09,2.28,200001,13957899,28b587cf6ecf,3,200,200000
0be1e12a8e7282d1a4e389bb90f6dbc7.cnf.xz,or_randxor,UNKNOWN,0,0.006,4.143,vivify3,0.09,2.26,200001,13957899,28b587cf6ecf,3,200,200000
0be1e12a8e7282d1a4e389bb90f6dbc7.cnf.xz,or_randxor,UNKNOWN,0,0.006,4.143,sweepbackbone,0.08,2.0,200001,13957899,28b587cf6ecf,3,200,200000
0be1e12a8e7282d1a4e389bb90f6dbc7.cnf.xz,or_randxor,UNKNOWN,0,0.006,4.143,sweepequivalences,0.06,1.47,200001,13957899,28b587cf6ecf,3,200,200000
0be1e12a8e7282d1a4e389bb90f6dbc7.cnf.xz,or_randxor,UNKNOWN,0,0.006,4.143,minimize,0.05,1.32,200001,13957899,28b587cf6ecf,3,200,200000
0be1e12a8e7282d1a4e389bb90f6dbc7.cnf.xz,or_randxor,UNKNOWN,0,0.006,4.143,preprocess,0.04,0.85,200001,13957899,28b587cf6ecf,3,200,200000
0be1e12a8e7282d1a4e389bb90f6dbc7.cnf.xz,or_randxor,UNKNOWN,0,0.006,4.143,reduce,0.03,0.72,200001,13957899,28b587cf6ecf,3,200,200000
0be1e12a8e7282d1a4e389bb90f6dbc7.cnf.xz,or_randxor,UNKNOWN,0,0.006,4.143,collect,0.02,0.55,200001,13957899,28b587cf6ecf,3,200,200000
0be1e12a8e7282d1a4e389bb90f6dbc7.cnf.xz,or_randxor,UNKNOWN,0,0.006,4.143,eliminate,0.02,0.43,200001,13957899,28b587cf6ecf,3,200,200000
0be1e12a8e7282d1a4e389bb90f6dbc7.cnf.xz,or_randxor,UNKNOWN,0,0.006,4.143,factor,0.01,0.34,200001,13957899,28b587cf6ecf,3,200,200000
0be1e12a8e7282d1a4e389bb90f6dbc7.cnf.xz,or_randxor,UNKNOWN,0,0.006,4.143,vivify1,0.01,0.31,200001,13957899,28b587cf6ecf,3,200,200000
0be1e12a8e7282d1a4e389bb90f6dbc7.cnf.xz,or_randxor,UNKNOWN,0,0.006,4.143,walking,0.01,0.3,200001,13957899,28b587cf6ecf,3,200,200000
0be1e12a8e7282d1a4e389bb90f6dbc7.cnf.xz,or_randxor,UNKNOWN,0,0.006,4.143,substitute,0.01,0.26,200001,13957899,28b587cf6ecf,3,200,200000
0be1e12a8e7282d1a4e389bb90f6dbc7.cnf.xz,or_randxor,UNKNOWN,0,0.006,4.143,definition,0.01,0.17,200001,13957899,28b587cf6ecf,3,200,200000
0be1e12a8e7282d1a4e389bb90f6dbc7.cnf.xz,or_randxor,UNKNOWN,0,0.006,4.143,vivify0,0.01,0.15,200001,13957899,28b587cf6ecf,3,200,200000
0be1e12a8e7282d1a4e389bb90f6dbc7.cnf.xz,or_randxor,UNKNOWN,0,0.006,4.143,restart,0.0,0.1,200001,13957899,28b587cf6ecf,3,200,200000
0be1e12a8e7282d1a4e389bb90f6dbc7.cnf.xz,or_randxor,UNKNOWN,0,0.006,4.143,congruence,0.0,0.08,200001,13957899,28b587cf6ecf,3,200,200000
0be1e12a8e7282d1a4e389bb90f6dbc7.cnf.xz,or_randxor,UNKNOWN,0,0.006,4.143,parse,0.0,0.08,200001,13957899,28b587cf6ecf,3,200,200000
0be1e12a8e7282d1a4e389bb90f6dbc7.cnf.xz,or_randxor,UNKNOWN,0,0.006,4.143,extract,0.0,0.08,200001,13957899,28b587cf6ecf,3,200,200000
0be1e12a8e7282d1a4e389bb90f6dbc7.cnf.xz,or_randxor,UNKNOWN,0,0.006,4.143,extractxors,0.0,0.04,200001,13957899,28b587cf6ecf,3,200,200000
0be1e12a8e7282d1a4e389bb90f6dbc7.cnf.xz,or_randxor,UNKNOWN,0,0.006,4.143,defrag,0.0,0.04,200001,13957899,28b587cf6ecf,3,200,200000
0be1e12a8e7282d1a4e389bb90f6dbc7.cnf.xz,or_randxor,UNKNOWN,0,0.006,4.143,subsume,0.0,0.03,200001,13957899,28b587cf6ecf,3,200,200000
0be1e12a8e7282d1a4e389bb90f6dbc7.cnf.xz,or_randxor,UNKNOWN,0,0.006,4.143,transitive,0.0,0.02,200001,13957899,28b587cf6ecf,3,200,200000
0be1e12a8e7282d1a4e389bb90f6dbc7.cnf.xz,or_randxor,UNKNOWN,0,0.006,4.143,reorder,0.0,0.02,200001,13957899,28b587cf6ecf,3,200,200000
0be1e12a8e7282d1a4e389bb90f6dbc7.cnf.xz,or_randxor,UNKNOWN,0,0.006,4.143,lucky,0.0,0.01,200001,13957899,28b587cf6ecf,3,200,200000
0be1e12a8e7282d1a4e389bb90f6dbc7.cnf.xz,or_randxor,UNKNOWN,0,0.006,4.143,warmup,0.0,0.01,200001,13957899,28b587cf6ecf,3,200,200000
0be1e12a8e7282d1a4e389bb90f6dbc7.cnf.xz,or_randxor,UNKNOWN,0,0.006,4.143,backbone,0.0,0.01,200001,13957899,28b587cf6ecf,3,200,200000
0be1e12a8e7282d1a4e389bb90f6dbc7.cnf.xz,or_randxor,UNKNOWN,0,0.006,4.143,extractites,0.0,0.01,200001,13957899,28b587cf6ecf,3,200,200000
0be1e12a8e7282d1a4e389bb90f6dbc7.cnf.xz,or_randxor,UNKNOWN,0,0.006,4.143,extractands,0.0,0.0,200001,13957899,28b587cf6ecf,3,200,200000
0be1e12a8e7282d1a4e389bb90f6dbc7.cnf.xz,or_randxor,UNKNOWN,0,0.006,4.143,rephase,0.0,0.0,200001,13957899,28b587cf6ecf,3,200,200000
0be1e12a8e7282d1a4e389bb90f6dbc7.cnf.xz,or_randxor,UNKNOWN,0,0.006,4.143,extractbinaries,0.0,0.0,200001,13957899,28b587cf6ecf,3,200,200000
0be1e12a8e7282d1a4e389bb90f6dbc7.cnf.xz,or_randxor,UNKNOWN,0,0.006,4.143,merge,0.0,0.0,200001,13957899,28b587cf6ecf,3,200,200000
0be1e12a8e7282d1a4e389bb90f6dbc7.cnf.xz,or_randxor,UNKNOWN,0,0.006,4.143,total,4.13,100.0,200001,13957899,28b587cf6ecf,3,200,200000
1890f49a43a94b97828528b68c32b78e.cnf.xz,fpga-routing,UNKNOWN,0,0.002,2.820,search,2.58,91.59,200000,5371343,28b587cf6ecf,3,200,200000
1890f49a43a94b97828528b68c32b78e.cnf.xz,fpga-routing,UNKNOWN,0,0.002,2.820,focused,1.46,51.7,200000,5371343,28b587cf6ecf,3,200,200000
1890f49a43a94b97828528b68c32b78e.cnf.xz,fpga-routing,UNKNOWN,0,0.002,2.820,analyze,1.22,43.18,200000,5371343,28b587cf6ecf,3,200,200000
1890f49a43a94b97828528b68c32b78e.cnf.xz,fpga-routing,UNKNOWN,0,0.002,2.820,stable,1.12,39.89,200000,5371343,28b587cf6ecf,3,200,200000
1890f49a43a94b97828528b68c32b78e.cnf.xz,fpga-routing,UNKNOWN,0,0.002,2.820,shrink,0.28,9.88,200000,5371343,28b587cf6ecf,3,200,200000
1890f49a43a94b97828528b68c32b78e.cnf.xz,fpga-routing,UNKNOWN,0,0.002,2.820,deduce,0.22,7.95,200000,5371343,28b587cf6ecf,3,200,200000
1890f49a43a94b97828528b68c32b78e.cnf.xz,fpga-routing,UNKNOWN,0,0.002,2.820,simplify,0.22,7.82,200000,5371343,28b587cf6ecf,3,200,200000
1890f49a43a94b97828528b68c32b78e.cnf.xz,fpga-routing,UNKNOWN,0,0.002,2.820,probe,0.22,7.77,200000,5371343,28b587cf6ecf,3,200,200000
1890f49a43a94b97828528b68c32b78e.cnf.xz,fpga-routing,UNKNOWN,0,0.002,2.820,bump,0.21,7.49,200000,5371343,28b587cf6ecf,3,200,200000
1890f49a43a94b97828528b68c32b78e.cnf.xz,fpga-routing,UNKNOWN,0,0.002,2.820,vivify,0.14,4.91,200000,5371343,28b587cf6ecf,3,200,200000
1890f49a43a94b97828528b68c32b78e.cnf.xz,fpga-routing,UNKNOWN,0,0.002,2.820,reduce,0.07,2.56,200000,5371343,28b587cf6ecf,3,200,200000
1890f49a43a94b97828528b68c32b78e.cnf.xz,fpga-routing,UNKNOWN,0,0.002,2.820,sweep,0.06,2.24,200000,5371343,28b587cf6ecf,3,200,200000
1890f49a43a94b97828528b68c32b78e.cnf.xz,fpga-routing,UNKNOWN,0,0.002,2.820,collect,0.06,2.22,200000,5371343,28b587cf6ecf,3,200,200000
1890f49a43a94b97828528b68c32b78e.cnf.xz,fpga-routing,UNKNOWN,0,0.002,2.820,minimize,0.06,2.13,200000,5371343,28b587cf6ecf,3,200,200000
1890f49a43a94b97828528b68c32b78e.cnf.xz,fpga-routing,UNKNOWN,0,0.002,2.820,vivify1,0.06,2.07,200000,5371343,28b587cf6ecf,3,200,200000
1890f49a43a94b97828528b68c32b78e.cnf.xz,fpga-routing,UNKNOWN,0,0.002,2.820,vivify2,0.05,1.63,200000,5371343,28b587cf6ecf,3,200,200000
1890f49a43a94b97828528b68c32b78e.cnf.xz,fpga-routing,UNKNOWN,0,0.002,2.820,vivify3,0.03,1.13,200000,5371343,28b587cf6ecf,3,200,200000
1890f49a43a94b97828528b68c32b78e.cnf.xz,fpga-routing,UNKNOWN,0,0.002,2.820,sweepbackbone,0.03,1.06,200000,5371343,28b587cf6ecf,3,200,200000
1890f49a43a94b97828528b68c32b78e.cnf.xz,fpga-routing,UNKNOWN,0,0.002,2.820,preprocess,0.02,0.57,200000,5371343,28b587cf6ecf,3,200,200000
1890f49a43a94b97828528b68c32b78e.cnf.xz,fpga-routing,UNKNOWN,0,0.002,2.820,substitute,0.01,0.52,200000,5371343,28b587cf6ecf,3,200,200000
1890f49a43a94b97828528b68c32b78e.cnf.xz,fpga-routing,UNKNOWN,0,0.002,2.820,walking,0.01,0.32,200000,5371343,28b587cf6ecf,3,200,200000
1890f49a43a94b97828528b68c32b78e.cnf.xz,fpga-routing,UNKNOWN,0,0.002,2.820,eliminate,0.01,0.29,200000,5371343,28b587cf6ecf,3,200,200000
1890f49a43a94b97828528b68c32b78e.cnf.xz,fpga-routing,UNKNOWN,0,0.002,2.820,sweepequivalences,0.0,0.11,200000,5371343,28b587cf6ecf,3,200,200000
1890f49a43a94b97828528b68c32b78e.cnf.xz,fpga-routing,UNKNOWN,0,0.002,2.820,restart,0.0,0.1,200000,5371343,28b587cf6ecf,3,200,200000
1890f49a43a94b97828528b68c32b78e.cnf.xz,fpga-routing,UNKNOWN,0,0.002,2.820,defrag,0.0,0.08,200000,5371343,28b587cf6ecf,3,200,200000
1890f49a43a94b97828528b68c32b78e.cnf.xz,fpga-routing,UNKNOWN,0,0.002,2.820,vivify0,0.0,0.08,200000,5371343,28b587cf6ecf,3,200,200000
1890f49a43a94b97828528b68c32b78e.cnf.xz,fpga-routing,UNKNOWN,0,0.002,2.820,definition,0.0,0.06,200000,5371343,28b587cf6ecf,3,200,200000
1890f49a43a94b97828528b68c32b78e.cnf.xz,fpga-routing,UNKNOWN,0,0.002,2.820,transitive,0.0,0.03,200000,5371343,28b587cf6ecf,3,200,200000
1890f49a43a94b97828528b68c32b78e.cnf.xz,fpga-routing,UNKNOWN,0,0.002,2.820,reorder,0.0,0.03,200000,5371343,28b587cf6ecf,3,200,200000
1890f49a43a94b97828528b68c32b78e.cnf.xz,fpga-routing,UNKNOWN,0,0.002,2.820,factor,0.0,0.03,200000,5371343,28b587cf6ecf,3,200,200000
1890f49a43a94b97828528b68c32b78e.cnf.xz,fpga-routing,UNKNOWN,0,0.002,2.820,subsume,0.0,0.02,200000,5371343,28b587cf6ecf,3,200,200000
1890f49a43a94b97828528b68c32b78e.cnf.xz,fpga-routing,UNKNOWN,0,0.002,2.820,warmup,0.0,0.02,200000,5371343,28b587cf6ecf,3,200,200000
1890f49a43a94b97828528b68c32b78e.cnf.xz,fpga-routing,UNKNOWN,0,0.002,2.820,backbone,0.0,0.02,200000,5371343,28b587cf6ecf,3,200,200000
1890f49a43a94b97828528b68c32b78e.cnf.xz,fpga-routing,UNKNOWN,0,0.002,2.820,congruence,0.0,0.02,200000,5371343,28b587cf6ecf,3,200,200000
1890f49a43a94b97828528b68c32b78e.cnf.xz,fpga-routing,UNKNOWN,0,0.002,2.820,extract,0.0,0.02,200000,5371343,28b587cf6ecf,3,200,200000
1890f49a43a94b97828528b68c32b78e.cnf.xz,fpga-routing,UNKNOWN,0,0.002,2.820,parse,0.0,0.02,200000,5371343,28b587cf6ecf,3,200,200000
1890f49a43a94b97828528b68c32b78e.cnf.xz,fpga-routing,UNKNOWN,0,0.002,2.820,rephase,0.0,0.0,200000,5371343,28b587cf6ecf,3,200,200000
1890f49a43a94b97828528b68c32b78e.cnf.xz,fpga-routing,UNKNOWN,0,0.002,2.820,lucky,0.0,0.0,200000,5371343,28b587cf6ecf,3,200,200000
1890f49a43a94b97828528b68c32b78e.cnf.xz,fpga-routing,UNKNOWN,0,0.002,2.820,extractands,0.0,0.0,200000,5371343,28b587cf6ecf,3,200,200000
1890f49a43a94b97828528b68c32b78e.cnf.xz,fpga-routing,UNKNOWN,0,0.002,2.820,extractbinaries,0.0,0.0,200000,5371343,28b587cf6ecf,3,200,200000
1890f49a43a94b97828528b68c32b78e.cnf.xz,fpga-routing,UNKNOWN,0,0.002,2.820,extractxors,0.0,0.0,200000,5371343,28b587cf6ecf,3,200,200000
1890f49a43a94b97828528b68c32b78e.cnf.xz,fpga-routing,UNKNOWN,0,0.002,2.820,extractites,0.0,0.0,200000,5371343,28b587cf6ecf,3,200,200000
1890f49a43a94b97828528b68c32b78e.cnf.xz,fpga-routing,UNKNOWN,0,0.002,2.820,merge,0.0,0.0,200000,5371343,28b587cf6ecf,3,200,200000
1890f49a43a94b97828528b68c32b78e.cnf.xz,fpga-routing,UNKNOWN,0,0.002,2.820,total,2.82,100.0,200000,5371343,28b587cf6ecf,3,200,200000
1f81f7e009f501014cb23a8c2d41836f.cnf.xz,diagnosis,UNKNOWN,0,0.184,99.683,search,55.82,56.11,200000,1026679878,28b587cf6ecf,3,200,200000
1f81f7e009f501014cb23a8c2d41836f.cnf.xz,diagnosis,UNKNOWN,0,0.184,99.683,simplify,43.01,43.24,200000,1026679878,28b587cf6ecf,3,200,200000
1f81f7e009f501014cb23a8c2d41836f.cnf.xz,diagnosis,UNKNOWN,0,0.184,99.683,probe,36.97,37.17,200000,1026679878,28b587cf6ecf,3,200,200000
1f81f7e009f501014cb23a8c2d41836f.cnf.xz,diagnosis,UNKNOWN,0,0.184,99.683,focused,30.55,30.71,200000,1026679878,28b587cf6ecf,3,200,200000
1f81f7e009f501014cb23a8c2d41836f.cnf.xz,diagnosis,UNKNOWN,0,0.184,99.683,stable,25.27,25.41,200000,1026679878,28b587cf6ecf,3,200,200000
1f81f7e009f501014cb23a8c2d41836f.cnf.xz,diagnosis,UNKNOWN,0,0.184,99.683,sweep,11.77,11.83,200000,1026679878,28b587cf6ecf,3,200,200000
1f81f7e009f501014cb23a8c2d41836f.cnf.xz,diagnosis,UNKNOWN,0,0.184,99.683,vivify,10.67,10.73,200000,1026679878,28b587cf6ecf,3,200,200000
1f81f7e009f501014cb23a8c2d41836f.cnf.xz,diagnosis,UNKNOWN,0,0.184,99.683,analyze,7.81,7.85,200000,1026679878,28b587cf6ecf,3,200,200000
1f81f7e009f501014cb23a8c2d41836f.cnf.xz,diagnosis,UNKNOWN,0,0.184,99.683,eliminate,5.69,5.72,200000,1026679878,28b587cf6ecf,3,200,200000
1f81f7e009f501014cb23a8c2d41836f.cnf.xz,diagnosis,UNKNOWN,0,0.184,99.683,sweepbackbone,5.1,5.13,200000,1026679878,28b587cf6ecf,3,200,200000
1f81f7e009f501014cb23a8c2d41836f.cnf.xz,diagnosis,UNKNOWN,0,0.184,99.683,backbone,5.05,5.08,200000,1026679878,28b587cf6ecf,3,200,200000
1f81f7e009f501014cb23a8c2d41836f.cnf.xz,diagnosis,UNKNOWN,0,0.184,99.683,sweepequivalences,4.09,4.11,200000,1026679878,28b587cf6ecf,3,200,200000
1f81f7e009f501014cb23a8c2d41836f.cnf.xz,diagnosis,UNKNOWN,0,0.184,99.683,vivify1,3.85,3.87,200000,1026679878,28b587cf6ecf,3,200,200000
1f81f7e009f501014cb23a8c2d41836f.cnf.xz,diagnosis,UNKNOWN,0,0.184,99.683,factor,3.84,3.86,200000,1026679878,28b587cf6ecf,3,200,200000
1f81f7e009f501014cb23a8c2d41836f.cnf.xz,diagnosis,UNKNOWN,0,0.184,99.683,vivify2,3.75,3.77,200000,1026679878,28b587cf6ecf,3,200,200000
1f81f7e009f501014cb23a8c2d41836f.cnf.xz,diagnosis,UNKNOWN,0,0.184,99.683,shrink,3.7,3.72,200000,1026679878,28b587cf6ecf,3,200,200000
1f81f7e009f501014cb23a8c2d41836f.cnf.xz,diagnosis,UNKNOWN,0,0.184,99.683,substitute,2.89,2.91,200000,1026679878,28b587cf6ecf,3,200,200000
1f81f7e009f501014cb23a8c2d41836f.cnf.xz,diagnosis,UNKNOWN,0,0.184,99.683,vivify3,1.68,1.69,200000,1026679878,28b587cf6ecf,3,200,200000
1f81f7e009f501014cb23a8c2d41836f.cnf.xz,diagnosis,UNKNOWN,0,0.184,99.683,definition,1.58,1.59,200000,1026679878,28b587cf6ecf,3,200,200000
1f81f7e009f501014cb23a8c2d41836f.cnf.xz,diagnosis,UNKNOWN,0,0.184,99.683,transitive,1.51,1.52,200000,1026679878,28b587cf6ecf,3,200,200000
1f81f7e009f501014cb23a8c2d41836f.cnf.xz,diagnosis,UNKNOWN,0,0.184,99.683,vivify0,1.38,1.39,200000,1026679878,28b587cf6ecf,3,200,200000
1f81f7e009f501014cb23a8c2d41836f.cnf.xz,diagnosis,UNKNOWN,0,0.184,99.683,restart,1.24,1.25,200000,1026679878,28b587cf6ecf,3,200,200000
1f81f7e009f501014cb23a8c2d41836f.cnf.xz,diagnosis,UNKNOWN,0,0.184,99.683,congruence,1.24,1.25,200000,1026679878,28b587cf6ecf,3,200,200000
1f81f7e009f501014cb23a8c2d41836f.cnf.xz,diagnosis,UNKNOWN,0,0.184,99.683,subsume,1.02,1.02,200000,1026679878,28b587cf6ecf,3,200,200000
1f81f7e009f501014cb23a8c2d41836f.cnf.xz,diagnosis,UNKNOWN,0,0.184,99.683,collect,0.97,0.98,200000,1026679878,28b587cf6ecf,3,200,200000
1f81f7e009f501014cb23a8c2d41836f.cnf.xz,diagnosis,UNKNOWN,0,0.184,99.683,reduce,0.94,0.95,200000,1026679878,28b587cf6ecf,3,200,200000
1f81f7e009f501014cb23a8c2d41836f.cnf.xz,diagnosis,UNKNOWN,0,0.184,99.683,extract,0.83,0.83,200000,1026679878,28b587cf6ecf,3,200,200000
1f81f7e009f501014cb23a8c2d41836f.cnf.xz,diagnosis,UNKNOWN,0,0.184,99.683,deduce,0.73,0.73,200000,1026679878,28b587cf6ecf,3,200,200000
1f81f7e009f501014cb23a8c2d41836f.cnf.xz,diagnosis,UNKNOWN,0,0.184,99.683,walking,0.7,0.71,200000,1026679878,28b587cf6ecf,3,200,200000
1f81f7e009f501014cb23a8c2d41836f.cnf.xz,diagnosis,UNKNOWN,0,0.184,99.683,bump,0.56,0.56,200000,1026679878,28b587cf6ecf,3,200,200000
1f81f7e009f501014cb23a8c2d41836f.cnf.xz,diagnosis,UNKNOWN,0,0.184,99.683,preprocess,0.4,0.4,200000,1026679878,28b587cf6ecf,3,200,200000
1f81f7e009f501014cb23a8c2d41836f.cnf.xz,diagnosis,UNKNOWN,0,0.184,99.683,extractands,0.35,0.35,200000,1026679878,28b587cf6ecf,3,200,200000
1f81f7e009f501014cb23a8c2d41836f.cnf.xz,diagnosis,UNKNOWN,0,0.184,99.683,matching,0.35,0.35,200000,1026679878,28b587cf6ecf,3,200,200000
1f81f7e009f501014cb23a8c2d41836f.cnf.xz,diagnosis,UNKNOWN,0,0.184,99.683,parse,0.19,0.19,200000,1026679878,28b587cf6ecf,3,200,200000
1f81f7e009f501014cb23a8c2d41836f.cnf.xz,diagnosis,UNKNOWN,0,0.184,99.683,reorder,0.17,0.17,200000,1026679878,28b587cf6ecf,3,200,200000
1f81f7e009f501014cb23a8c2d41836f.cnf.xz,diagnosis,UNKNOWN,0,0.184,99.683,warmup,0.13,0.13,200000,1026679878,28b587cf6ecf,3,200,200000
1f81f7e009f501014cb23a8c2d41836f.cnf.xz,diagnosis,UNKNOWN,0,0.184,99.683,extractxors,0.13,0.13,200000,1026679878,28b587cf6ecf,3,200,200000
1f81f7e009f501014cb23a8c2d41836f.cnf.xz,diagnosis,UNKNOWN,0,0.184,99.683,extractites,0.1,0.1,200000,1026679878,28b587cf6ecf,3,200,200000
1f81f7e009f501014cb23a8c2d41836f.cnf.xz,diagnosis,UNKNOWN,0,0.184,99.683,defrag,0.08,0.08,200000,1026679878,28b587cf6ecf,3,200,200000
1f81f7e009f501014cb23a8c2d41836f.cnf.xz,diagnosis,UNKNOWN,0,0.184,99.683,minimize,0.07,0.07,200000,1026679878,28b587cf6ecf,3,200,200000
1f81f7e009f501014cb23a8c2d41836f.cnf.xz,diagnosis,UNKNOWN,0,0.184,99.683,lucky,0.06,0.06,200000,1026679878,28b587cf6ecf,3,200,200000
1f81f7e009f501014cb23a8c2d41836f.cnf.xz,diagnosis,UNKNOWN,0,0.184,99.683,extractbinaries,0.06,0.06,200000,1026679878,28b587cf6ecf,3,200,200000
1f81f7e009f501014cb23a8c2d41836f.cnf.xz,diagnosis,UNKNOWN,0,0.184,99.683,rephase,0.0,0.0,200000,1026679878,28b587cf6ecf,3,200,200000
1f81f7e009f501014cb23a8c2d41836f.cnf.xz,diagnosis,UNKNOWN,0,0.184,99.683,merge,0.0,0.0,200000,1026679878,28b587cf6ecf,3,200,200000
1f81f7e009f501014cb23a8c2d41836f.cnf.xz,diagnosis,UNKNOWN,0,0.184,99.683,total,99.48,100.0,200000,1026679878,28b587cf6ecf,3,200,200000
416e33a8463911546e4cd87d282a7e1e.cnf.xz,unknown-cases,UNKNOWN,0,0.003,8.386,search,7.44,88.83,200000,30098566,28b587cf6ecf,3,200,200000
416e33a8463911546e4cd87d282a7e1e.cnf.xz,unknown-cases,UNKNOWN,0,0.003,8.386,focused,3.82,45.53,200000,30098566,28b587cf6ecf,3,200,200000
416e33a8463911546e4cd87d282a7e1e.cnf.xz,unknown-cases,UNKNOWN,0,0.003,8.386,stable,3.63,43.3,200000,30098566,28b587cf6ecf,3,200,200000
416e33a8463911546e4cd87d282a7e1e.cnf.xz,unknown-cases,UNKNOWN,0,0.003,8.386,analyze,1.87,22.31,200000,30098566,28b587cf6ecf,3,200,200000
416e33a8463911546e4cd87d282a7e1e.cnf.xz,unknown-cases,UNKNOWN,0,0.003,8.386,simplify,0.91,10.8,200000,30098566,28b587cf6ecf,3,200,200000
416e33a8463911546e4cd87d282a7e1e.cnf.xz,unknown-cases,UNKNOWN,0,0.003,8.386,probe,0.9,10.78,200000,30098566,28b587cf6ecf,3,200,200000
416e33a8463911546e4cd87d282a7e1e.cnf.xz,unknown-cases,UNKNOWN,0,0.003,8.386,vivify,0.49,5.83,200000,30098566,28b587cf6ecf,3,200,200000
416e33a8463911546e4cd87d282a7e1e.cnf.xz,unknown-cases,UNKNOWN,0,0.003,8.386,shrink,0.49,5.79,200000,30098566,28b587cf6ecf,3,200,200000
416e33a8463911546e4cd87d282a7e1e.cnf.xz,unknown-cases,UNKNOWN,0,0.003,8.386,deduce,0.4,4.76,200000,30098566,28b587cf6ecf,3,200,200000
416e33a8463911546e4cd87d282a7e1e.cnf.xz,unknown-cases,UNKNOWN,0,0.003,8.386,sweep,0.38,4.56,200000,30098566,28b587cf6ecf,3,200,200000
416e33a8463911546e4cd87d282a7e1e.cnf.xz,unknown-cases,UNKNOWN,0,0.003,8.386,bump,0.34,4.12,200000,30098566,28b587cf6ecf,3,200,200000
416e33a8463911546e4cd87d282a7e1e.cnf.xz,unknown-cases,UNKNOWN,0,0.003,8.386,sweepbackbone,0.3,3.54,200000,30098566,28b587cf6ecf,3,200,200000
416e33a8463911546e4cd87d282a7e1e.cnf.xz,unknown-cases,UNKNOWN,0,0.003,8.386,vivify2,0.23,2.76,200000,30098566,28b587cf6ecf,3,200,200000
416e33a8463911546e4cd87d282a7e1e.cnf.xz,unknown-cases,UNKNOWN,0,0.003,8.386,vivify3,0.2,2.37,200000,30098566,28b587cf6ecf,3,200,200000
416e33a8463911546e4cd87d282a7e1e.cnf.xz,unknown-cases,UNKNOWN,0,0.003,8.386,minimize,0.06,0.76,200000,30098566,28b587cf6ecf,3,200,200000
416e33a8463911546e4cd87d282a7e1e.cnf.xz,unknown-cases,UNKNOWN,0,0.003,8.386,reduce,0.05,0.59,200000,30098566,28b587cf6ecf,3,200,200000
416e33a8463911546e4cd87d282a7e1e.cnf.xz,unknown-cases,UNKNOWN,0,0.003,8.386,vivify1,0.05,0.58,200000,30098566,28b587cf6ecf,3,200,200000
416e33a8463911546e4cd87d282a7e1e.cnf.xz,unknown-cases,UNKNOWN,0,0.003,8.386,sweepequivalences,0.04,0.51,200000,30098566,28b587cf6ecf,3,200,200000
416e33a8463911546e4cd87d282a7e1e.cnf.xz,unknown-cases,UNKNOWN,0,0.003,8.386,collect,0.04,0.47,200000,30098566,28b587cf6ecf,3,200,200000
416e33a8463911546e4cd87d282a7e1e.cnf.xz,unknown-cases,UNKNOWN,0,0.003,8.386,preprocess,0.03,0.35,200000,30098566,28b587cf6ecf,3,200,200000
416e33a8463911546e4cd87d282a7e1e.cnf.xz,unknown-cases,UNKNOWN,0,0.003,8.386,substitute,0.02,0.22,200000,30098566,28b587cf6ecf,3,200,200000
416e33a8463911546e4cd87d282a7e1e.cnf.xz,unknown-cases,UNKNOWN,0,0.003,8.386,walking,0.02,0.19,200000,30098566,28b587cf6ecf,3,200,200000
416e33a8463911546e4cd87d282a7e1e.cnf.xz,unknown-cases,UNKNOWN,0,0.003,8.386,eliminate,0.02,0.19,200000,30098566,28b587cf6ecf,3,200,200000
416e33a8463911546e4cd87d282a7e1e.cnf.xz,unknown-cases,UNKNOWN,0,0.003,8.386,defrag,0.01,0.14,200000,30098566,28b587cf6ecf,3,200,200000
416e33a8463911546e4cd87d282a7e1e.cnf.xz,unknown-cases,UNKNOWN,0,0.003,8.386,vivify0,0.01,0.11,200000,30098566,28b587cf6ecf,3,200,200000
416e33a8463911546e4cd87d282a7e1e.cnf.xz,unknown-cases,UNKNOWN,0,0.003,8.386,factor,0.01,0.08,200000,30098566,28b587cf6ecf,3,200,200000
416e33a8463911546e4cd87d282a7e1e.cnf.xz,unknown-cases,UNKNOWN,0,0.003,8.386,definition,0.01,0.07,200000,30098566,28b587cf6ecf,3,200,200000
416e33a8463911546e4cd87d282a7e1e.cnf.xz,unknown-cases,UNKNOWN,0,0.003,8.386,restart,0.01,0.07,200000,30098566,28b587cf6ecf,3,200,200000
416e33a8463911546e4cd87d282a7e1e.cnf.xz,unknown-cases,UNKNOWN,0,0.003,8.386,transitive,0.0,0.04,200000,30098566,28b587cf6ecf,3,200,200000
416e33a8463911546e4cd87d282a7e1e.cnf.xz,unknown-cases,UNKNOWN,0,0.003,8.386,congruence,0.0,0.03,200000,30098566,28b587cf6ecf,3,200,200000
416e33a8463911546e4cd87d282a7e1e.cnf.xz,unknown-cases,UNKNOWN,0,0.003,8.386,extract,0.0,0.03,200000,30098566,28b587cf6ecf,3,200,200000
416e33a8463911546e4cd87d282a7e1e.cnf.xz,unknown-cases,UNKNOWN,0,0.003,8.386,backbone,0.0,0.03,200000,30098566,28b587cf6ecf,3,200,200000
416e33a8463911546e4cd87d282a7e1e.cnf.xz,unknown-cases,UNKNOWN,0,0.003,8.386,extractands,0.0,0.01,200000,30098566,28b587cf6ecf,3,200,200000
416e33a8463911546e4cd87d282a7e1e.cnf.xz,unknown-cases,UNKNOWN,0,0.003,8.386,reorder,0.0,0.01,200000,30098566,28b587cf6ecf,3,200,200000
416e33a8463911546e4cd87d282a7e1e.cnf.xz,unknown-cases,UNKNOWN,0,0.003,8.386,parse,0.0,0.01,200000,30098566,28b587cf6ecf,3,200,200000
416e33a8463911546e4cd87d282a7e1e.cnf.xz,unknown-cases,UNKNOWN,0,0.003,8.386,warmup,0.0,0.01,200000,30098566,28b587cf6ecf,3,200,200000
416e33a8463911546e4cd87d282a7e1e.cnf.xz,unknown-cases,UNKNOWN,0,0.003,8.386,subsume,0.0,0.01,200000,30098566,28b587cf6ecf,3,200,200000
416e33a8463911546e4cd87d282a7e1e.cnf.xz,unknown-cases,UNKNOWN,0,0.003,8.386,lucky,0.0,0.0,200000,30098566,28b587cf6ecf,3,200,200000
416e33a8463911546e4cd87d282a7e1e.cnf.xz,unknown-cases,UNKNOWN,0,0.003,8.386,rephase,0.0,0.0,200000,30098566,28b587cf6ecf,3,200,200000
416e33a8463911546e4cd87d282a7e1e.cnf.xz,unknown-cases,UNKNOWN,0,0.003,8.386,extractxors,0.0,0.0,200000,30098566,28b587cf6ecf,3,200,200000
416e33a8463911546e4cd87d282a7e1e.cnf.xz,unknown-cases,UNKNOWN,0,0.003,8.386,extractbinaries,0.0,0.0,200000,30098566,28b587cf6ecf,3,200,200000
416e33a8463911546e4cd87d282a7e1e.cnf.xz,unknown-cases,UNKNOWN,0,0.003,8.386,extractites,0.0,0.0,200000,30098566,28b587cf6ecf,3,200,200000
416e33a8463911546e4cd87d282a7e1e.cnf.xz,unknown-cases,UNKNOWN,0,0.003,8.386,merge,0.0,0.0,200000,30098566,28b587cf6ecf,3,200,200000
416e33a8463911546e4cd87d282a7e1e.cnf.xz,unknown-cases,UNKNOWN,0,0.003,8.386,total,8.38,100.0,200000,30098566,28b587cf6ecf,3,200,200000
4989239fbeb6eb40fc0b664d9ba92636.cnf.xz,cryptography-ascon,UNSAT,20,0.045,106.675,search,98.39,92.3,126891,616963065,28b587cf6ecf,3,200,200000
4989239fbeb6eb40fc0b664d9ba92636.cnf.xz,cryptography-ascon,UNSAT,20,0.045,106.675,focused,51.88,48.67,126891,616963065,28b587cf6ecf,3,200,200000
4989239fbeb6eb40fc0b664d9ba92636.cnf.xz,cryptography-ascon,UNSAT,20,0.045,106.675,stable,46.51,43.64,126891,616963065,28b587cf6ecf,3,200,200000
4989239fbeb6eb40fc0b664d9ba92636.cnf.xz,cryptography-ascon,UNSAT,20,0.045,106.675,analyze,24.1,22.61,126891,616963065,28b587cf6ecf,3,200,200000
4989239fbeb6eb40fc0b664d9ba92636.cnf.xz,cryptography-ascon,UNSAT,20,0.045,106.675,deduce,12.8,12.01,126891,616963065,28b587cf6ecf,3,200,200000
4989239fbeb6eb40fc0b664d9ba92636.cnf.xz,cryptography-ascon,UNSAT,20,0.045,106.675,bump,7.93,7.44,126891,616963065,28b587cf6ecf,3,200,200000
4989239fbeb6eb40fc0b664d9ba92636.cnf.xz,cryptography-ascon,UNSAT,20,0.045,106.675,simplify,7.92,7.43,126891,616963065,28b587cf6ecf,3,200,200000
4989239fbeb6eb40fc0b664d9ba92636.cnf.xz,cryptography-ascon,UNSAT,20,0.045,106.675,probe,6.5,6.1,126891,616963065,28b587cf6ecf,3,200,200000
4989239fbeb6eb40fc0b664d9ba92636.cnf.xz,cryptography-ascon,UNSAT,20,0.045,106.675,sweep,3.03,2.85,126891,616963065,28b587cf6ecf,3,200,200000
4989239fbeb6eb40fc0b664d9ba92636.cnf.xz,cryptography-ascon,UNSAT,20,0.045,106.675,vivify,1.79,1.68,126891,616963065,28b587cf6ecf,3,200,200000
4989239fbeb6eb40fc0b664d9ba92636.cnf.xz,cryptography-ascon,UNSAT,20,0.045,106.675,sweepbackbone,1.35,1.27,126891,616963065,28b587cf6ecf,3,200,200000
4989239fbeb6eb40fc0b664d9ba92636.cnf.xz,cryptography-ascon,UNSAT,20,0.045,106.675,shrink,1.25,1.18,126891,616963065,28b587cf6ecf,3,200,200000
4989239fbeb6eb40fc0b664d9ba92636.cnf.xz,cryptography-ascon,UNSAT,20,0.045,106.675,eliminate,1.1,1.03,126891,616963065,28b587cf6ecf,3,200,200000
4989239fbeb6eb40fc0b664d9ba92636.cnf.xz,cryptography-ascon,UNSAT,20,0.045,106.675,sweepequivalences,1.0,0.94,126891,616963065,28b587cf6ecf,3,200,200000
4989239fbeb6eb40fc0b664d9ba92636.cnf.xz,cryptography-ascon,UNSAT,20,0.045,106.675,vivify3,0.67,0.63,126891,616963065,28b587cf6ecf,3,200,200000
4989239fbeb6eb40fc0b664d9ba92636.cnf.xz,cryptography-ascon,UNSAT,20,0.045,106.675,factor,0.66,0.62,126891,616963065,28b587cf6ecf,3,200,200000
4989239fbeb6eb40fc0b664d9ba92636.cnf.xz,cryptography-ascon,UNSAT,20,0.045,106.675,vivify2,0.6,0.56,126891,616963065,28b587cf6ecf,3,200,200000
4989239fbeb6eb40fc0b664d9ba92636.cnf.xz,cryptography-ascon,UNSAT,20,0.045,106.675,walking,0.55,0.51,126891,616963065,28b587cf6ecf,3,200,200000
4989239fbeb6eb40fc0b664d9ba92636.cnf.xz,cryptography-ascon,UNSAT,20,0.045,106.675,congruence,0.46,0.43,126891,616963065,28b587cf6ecf,3,200,200000
4989239fbeb6eb40fc0b664d9ba92636.cnf.xz,cryptography-ascon,UNSAT,20,0.045,106.675,definition,0.45,0.42,126891,616963065,28b587cf6ecf,3,200,200000
4989239fbeb6eb40fc0b664d9ba92636.cnf.xz,cryptography-ascon,UNSAT,20,0.045,106.675,substitute,0.42,0.4,126891,616963065,28b587cf6ecf,3,200,200000
4989239fbeb6eb40fc0b664d9ba92636.cnf.xz,cryptography-ascon,UNSAT,20,0.045,106.675,extract,0.34,0.32,126891,616963065,28b587cf6ecf,3,200,200000
4989239fbeb6eb40fc0b664d9ba92636.cnf.xz,cryptography-ascon,UNSAT,20,0.045,106.675,vivify0,0.33,0.31,126891,616963065,28b587cf6ecf,3,200,200000
4989239fbeb6eb40fc0b664d9ba92636.cnf.xz,cryptography-ascon,UNSAT,20,0.045,106.675,preprocess,0.24,0.23,126891,616963065,28b587cf6ecf,3,200,200000
4989239fbeb6eb40fc0b664d9ba92636.cnf.xz,cryptography-ascon,UNSAT,20,0.045,106.675,extractxors,0.2,0.19,126891,616963065,28b587cf6ecf,3,200,200000
4989239fbeb6eb40fc0b664d9ba92636.cnf.xz,cryptography-ascon,UNSAT,20,0.045,106.675,vivify1,0.19,0.18,126891,616963065,28b587cf6ecf,3,200,200000
4989239fbeb6eb40fc0b664d9ba92636.cnf.xz,cryptography-ascon,UNSAT,20,0.045,106.675,collect,0.16,0.15,126891,616963065,28b587cf6ecf,3,200,200000
4989239fbeb6eb40fc0b664d9ba92636.cnf.xz,cryptography-ascon,UNSAT,20,0.045,106.675,reduce,0.14,0.14,126891,616963065,28b587cf6ecf,3,200,200000
4989239fbeb6eb40fc0b664d9ba92636.cnf.xz,cryptography-ascon,UNSAT,20,0.045,106.675,subsume,0.14,0.13,126891,616963065,28b587cf6ecf,3,200,200000
4989239fbeb6eb40fc0b664d9ba92636.cnf.xz,cryptography-ascon,UNSAT,20,0.045,106.675,extractites,0.08,0.08,126891,616963065,28b587cf6ecf,3,200,200000
4989239fbeb6eb40fc0b664d9ba92636.cnf.xz,cryptography-ascon,UNSAT,20,0.045,106.675,transitive,0.08,0.07,126891,616963065,28b587cf6ecf,3,200,200000
4989239fbeb6eb40fc0b664d9ba92636.cnf.xz,cryptography-ascon,UNSAT,20,0.045,106.675,backbone,0.06,0.06,126891,616963065,28b587cf6ecf,3,200,200000
4989239fbeb6eb40fc0b664d9ba92636.cnf.xz,cryptography-ascon,UNSAT,20,0.045,106.675,minimize,0.06,0.06,126891,616963065,28b587cf6ecf,3,200,200000
4989239fbeb6eb40fc0b664d9ba92636.cnf.xz,cryptography-ascon,UNSAT,20,0.045,106.675,matching,0.05,0.05,126891,616963065,28b587cf6ecf,3,200,200000
4989239fbeb6eb40fc0b664d9ba92636.cnf.xz,cryptography-ascon,UNSAT,20,0.045,106.675,parse,0.04,0.04,126891,616963065,28b587cf6ecf,3,200,200000
4989239fbeb6eb40fc0b664d9ba92636.cnf.xz,cryptography-ascon,UNSAT,20,0.045,106.675,warmup,0.04,0.03,126891,616963065,28b587cf6ecf,3,200,200000
4989239fbeb6eb40fc0b664d9ba92636.cnf.xz,cryptography-ascon,UNSAT,20,0.045,106.675,reorder,0.03,0.03,126891,616963065,28b587cf6ecf,3,200,200000
4989239fbeb6eb40fc0b664d9ba92636.cnf.xz,cryptography-ascon,UNSAT,20,0.045,106.675,extractands,0.02,0.02,126891,616963065,28b587cf6ecf,3,200,200000
4989239fbeb6eb40fc0b664d9ba92636.cnf.xz,cryptography-ascon,UNSAT,20,0.045,106.675,extractbinaries,0.01,0.01,126891,616963065,28b587cf6ecf,3,200,200000
4989239fbeb6eb40fc0b664d9ba92636.cnf.xz,cryptography-ascon,UNSAT,20,0.045,106.675,lucky,0.0,0.0,126891,616963065,28b587cf6ecf,3,200,200000
4989239fbeb6eb40fc0b664d9ba92636.cnf.xz,cryptography-ascon,UNSAT,20,0.045,106.675,defrag,0.0,0.0,126891,616963065,28b587cf6ecf,3,200,200000
4989239fbeb6eb40fc0b664d9ba92636.cnf.xz,cryptography-ascon,UNSAT,20,0.045,106.675,restart,0.0,0.0,126891,616963065,28b587cf6ecf,3,200,200000
4989239fbeb6eb40fc0b664d9ba92636.cnf.xz,cryptography-ascon,UNSAT,20,0.045,106.675,rephase,0.0,0.0,126891,616963065,28b587cf6ecf,3,200,200000
4989239fbeb6eb40fc0b664d9ba92636.cnf.xz,cryptography-ascon,UNSAT,20,0.045,106.675,merge,0.0,0.0,126891,616963065,28b587cf6ecf,3,200,200000
4989239fbeb6eb40fc0b664d9ba92636.cnf.xz,cryptography-ascon,UNSAT,20,0.045,106.675,total,106.59,100.0,126891,616963065,28b587cf6ecf,3,200,200000
5de866bc7ff4dfde3cd682b5aca75894.cnf.xz,stable-semantics,SAT,10,0.015,0.221,probe,0.12,59.15,3808,1009249,28b587cf6ecf,3,200,200000
5de866bc7ff4dfde3cd682b5aca75894.cnf.xz,stable-semantics,SAT,10,0.015,0.221,simplify,0.07,36.14,3808,1009249,28b587cf6ecf,3,200,200000
5de866bc7ff4dfde3cd682b5aca75894.cnf.xz,stable-semantics,SAT,10,0.015,0.221,search,0.07,35.59,3808,1009249,28b587cf6ecf,3,200,200000
5de866bc7ff4dfde3cd682b5aca75894.cnf.xz,stable-semantics,SAT,10,0.015,0.221,preprocess,0.05,23.61,3808,1009249,28b587cf6ecf,3,200,200000
5de866bc7ff4dfde3cd682b5aca75894.cnf.xz,stable-semantics,SAT,10,0.015,0.221,analyze,0.04,19.81,3808,1009249,28b587cf6ecf,3,200,200000
5de866bc7ff4dfde3cd682b5aca75894.cnf.xz,stable-semantics,SAT,10,0.015,0.221,sweep,0.04,19.75,3808,1009249,28b587cf6ecf,3,200,200000
5de866bc7ff4dfde3cd682b5aca75894.cnf.xz,stable-semantics,SAT,10,0.015,0.221,focused,0.04,19.41,3808,1009249,28b587cf6ecf,3,200,200000
5de866bc7ff4dfde3cd682b5aca75894.cnf.xz,stable-semantics,SAT,10,0.015,0.221,factor,0.04,17.94,3808,1009249,28b587cf6ecf,3,200,200000
5de866bc7ff4dfde3cd682b5aca75894.cnf.xz,stable-semantics,SAT,10,0.015,0.221,stable,0.03,16.18,3808,1009249,28b587cf6ecf,3,200,200000
5de866bc7ff4dfde3cd682b5aca75894.cnf.xz,stable-semantics,SAT,10,0.015,0.221,vivify,0.03,14.42,3808,1009249,28b587cf6ecf,3,200,200000
5de866bc7ff4dfde3cd682b5aca75894.cnf.xz,stable-semantics,SAT,10,0.015,0.221,vivify3,0.02,10.42,3808,1009249,28b587cf6ecf,3,200,200000
5de866bc7ff4dfde3cd682b5aca75894.cnf.xz,stable-semantics,SAT,10,0.015,0.221,sweepbackbone,0.02,9.48,3808,1009249,28b587cf6ecf,3,200,200000
5de866bc7ff4dfde3cd682b5aca75894.cnf.xz,stable-semantics,SAT,10,0.015,0.221,shrink,0.01,6.78,3808,1009249,28b587cf6ecf,3,200,200000
5de866bc7ff4dfde3cd682b5aca75894.cnf.xz,stable-semantics,SAT,10,0.015,0.221,bump,0.01,4.1,3808,1009249,28b587cf6ecf,3,200,200000
5de866bc7ff4dfde3cd682b5aca75894.cnf.xz,stable-semantics,SAT,10,0.015,0.221,congruence,0.01,3.83,3808,1009249,28b587cf6ecf,3,200,200000
5de866bc7ff4dfde3cd682b5aca75894.cnf.xz,stable-semantics,SAT,10,0.015,0.221,extract,0.01,3.74,3808,1009249,28b587cf6ecf,3,200,200000
5de866bc7ff4dfde3cd682b5aca75894.cnf.xz,stable-semantics,SAT,10,0.015,0.221,parse,0.01,3.72,3808,1009249,28b587cf6ecf,3,200,200000
5de866bc7ff4dfde3cd682b5aca75894.cnf.xz,stable-semantics,SAT,10,0.015,0.221,deduce,0.01,3.01,3808,1009249,28b587cf6ecf,3,200,200000
5de866bc7ff4dfde3cd682b5aca75894.cnf.xz,stable-semantics,SAT,10,0.015,0.221,extractands,0.01,2.78,3808,1009249,28b587cf6ecf,3,200,200000
5de866bc7ff4dfde3cd682b5aca75894.cnf.xz,stable-semantics,SAT,10,0.015,0.221,vivify0,0.0,1.99,3808,1009249,28b587cf6ecf,3,200,200000
5de866bc7ff4dfde3cd682b5aca75894.cnf.xz,stable-semantics,SAT,10,0.015,0.221,vivify1,0.0,1.42,3808,1009249,28b587cf6ecf,3,200,200000
5de866bc7ff4dfde3cd682b5aca75894.cnf.xz,stable-semantics,SAT,10,0.015,0.221,backbone,0.0,1.33,3808,1009249,28b587cf6ecf,3,200,200000
5de866bc7ff4dfde3cd682b5aca75894.cnf.xz,stable-semantics,SAT,10,0.015,0.221,sweepequivalences,0.0,1.26,3808,1009249,28b587cf6ecf,3,200,200000
5de866bc7ff4dfde3cd682b5aca75894.cnf.xz,stable-semantics,SAT,10,0.015,0.221,substitute,0.0,1.14,3808,1009249,28b587cf6ecf,3,200,200000
5de866bc7ff4dfde3cd682b5aca75894.cnf.xz,stable-semantics,SAT,10,0.015,0.221,lucky,0.0,0.76,3808,1009249,28b587cf6ecf,3,200,200000
5de866bc7ff4dfde3cd682b5aca75894.cnf.xz,stable-semantics,SAT,10,0.015,0.221,transitive,0.0,0.73,3808,1009249,28b587cf6ecf,3,200,200000
5de866bc7ff4dfde3cd682b5aca75894.cnf.xz,stable-semantics,SAT,10,0.015,0.221,minimize,0.0,0.72,3808,1009249,28b587cf6ecf,3,200,200000
5de866bc7ff4dfde3cd682b5aca75894.cnf.xz,stable-semantics,SAT,10,0.015,0.221,vivify2,0.0,0.59,3808,1009249,28b587cf6ecf,3,200,200000
5de866bc7ff4dfde3cd682b5aca75894.cnf.xz,stable-semantics,SAT,10,0.015,0.221,walking,0.0,0.57,3808,1009249,28b587cf6ecf,3,200,200000
5de866bc7ff4dfde3cd682b5aca75894.cnf.xz,stable-semantics,SAT,10,0.015,0.221,reduce,0.0,0.43,3808,1009249,28b587cf6ecf,3,200,200000
5de866bc7ff4dfde3cd682b5aca75894.cnf.xz,stable-semantics,SAT,10,0.015,0.221,collect,0.0,0.37,3808,1009249,28b587cf6ecf,3,200,200000
5de866bc7ff4dfde3cd682b5aca75894.cnf.xz,stable-semantics,SAT,10,0.015,0.221,extractbinaries,0.0,0.33,3808,1009249,28b587cf6ecf,3,200,200000
5de866bc7ff4dfde3cd682b5aca75894.cnf.xz,stable-semantics,SAT,10,0.015,0.221,warmup,0.0,0.08,3808,1009249,28b587cf6ecf,3,200,200000
5de866bc7ff4dfde3cd682b5aca75894.cnf.xz,stable-semantics,SAT,10,0.015,0.221,restart,0.0,0.05,3808,1009249,28b587cf6ecf,3,200,200000
5de866bc7ff4dfde3cd682b5aca75894.cnf.xz,stable-semantics,SAT,10,0.015,0.221,defrag,0.0,0.04,3808,1009249,28b587cf6ecf,3,200,200000
5de866bc7ff4dfde3cd682b5aca75894.cnf.xz,stable-semantics,SAT,10,0.015,0.221,rephase,0.0,0.01,3808,1009249,28b587cf6ecf,3,200,200000
5de866bc7ff4dfde3cd682b5aca75894.cnf.xz,stable-semantics,SAT,10,0.015,0.221,extractites,0.0,0.01,3808,1009249,28b587cf6ecf,3,200,200000
5de866bc7ff4dfde3cd682b5aca75894.cnf.xz,stable-semantics,SAT,10,0.015,0.221,extractxors,0.0,0.01,3808,1009249,28b587cf6ecf,3,200,200000
5de866bc7ff4dfde3cd682b5aca75894.cnf.xz,stable-semantics,SAT,10,0.015,0.221,total,0.2,100.0,3808,1009249,28b587cf6ecf,3,200,200000
6d815089fb4095208754622b4c44a8f7.cnf.xz,multiplier-circuits,SAT,10,0.005,6.320,search,5.03,79.72,95245,47465816,28b587cf6ecf,3,200,200000
6d815089fb4095208754622b4c44a8f7.cnf.xz,multiplier-circuits,SAT,10,0.005,6.320,focused,2.55,40.36,95245,47465816,28b587cf6ecf,3,200,200000
6d815089fb4095208754622b4c44a8f7.cnf.xz,multiplier-circuits,SAT,10,0.005,6.320,stable,2.48,39.36,95245,47465816,28b587cf6ecf,3,200,200000
6d815089fb4095208754622b4c44a8f7.cnf.xz,multiplier-circuits,SAT,10,0.005,6.320,analyze,1.86,29.41,95245,47465816,28b587cf6ecf,3,200,200000
6d815089fb4095208754622b4c44a8f7.cnf.xz,multiplier-circuits,SAT,10,0.005,6.320,simplify,1.23,19.56,95245,47465816,28b587cf6ecf,3,200,200000
6d815089fb4095208754622b4c44a8f7.cnf.xz,multiplier-circuits,SAT,10,0.005,6.320,probe,1.21,19.12,95245,47465816,28b587cf6ecf,3,200,200000
6d815089fb4095208754622b4c44a8f7.cnf.xz,multiplier-circuits,SAT,10,0.005,6.320,shrink,0.66,10.53,95245,47465816,28b587cf6ecf,3,200,200000
6d815089fb4095208754622b4c44a8f7.cnf.xz,multiplier-circuits,SAT,10,0.005,6.320,sweep,0.57,9.0,95245,47465816,28b587cf6ecf,3,200,200000
6d815089fb4095208754622b4c44a8f7.cnf.xz,multiplier-circuits,SAT,10,0.005,6.320,vivify,0.53,8.35,95245,47465816,28b587cf6ecf,3,200,200000
6d815089fb4095208754622b4c44a8f7.cnf.xz,multiplier-circuits,SAT,10,0.005,6.320,deduce,0.46,7.24,95245,47465816,28b587cf6ecf,3,200,200000
6d815089fb4095208754622b4c44a8f7.cnf.xz,multiplier-circuits,SAT,10,0.005,6.320,bump,0.38,5.94,95245,47465816,28b587cf6ecf,3,200,200000
6d815089fb4095208754622b4c44a8f7.cnf.xz,multiplier-circuits,SAT,10,0.005,6.320,sweepbackbone,0.3,4.81,95245,47465816,28b587cf6ecf,3,200,200000
6d815089fb4095208754622b4c44a8f7.cnf.xz,multiplier-circuits,SAT,10,0.005,6.320,sweepequivalences,0.19,2.94,95245,47465816,28b587cf6ecf,3,200,200000
6d815089fb4095208754622b4c44a8f7.cnf.xz,multiplier-circuits,SAT,10,0.005,6.320,vivify2,0.15,2.3,95245,47465816,28b587cf6ecf,3,200,200000
6d815089fb4095208754622b4c44a8f7.cnf.xz,multiplier-circuits,SAT,10,0.005,6.320,vivify0,0.13,2.07,95245,47465816,28b587cf6ecf,3,200,200000
6d815089fb4095208754622b4c44a8f7.cnf.xz,multiplier-circuits,SAT,10,0.005,6.320,vivify1,0.13,2.0,95245,47465816,28b587cf6ecf,3,200,200000
6d815089fb4095208754622b4c44a8f7.cnf.xz,multiplier-circuits,SAT,10,0.005,6.320,vivify3,0.13,1.99,95245,47465816,28b587cf6ecf,3,200,200000
6d815089fb4095208754622b4c44a8f7.cnf.xz,multiplier-circuits,SAT,10,0.005,6.320,eliminate,0.05,0.87,95245,47465816,28b587cf6ecf,3,200,200000
6d815089fb4095208754622b4c44a8f7.cnf.xz,multiplier-circuits,SAT,10,0.005,6.320,preprocess,0.04,0.64,95245,47465816,28b587cf6ecf,3,200,200000
6d815089fb4095208754622b4c44a8f7.cnf.xz,multiplier-circuits,SAT,10,0.005,6.320,congruence,0.03,0.54,95245,47465816,28b587cf6ecf,3,200,200000
6d815089fb4095208754622b4c44a8f7.cnf.xz,multiplier-circuits,SAT,10,0.005,6.320,substitute,0.03,0.53,95245,47465816,28b587cf6ecf,3,200,200000
6d815089fb4095208754622b4c44a8f7.cnf.xz,multiplier-circuits,SAT,10,0.005,6.320,minimize,0.03,0.5,95245,47465816,28b587cf6ecf,3,200,200000
6d815089fb4095208754622b4c44a8f7.cnf.xz,multiplier-circuits,SAT,10,0.005,6.320,reduce,0.03,0.49,95245,47465816,28b587cf6ecf,3,200,200000
6d815089fb4095208754622b4c44a8f7.cnf.xz,multiplier-circuits,SAT,10,0.005,6.320,factor,0.03,0.48,95245,47465816,28b587cf6ecf,3,200,200000
6d815089fb4095208754622b4c44a8f7.cnf.xz,multiplier-circuits,SAT,10,0.005,6.320,collect,0.03,0.44,95245,47465816,28b587cf6ecf,3,200,200000
6d815089fb4095208754622b4c44a8f7.cnf.xz,multiplier-circuits,SAT,10,0.005,6.320,extract,0.03,0.43,95245,47465816,28b587cf6ecf,3,200,200000
6d815089fb4095208754622b4c44a8f7.cnf.xz,multiplier-circuits,SAT,10,0.005,6.320,definition,0.02,0.32,95245,47465816,28b587cf6ecf,3,200,200000
6d815089fb4095208754622b4c44a8f7.cnf.xz,multiplier-circuits,SAT,10,0.005,6.320,walking,0.01,0.19,95245,47465816,28b587cf6ecf,3,200,200000
6d815089fb4095208754622b4c44a8f7.cnf.xz,multiplier-circuits,SAT,10,0.005,6.320,extractxors,0.01,0.19,95245,47465816,28b587cf6ecf,3,200,200000
6d815089fb4095208754622b4c44a8f7.cnf.xz,multiplier-circuits,SAT,10,0.005,6.320,transitive,0.01,0.15,95245,47465816,28b587cf6ecf,3,200,200000
6d815089fb4095208754622b4c44a8f7.cnf.xz,multiplier-circuits,SAT,10,0.005,6.320,extractites,0.01,0.13,95245,47465816,28b587cf6ecf,3,200,200000
6d815089fb4095208754622b4c44a8f7.cnf.xz,multiplier-circuits,SAT,10,0.005,6.320,subsume,0.01,0.12,95245,47465816,28b587cf6ecf,3,200,200000
6d815089fb4095208754622b4c44a8f7.cnf.xz,multiplier-circuits,SAT,10,0.005,6.320,restart,0.01,0.1,95245,47465816,28b587cf6ecf,3,200,200000
6d815089fb4095208754622b4c44a8f7.cnf.xz,multiplier-circuits,SAT,10,0.005,6.320,matching,0.01,0.09,95245,47465816,28b587cf6ecf,3,200,200000
6d815089fb4095208754622b4c44a8f7.cnf.xz,multiplier-circuits,SAT,10,0.005,6.320,backbone,0.0,0.07,95245,47465816,28b587cf6ecf,3,200,200000
6d815089fb4095208754622b4c44a8f7.cnf.xz,multiplier-circuits,SAT,10,0.005,6.320,parse,0.0,0.05,95245,47465816,28b587cf6ecf,3,200,200000
6d815089fb4095208754622b4c44a8f7.cnf.xz,multiplier-circuits,SAT,10,0.005,6.320,defrag,0.0,0.04,95245,47465816,28b587cf6ecf,3,200,200000
6d815089fb4095208754622b4c44a8f7.cnf.xz,multiplier-circuits,SAT,10,0.005,6.320,extractands,0.0,0.03,95245,47465816,28b587cf6ecf,3,200,200000
6d815089fb4095208754622b4c44a8f7.cnf.xz,multiplier-circuits,SAT,10,0.005,6.320,lucky,0.0,0.03,95245,47465816,28b587cf6ecf,3,200,200000
6d815089fb4095208754622b4c44a8f7.cnf.xz,multiplier-circuits,SAT,10,0.005,6.320,extractbinaries,0.0,0.03,95245,47465816,28b587cf6ecf,3,200,200000
6d815089fb4095208754622b4c44a8f7.cnf.xz,multiplier-circuits,SAT,10,0.005,6.320,reorder,0.0,0.03,95245,47465816,28b587cf6ecf,3,200,200000
6d815089fb4095208754622b4c44a8f7.cnf.xz,multiplier-circuits,SAT,10,0.005,6.320,warmup,0.0,0.02,95245,47465816,28b587cf6ecf,3,200,200000
6d815089fb4095208754622b4c44a8f7.cnf.xz,multiplier-circuits,SAT,10,0.005,6.320,merge,0.0,0.0,95245,47465816,28b587cf6ecf,3,200,200000
6d815089fb4095208754622b4c44a8f7.cnf.xz,multiplier-circuits,SAT,10,0.005,6.320,rephase,0.0,0.0,95245,47465816,28b587cf6ecf,3,200,200000
6d815089fb4095208754622b4c44a8f7.cnf.xz,multiplier-circuits,SAT,10,0.005,6.320,total,6.31,100.0,95245,47465816,28b587cf6ecf,3,200,200000
6f1b15ebd0ac13c05fb052e5b0453f64.cnf.xz,allowable-seqence,SAT,10,0.377,75.968,search,44.1,58.34,138303,341944464,28b587cf6ecf,3,200,200000
6f1b15ebd0ac13c05fb052e5b0453f64.cnf.xz,allowable-seqence,SAT,10,0.377,75.968,simplify,29.68,39.26,138303,341944464,28b587cf6ecf,3,200,200000
6f1b15ebd0ac13c05fb052e5b0453f64.cnf.xz,allowable-seqence,SAT,10,0.377,75.968,focused,25.19,33.33,138303,341944464,28b587cf6ecf,3,200,200000
6f1b15ebd0ac13c05fb052e5b0453f64.cnf.xz,allowable-seqence,SAT,10,0.377,75.968,probe,23.08,30.53,138303,341944464,28b587cf6ecf,3,200,200000
6f1b15ebd0ac13c05fb052e5b0453f64.cnf.xz,allowable-seqence,SAT,10,0.377,75.968,stable,18.91,25.01,138303,341944464,28b587cf6ecf,3,200,200000
6f1b15ebd0ac13c05fb052e5b0453f64.cnf.xz,allowable-seqence,SAT,10,0.377,75.968,vivify,8.48,11.22,138303,341944464,28b587cf6ecf,3,200,200000
6f1b15ebd0ac13c05fb052e5b0453f64.cnf.xz,allowable-seqence,SAT,10,0.377,75.968,eliminate,6.88,9.1,138303,341944464,28b587cf6ecf,3,200,200000
6f1b15ebd0ac13c05fb052e5b0453f64.cnf.xz,allowable-seqence,SAT,10,0.377,75.968,factor,6.5,8.6,138303,341944464,28b587cf6ecf,3,200,200000
6f1b15ebd0ac13c05fb052e5b0453f64.cnf.xz,allowable-seqence,SAT,10,0.377,75.968,analyze,3.22,4.27,138303,341944464,28b587cf6ecf,3,200,200000
6f1b15ebd0ac13c05fb052e5b0453f64.cnf.xz,allowable-seqence,SAT,10,0.377,75.968,substitute,2.97,3.93,138303,341944464,28b587cf6ecf,3,200,200000
6f1b15ebd0ac13c05fb052e5b0453f64.cnf.xz,allowable-seqence,SAT,10,0.377,75.968,definition,2.59,3.43,138303,341944464,28b587cf6ecf,3,200,200000
6f1b15ebd0ac13c05fb052e5b0453f64.cnf.xz,allowable-seqence,SAT,10,0.377,75.968,vivify2,2.56,3.38,138303,341944464,28b587cf6ecf,3,200,200000
6f1b15ebd0ac13c05fb052e5b0453f64.cnf.xz,allowable-seqence,SAT,10,0.377,75.968,vivify1,2.51,3.33,138303,341944464,28b587cf6ecf,3,200,200000
6f1b15ebd0ac13c05fb052e5b0453f64.cnf.xz,allowable-seqence,SAT,10,0.377,75.968,congruence,2.37,3.14,138303,341944464,28b587cf6ecf,3,200,200000
6f1b15ebd0ac13c05fb052e5b0453f64.cnf.xz,allowable-seqence,SAT,10,0.377,75.968,vivify0,2.09,2.76,138303,341944464,28b587cf6ecf,3,200,200000
6f1b15ebd0ac13c05fb052e5b0453f64.cnf.xz,allowable-seqence,SAT,10,0.377,75.968,sweep,1.69,2.24,138303,341944464,28b587cf6ecf,3,200,200000
6f1b15ebd0ac13c05fb052e5b0453f64.cnf.xz,allowable-seqence,SAT,10,0.377,75.968,extract,1.6,2.11,138303,341944464,28b587cf6ecf,3,200,200000
6f1b15ebd0ac13c05fb052e5b0453f64.cnf.xz,allowable-seqence,SAT,10,0.377,75.968,subsume,1.54,2.04,138303,341944464,28b587cf6ecf,3,200,200000
6f1b15ebd0ac13c05fb052e5b0453f64.cnf.xz,allowable-seqence,SAT,10,0.377,75.968,vivify3,1.33,1.76,138303,341944464,28b587cf6ecf,3,200,200000
6f1b15ebd0ac13c05fb052e5b0453f64.cnf.xz,allowable-seqence,SAT,10,0.377,75.968,preprocess,0.8,1.06,138303,341944464,28b587cf6ecf,3,200,200000
6f1b15ebd0ac13c05fb052e5b0453f64.cnf.xz,allowable-seqence,SAT,10,0.377,75.968,matching,0.72,0.95,138303,341944464,28b587cf6ecf,3,200,200000
6f1b15ebd0ac13c05fb052e5b0453f64.cnf.xz,allowable-seqence,SAT,10,0.377,75.968,collect,0.68,0.9,138303,341944464,28b587cf6ecf,3,200,200000
6f1b15ebd0ac13c05fb052e5b0453f64.cnf.xz,allowable-seqence,SAT,10,0.377,75.968,shrink,0.67,0.89,138303,341944464,28b587cf6ecf,3,200,200000
6f1b15ebd0ac13c05fb052e5b0453f64.cnf.xz,allowable-seqence,SAT,10,0.377,75.968,extractxors,0.66,0.88,138303,341944464,28b587cf6ecf,3,200,200000
6f1b15ebd0ac13c05fb052e5b0453f64.cnf.xz,allowable-seqence,SAT,10,0.377,75.968,lucky,0.66,0.87,138303,341944464,28b587cf6ecf,3,200,200000
6f1b15ebd0ac13c05fb052e5b0453f64.cnf.xz,allowable-seqence,SAT,10,0.377,75.968,reduce,0.6,0.79,138303,341944464,28b587cf6ecf,3,200,200000
6f1b15ebd0ac13c05fb052e5b0453f64.cnf.xz,allowable-seqence,SAT,10,0.377,75.968,backbone,0.55,0.73,138303,341944464,28b587cf6ecf,3,200,200000
6f1b15ebd0ac13c05fb052e5b0453f64.cnf.xz,allowable-seqence,SAT,10,0.377,75.968,sweepbackbone,0.51,0.68,138303,341944464,28b587cf6ecf,3,200,200000
6f1b15ebd0ac13c05fb052e5b0453f64.cnf.xz,allowable-seqence,SAT,10,0.377,75.968,sweepequivalences,0.51,0.68,138303,341944464,28b587cf6ecf,3,200,200000
6f1b15ebd0ac13c05fb052e5b0453f64.cnf.xz,allowable-seqence,SAT,10,0.377,75.968,transitive,0.51,0.67,138303,341944464,28b587cf6ecf,3,200,200000
6f1b15ebd0ac13c05fb052e5b0453f64.cnf.xz,allowable-seqence,SAT,10,0.377,75.968,walking,0.45,0.6,138303,341944464,28b587cf6ecf,3,200,200000
6f1b15ebd0ac13c05fb052e5b0453f64.cnf.xz,allowable-seqence,SAT,10,0.377,75.968,deduce,0.39,0.52,138303,341944464,28b587cf6ecf,3,200,200000
6f1b15ebd0ac13c05fb052e5b0453f64.cnf.xz,allowable-seqence,SAT,10,0.377,75.968,parse,0.35,0.47,138303,341944464,28b587cf6ecf,3,200,200000
6f1b15ebd0ac13c05fb052e5b0453f64.cnf.xz,allowable-seqence,SAT,10,0.377,75.968,extractites,0.3,0.4,138303,341944464,28b587cf6ecf,3,200,200000
6f1b15ebd0ac13c05fb052e5b0453f64.cnf.xz,allowable-seqence,SAT,10,0.377,75.968,bump,0.29,0.38,138303,341944464,28b587cf6ecf,3,200,200000
6f1b15ebd0ac13c05fb052e5b0453f64.cnf.xz,allowable-seqence,SAT,10,0.377,75.968,extractands,0.24,0.32,138303,341944464,28b587cf6ecf,3,200,200000
6f1b15ebd0ac13c05fb052e5b0453f64.cnf.xz,allowable-seqence,SAT,10,0.377,75.968,restart,0.22,0.29,138303,341944464,28b587cf6ecf,3,200,200000
6f1b15ebd0ac13c05fb052e5b0453f64.cnf.xz,allowable-seqence,SAT,10,0.377,75.968,reorder,0.13,0.17,138303,341944464,28b587cf6ecf,3,200,200000
6f1b15ebd0ac13c05fb052e5b0453f64.cnf.xz,allowable-seqence,SAT,10,0.377,75.968,warmup,0.13,0.17,138303,341944464,28b587cf6ecf,3,200,200000
6f1b15ebd0ac13c05fb052e5b0453f64.cnf.xz,allowable-seqence,SAT,10,0.377,75.968,extractbinaries,0.11,0.15,138303,341944464,28b587cf6ecf,3,200,200000
6f1b15ebd0ac13c05fb052e5b0453f64.cnf.xz,allowable-seqence,SAT,10,0.377,75.968,minimize,0.04,0.06,138303,341944464,28b587cf6ecf,3,200,200000
6f1b15ebd0ac13c05fb052e5b0453f64.cnf.xz,allowable-seqence,SAT,10,0.377,75.968,defrag,0.03,0.04,138303,341944464,28b587cf6ecf,3,200,200000
6f1b15ebd0ac13c05fb052e5b0453f64.cnf.xz,allowable-seqence,SAT,10,0.377,75.968,merge,0.0,0.0,138303,341944464,28b587cf6ecf,3,200,200000
6f1b15ebd0ac13c05fb052e5b0453f64.cnf.xz,allowable-seqence,SAT,10,0.377,75.968,rephase,0.0,0.0,138303,341944464,28b587cf6ecf,3,200,200000
6f1b15ebd0ac13c05fb052e5b0453f64.cnf.xz,allowable-seqence,SAT,10,0.377,75.968,total,75.59,100.0,138303,341944464,28b587cf6ecf,3,200,200000
75429ff7acb5acb597abe01aa745c2a6.cnf.xz,random-graph-xorsat,UNKNOWN,0,0.001,4.158,search,3.9,93.88,200000,11221801,28b587cf6ecf,3,200,200000
75429ff7acb5acb597abe01aa745c2a6.cnf.xz,random-graph-xorsat,UNKNOWN,0,0.001,4.158,stable,1.96,47.14,200000,11221801,28b587cf6ecf,3,200,200000
75429ff7acb5acb597abe01aa745c2a6.cnf.xz,random-graph-xorsat,UNKNOWN,0,0.001,4.158,focused,1.94,46.74,200000,11221801,28b587cf6ecf,3,200,200000
75429ff7acb5acb597abe01aa745c2a6.cnf.xz,random-graph-xorsat,UNKNOWN,0,0.001,4.158,analyze,1.37,33.08,200000,11221801,28b587cf6ecf,3,200,200000
75429ff7acb5acb597abe01aa745c2a6.cnf.xz,random-graph-xorsat,UNKNOWN,0,0.001,4.158,deduce,0.34,8.12,200000,11221801,28b587cf6ecf,3,200,200000
75429ff7acb5acb597abe01aa745c2a6.cnf.xz,random-graph-xorsat,UNKNOWN,0,0.001,4.158,shrink,0.27,6.48,200000,11221801,28b587cf6ecf,3,200,200000
75429ff7acb5acb597abe01aa745c2a6.cnf.xz,random-graph-xorsat,UNKNOWN,0,0.001,4.158,simplify,0.25,5.96,200000,11221801,28b587cf6ecf,3,200,200000
75429ff7acb5acb597abe01aa745c2a6.cnf.xz,random-graph-xorsat,UNKNOWN,0,0.001,4.158,probe,0.23,5.59,200000,11221801,28b587cf6ecf,3,200,200000
75429ff7acb5acb597abe01aa745c2a6.cnf.xz,random-graph-xorsat,UNKNOWN,0,0.001,4.158,bump,0.23,5.52,200000,11221801,28b587cf6ecf,3,200,200000
75429ff7acb5acb597abe01aa745c2a6.cnf.xz,random-graph-xorsat,UNKNOWN,0,0.001,4.158,vivify,0.19,4.64,200000,11221801,28b587cf6ecf,3,200,200000
75429ff7acb5acb597abe01aa745c2a6.cnf.xz,random-graph-xorsat,UNKNOWN,0,0.001,4.158,vivify2,0.12,3.01,200000,11221801,28b587cf6ecf,3,200,200000
75429ff7acb5acb597abe01aa745c2a6.cnf.xz,random-graph-xorsat,UNKNOWN,0,0.001,4.158,minimize,0.05,1.3,200000,11221801,28b587cf6ecf,3,200,200000
75429ff7acb5acb597abe01aa745c2a6.cnf.xz,random-graph-xorsat,UNKNOWN,0,0.001,4.158,reduce,0.05,1.08,200000,11221801,28b587cf6ecf,3,200,200000
75429ff7acb5acb597abe01aa745c2a6.cnf.xz,random-graph-xorsat,UNKNOWN,0,0.001,4.158,vivify3,0.04,0.93,200000,11221801,28b587cf6ecf,3,200,200000
75429ff7acb5acb597abe01aa745c2a6.cnf.xz,random-graph-xorsat,UNKNOWN,0,0.001,4.158,collect,0.04,0.87,200000,11221801,28b587cf6ecf,3,200,200000
75429ff7acb5acb597abe01aa745c2a6.cnf.xz,random-graph-xorsat,UNKNOWN,0,0.001,4.158,vivify1,0.03,0.64,200000,11221801,28b587cf6ecf,3,200,200000
75429ff7acb5acb597abe01aa745c2a6.cnf.xz,random-graph-xorsat,UNKNOWN,0,0.001,4.158,sweep,0.03,0.62,200000,11221801,28b587cf6ecf,3,200,200000
75429ff7acb5acb597abe01aa745c2a6.cnf.xz,random-graph-xorsat,UNKNOWN,0,0.001,4.158,walking,0.02,0.37,200000,11221801,28b587cf6ecf,3,200,200000
75429ff7acb5acb597abe01aa745c2a6.cnf.xz,random-graph-xorsat,UNKNOWN,0,0.001,4.158,sweepbackbone,0.01,0.29,200000,11221801,28b587cf6ecf,3,200,200000
75429ff7acb5acb597abe01aa745c2a6.cnf.xz,random-graph-xorsat,UNKNOWN,0,0.001,4.158,substitute,0.01,0.24,200000,11221801,28b587cf6ecf,3,200,200000
75429ff7acb5acb597abe01aa745c2a6.cnf.xz,random-graph-xorsat,UNKNOWN,0,0.001,4.158,sweepequivalences,0.01,0.2,200000,11221801,28b587cf6ecf,3,200,200000
75429ff7acb5acb597abe01aa745c2a6.cnf.xz,random-graph-xorsat,UNKNOWN,0,0.001,4.158,eliminate,0.01,0.14,200000,11221801,28b587cf6ecf,3,200,200000
75429ff7acb5acb597abe01aa745c2a6.cnf.xz,random-graph-xorsat,UNKNOWN,0,0.001,4.158,preprocess,0.01,0.14,200000,11221801,28b587cf6ecf,3,200,200000
75429ff7acb5acb597abe01aa745c2a6.cnf.xz,random-graph-xorsat,UNKNOWN,0,0.001,4.158,vivify0,0.0,0.06,200000,11221801,28b587cf6ecf,3,200,200000
75429ff7acb5acb597abe01aa745c2a6.cnf.xz,random-graph-xorsat,UNKNOWN,0,0.001,4.158,restart,0.0,0.06,200000,11221801,28b587cf6ecf,3,200,200000
75429ff7acb5acb597abe01aa745c2a6.cnf.xz,random-graph-xorsat,UNKNOWN,0,0.001,4.158,defrag,0.0,0.05,200000,11221801,28b587cf6ecf,3,200,200000
75429ff7acb5acb597abe01aa745c2a6.cnf.xz,random-graph-xorsat,UNKNOWN,0,0.001,4.158,congruence,0.0,0.05,200000,11221801,28b587cf6ecf,3,200,200000
75429ff7acb5acb597abe01aa745c2a6.cnf.xz,random-graph-xorsat,UNKNOWN,0,0.001,4.158,extract,0.0,0.05,200000,11221801,28b587cf6ecf,3,200,200000
75429ff7acb5acb597abe01aa745c2a6.cnf.xz,random-graph-xorsat,UNKNOWN,0,0.001,4.158,definition,0.0,0.04,200000,11221801,28b587cf6ecf,3,200,200000
75429ff7acb5acb597abe01aa745c2a6.cnf.xz,random-graph-xorsat,UNKNOWN,0,0.001,4.158,factor,0.0,0.03,200000,11221801,28b587cf6ecf,3,200,200000
75429ff7acb5acb597abe01aa745c2a6.cnf.xz,random-graph-xorsat,UNKNOWN,0,0.001,4.158,extractxors,0.0,0.02,200000,11221801,28b587cf6ecf,3,200,200000
75429ff7acb5acb597abe01aa745c2a6.cnf.xz,random-graph-xorsat,UNKNOWN,0,0.001,4.158,warmup,0.0,0.01,200000,11221801,28b587cf6ecf,3,200,200000
75429ff7acb5acb597abe01aa745c2a6.cnf.xz,random-graph-xorsat,UNKNOWN,0,0.001,4.158,parse,0.0,0.01,200000,11221801,28b587cf6ecf,3,200,200000
75429ff7acb5acb597abe01aa745c2a6.cnf.xz,random-graph-xorsat,UNKNOWN,0,0.001,4.158,extractites,0.0,0.01,200000,11221801,28b587cf6ecf,3,200,200000
75429ff7acb5acb597abe01aa745c2a6.cnf.xz,random-graph-xorsat,UNKNOWN,0,0.001,4.158,reorder,0.0,0.01,200000,11221801,28b587cf6ecf,3,200,200000
75429ff7acb5acb597abe01aa745c2a6.cnf.xz,random-graph-xorsat,UNKNOWN,0,0.001,4.158,subsume,0.0,0.01,200000,11221801,28b587cf6ecf,3,200,200000
75429ff7acb5acb597abe01aa745c2a6.cnf.xz,random-graph-xorsat,UNKNOWN,0,0.001,4.158,transitive,0.0,0.01,200000,11221801,28b587cf6ecf,3,200,200000
75429ff7acb5acb597abe01aa745c2a6.cnf.xz,random-graph-xorsat,UNKNOWN,0,0.001,4.158,rephase,0.0,0.0,200000,11221801,28b587cf6ecf,3,200,200000
75429ff7acb5acb597abe01aa745c2a6.cnf.xz,random-graph-xorsat,UNKNOWN,0,0.001,4.158,lucky,0.0,0.0,200000,11221801,28b587cf6ecf,3,200,200000
75429ff7acb5acb597abe01aa745c2a6.cnf.xz,random-graph-xorsat,UNKNOWN,0,0.001,4.158,backbone,0.0,0.0,200000,11221801,28b587cf6ecf,3,200,200000
75429ff7acb5acb597abe01aa745c2a6.cnf.xz,random-graph-xorsat,UNKNOWN,0,0.001,4.158,matching,0.0,0.0,200000,11221801,28b587cf6ecf,3,200,200000
75429ff7acb5acb597abe01aa745c2a6.cnf.xz,random-graph-xorsat,UNKNOWN,0,0.001,4.158,extractbinaries,0.0,0.0,200000,11221801,28b587cf6ecf,3,200,200000
75429ff7acb5acb597abe01aa745c2a6.cnf.xz,random-graph-xorsat,UNKNOWN,0,0.001,4.158,extractands,0.0,0.0,200000,11221801,28b587cf6ecf,3,200,200000
75429ff7acb5acb597abe01aa745c2a6.cnf.xz,random-graph-xorsat,UNKNOWN,0,0.001,4.158,merge,0.0,0.0,200000,11221801,28b587cf6ecf,3,200,200000
75429ff7acb5acb597abe01aa745c2a6.cnf.xz,random-graph-xorsat,UNKNOWN,0,0.001,4.158,total,4.15,100.0,200000,11221801,28b587cf6ecf,3,200,200000
7cbc3ce2052ba7c5b501f75af58ab3c4.cnf.xz,cryptography-simon,SAT,10,0.004,0.008,parse,0.0,73.5,0,8184,28b587cf6ecf,3,200,200000
7cbc3ce2052ba7c5b501f75af58ab3c4.cnf.xz,cryptography-simon,SAT,10,0.004,0.008,lucky,0.0,19.37,0,8184,28b587cf6ecf,3,200,200000
7cbc3ce2052ba7c5b501f75af58ab3c4.cnf.xz,cryptography-simon,SAT,10,0.004,0.008,defrag,0.0,5.81,0,8184,28b587cf6ecf,3,200,200000
7cbc3ce2052ba7c5b501f75af58ab3c4.cnf.xz,cryptography-simon,SAT,10,0.004,0.008,search,0.0,0.0,0,8184,28b587cf6ecf,3,200,200000
7cbc3ce2052ba7c5b501f75af58ab3c4.cnf.xz,cryptography-simon,SAT,10,0.004,0.008,simplify,0.0,0.0,0,8184,28b587cf6ecf,3,200,200000
7cbc3ce2052ba7c5b501f75af58ab3c4.cnf.xz,cryptography-simon,SAT,10,0.004,0.008,total,0.0,100.0,0,8184,28b587cf6ecf,3,200,200000
7fa502dfce37c37c1cafd50b3fba263f.cnf.xz,syndrome-decoding,UNKNOWN,0,0.024,32.077,search,25.15,78.49,200001,364256659,28b587cf6ecf,3,200,200000
7fa502dfce37c37c1cafd50b3fba263f.cnf.xz,syndrome-decoding,UNKNOWN,0,0.024,32.077,stable,13.34,41.63,200001,364256659,28b587cf6ecf,3,200,200000
7fa502dfce37c37c1cafd50b3fba263f.cnf.xz,syndrome-decoding,UNKNOWN,0,0.024,32.077,focused,11.81,36.86,200001,364256659,28b587cf6ecf,3,200,200000
7fa502dfce37c37c1cafd50b3fba263f.cnf.xz,syndrome-decoding,UNKNOWN,0,0.024,32.077,simplify,6.73,20.99,200001,364256659,28b587cf6ecf,3,200,200000
7fa502dfce37c37c1cafd50b3fba263f.cnf.xz,syndrome-decoding,UNKNOWN,0,0.024,32.077,analyze,6.65,20.74,200001,364256659,28b587cf6ecf,3,200,200000
7fa502dfce37c37c1cafd50b3fba263f.cnf.xz,syndrome-decoding,UNKNOWN,0,0.024,32.077,probe,5.52,17.24,200001,364256659,28b587cf6ecf,3,200,200000
7fa502dfce37c37c1cafd50b3fba263f.cnf.xz,syndrome-decoding,UNKNOWN,0,0.024,32.077,shrink,3.5,10.91,200001,364256659,28b587cf6ecf,3,200,200000
7fa502dfce37c37c1cafd50b3fba263f.cnf.xz,syndrome-decoding,UNKNOWN,0,0.024,32.077,vivify,3.27,10.19,200001,364256659,28b587cf6ecf,3,200,200000
7fa502dfce37c37c1cafd50b3fba263f.cnf.xz,syndrome-decoding,UNKNOWN,0,0.024,32.077,sweep,1.46,4.56,200001,364256659,28b587cf6ecf,3,200,200000
7fa502dfce37c37c1cafd50b3fba263f.cnf.xz,syndrome-decoding,UNKNOWN,0,0.024,32.077,eliminate,1.19,3.72,200001,364256659,28b587cf6ecf,3,200,200000
7fa502dfce37c37c1cafd50b3fba263f.cnf.xz,syndrome-decoding,UNKNOWN,0,0.024,32.077,vivify2,0.95,2.96,200001,364256659,28b587cf6ecf,3,200,200000
7fa502dfce37c37c1cafd50b3fba263f.cnf.xz,syndrome-decoding,UNKNOWN,0,0.024,32.077,deduce,0.85,2.66,200001,364256659,28b587cf6ecf,3,200,200000
7fa502dfce37c37c1cafd50b3fba263f.cnf.xz,syndrome-decoding,UNKNOWN,0,0.024,32.077,vivify1,0.83,2.6,200001,364256659,28b587cf6ecf,3,200,200000
7fa502dfce37c37c1cafd50b3fba263f.cnf.xz,syndrome-decoding,UNKNOWN,0,0.024,32.077,bump,0.83,2.58,200001,364256659,28b587cf6ecf,3,200,200000
7fa502dfce37c37c1cafd50b3fba263f.cnf.xz,syndrome-decoding,UNKNOWN,0,0.024,32.077,sweepbackbone,0.79,2.47,200001,364256659,28b587cf6ecf,3,200,200000
7fa502dfce37c37c1cafd50b3fba263f.cnf.xz,syndrome-decoding,UNKNOWN,0,0.024,32.077,vivify0,0.77,2.41,200001,364256659,28b587cf6ecf,3,200,200000
7fa502dfce37c37c1cafd50b3fba263f.cnf.xz,syndrome-decoding,UNKNOWN,0,0.024,32.077,vivify3,0.71,2.22,200001,364256659,28b587cf6ecf,3,200,200000
7fa502dfce37c37c1cafd50b3fba263f.cnf.xz,syndrome-decoding,UNKNOWN,0,0.024,32.077,definition,0.58,1.82,200001,364256659,28b587cf6ecf,3,200,200000
7fa502dfce37c37c1cafd50b3fba263f.cnf.xz,syndrome-decoding,UNKNOWN,0,0.024,32.077,sweepequivalences,0.36,1.13,200001,364256659,28b587cf6ecf,3,200,200000
7fa502dfce37c37c1cafd50b3fba263f.cnf.xz,syndrome-decoding,UNKNOWN,0,0.024,32.077,substitute,0.23,0.72,200001,364256659,28b587cf6ecf,3,200,200000
7fa502dfce37c37c1cafd50b3fba263f.cnf.xz,syndrome-decoding,UNKNOWN,0,0.024,32.077,transitive,0.21,0.65,200001,364256659,28b587cf6ecf,3,200,200000
7fa502dfce37c37c1cafd50b3fba263f.cnf.xz,syndrome-decoding,UNKNOWN,0,0.024,32.077,factor,0.2,0.62,200001,364256659,28b587cf6ecf,3,200,200000
7fa502dfce37c37c1cafd50b3fba263f.cnf.xz,syndrome-decoding,UNKNOWN,0,0.024,32.077,reduce,0.15,0.48,200001,364256659,28b587cf6ecf,3,200,200000
7fa502dfce37c37c1cafd50b3fba263f.cnf.xz,syndrome-decoding,UNKNOWN,0,0.024,32.077,collect,0.14,0.45,200001,364256659,28b587cf6ecf,3,200,200000
7fa502dfce37c37c1cafd50b3fba263f.cnf.xz,syndrome-decoding,UNKNOWN,0,0.024,32.077,restart,0.11,0.34,200001,364256659,28b587cf6ecf,3,200,200000
7fa502dfce37c37c1cafd50b3fba263f.cnf.xz,syndrome-decoding,UNKNOWN,0,0.024,32.077,backbone,0.1,0.32,200001,364256659,28b587cf6ecf,3,200,200000
7fa502dfce37c37c1cafd50b3fba263f.cnf.xz,syndrome-decoding,UNKNOWN,0,0.024,32.077,subsume,0.1,0.31,200001,364256659,28b587cf6ecf,3,200,200000
7fa502dfce37c37c1cafd50b3fba263f.cnf.xz,syndrome-decoding,UNKNOWN,0,0.024,32.077,lucky,0.1,0.3,200001,364256659,28b587cf6ecf,3,200,200000
7fa502dfce37c37c1cafd50b3fba263f.cnf.xz,syndrome-decoding,UNKNOWN,0,0.024,32.077,minimize,0.08,0.26,200001,364256659,28b587cf6ecf,3,200,200000
7fa502dfce37c37c1cafd50b3fba263f.cnf.xz,syndrome-decoding,UNKNOWN,0,0.024,32.077,walking,0.06,0.2,200001,364256659,28b587cf6ecf,3,200,200000
7fa502dfce37c37c1cafd50b3fba263f.cnf.xz,syndrome-decoding,UNKNOWN,0,0.024,32.077,preprocess,0.06,0.19,200001,364256659,28b587cf6ecf,3,200,200000
7fa502dfce37c37c1cafd50b3fba263f.cnf.xz,syndrome-decoding,UNKNOWN,0,0.024,32.077,congruence,0.05,0.17,200001,364256659,28b587cf6ecf,3,200,200000
7fa502dfce37c37c1cafd50b3fba263f.cnf.xz,syndrome-decoding,UNKNOWN,0,0.024,32.077,extract,0.04,0.14,200001,364256659,28b587cf6ecf,3,200,200000
7fa502dfce37c37c1cafd50b3fba263f.cnf.xz,syndrome-decoding,UNKNOWN,0,0.024,32.077,defrag,0.03,0.1,200001,364256659,28b587cf6ecf,3,200,200000
7fa502dfce37c37c1cafd50b3fba263f.cnf.xz,syndrome-decoding,UNKNOWN,0,0.024,32.077,reorder,0.02,0.07,200001,364256659,28b587cf6ecf,3,200,200000
7fa502dfce37c37c1cafd50b3fba263f.cnf.xz,syndrome-decoding,UNKNOWN,0,0.024,32.077,warmup,0.02,0.05,200001,364256659,28b587cf6ecf,3,200,200000
7fa502dfce37c37c1cafd50b3fba263f.cnf.xz,syndrome-decoding,UNKNOWN,0,0.024,32.077,extractands,0.01,0.04,200001,364256659,28b587cf6ecf,3,200,200000
7fa502dfce37c37c1cafd50b3fba263f.cnf.xz,syndrome-decoding,UNKNOWN,0,0.024,32.077,parse,0.01,0.04,200001,364256659,28b587cf6ecf,3,200,200000
7fa502dfce37c37c1cafd50b3fba263f.cnf.xz,syndrome-decoding,UNKNOWN,0,0.024,32.077,extractxors,0.01,0.02,200001,364256659,28b587cf6ecf,3,200,200000
7fa502dfce37c37c1cafd50b3fba263f.cnf.xz,syndrome-decoding,UNKNOWN,0,0.024,32.077,extractbinaries,0.01,0.02,200001,364256659,28b587cf6ecf,3,200,200000
7fa502dfce37c37c1cafd50b3fba263f.cnf.xz,syndrome-decoding,UNKNOWN,0,0.024,32.077,extractites,0.0,0.01,200001,364256659,28b587cf6ecf,3,200,200000
7fa502dfce37c37c1cafd50b3fba263f.cnf.xz,syndrome-decoding,UNKNOWN,0,0.024,32.077,rephase,0.0,0.0,200001,364256659,28b587cf6ecf,3,200,200000
7fa502dfce37c37c1cafd50b3fba263f.cnf.xz,syndrome-decoding,UNKNOWN,0,0.024,32.077,merge,0.0,0.0,200001,364256659,28b587cf6ecf,3,200,200000
7fa502dfce37c37c1cafd50b3fba263f.cnf.xz,syndrome-decoding,UNKNOWN,0,0.024,32.077,total,32.04,100.0,200001,364256659,28b587cf6ecf,3,200,200000
8db998d5fd64f85a1847115208f73873.cnf.xz,stable-semantics,SAT,10,0.318,0.892,parse,0.55,92.75,0,5442,28b587cf6ecf,3,200,200000
8db998d5fd64f85a1847115208f73873.cnf.xz,stable-semantics,SAT,10,0.318,0.892,lucky,0.04,7.21,0,5442,28b587cf6ecf,3,200,200000
8db998d5fd64f85a1847115208f73873.cnf.xz,stable-semantics,SAT,10,0.318,0.892,defrag,0.01,1.61,0,5442,28b587cf6ecf,3,200,200000
8db998d5fd64f85a1847115208f73873.cnf.xz,stable-semantics,SAT,10,0.318,0.892,search,0.0,0.0,0,5442,28b587cf6ecf,3,200,200000
8db998d5fd64f85a1847115208f73873.cnf.xz,stable-semantics,SAT,10,0.318,0.892,simplify,0.0,0.0,0,5442,28b587cf6ecf,3,200,200000
8db998d5fd64f85a1847115208f73873.cnf.xz,stable-semantics,SAT,10,0.318,0.892,total,0.59,100.0,0,5442,28b587cf6ecf,3,200,200000
91860f79f079fede859034c7d76a98a2.cnf.xz,station-repacking,UNKNOWN,0,0.076,7.195,search,3.51,49.37,200002,36399558,28b587cf6ecf,3,200,200000
91860f79f079fede859034c7d76a98a2.cnf.xz,station-repacking,UNKNOWN,0,0.076,7.195,simplify,2.96,41.66,200002,36399558,28b587cf6ecf,3,200,200000
91860f79f079fede859034c7d76a98a2.cnf.xz,station-repacking,UNKNOWN,0,0.076,7.195,probe,2.23,31.37,200002,36399558,28b587cf6ecf,3,200,200000
91860f79f079fede859034c7d76a98a2.cnf.xz,station-repacking,UNKNOWN,0,0.076,7.195,focused,1.97,27.73,200002,36399558,28b587cf6ecf,3,200,200000
91860f79f079fede859034c7d76a98a2.cnf.xz,station-repacking,UNKNOWN,0,0.076,7.195,stable,1.54,21.63,200002,36399558,28b587cf6ecf,3,200,200000
91860f79f079fede859034c7d76a98a2.cnf.xz,station-repacking,UNKNOWN,0,0.076,7.195,analyze,1.34,18.87,200002,36399558,28b587cf6ecf,3,200,200000
91860f79f079fede859034c7d76a98a2.cnf.xz,station-repacking,UNKNOWN,0,0.076,7.195,eliminate,1.24,17.39,200002,36399558,28b587cf6ecf,3,200,200000
91860f79f079fede859034c7d76a98a2.cnf.xz,station-repacking,UNKNOWN,0,0.076,7.195,factor,0.79,11.16,200002,36399558,28b587cf6ecf,3,200,200000
91860f79f079fede859034c7d76a98a2.cnf.xz,station-repacking,UNKNOWN,0,0.076,7.195,preprocess,0.58,8.11,200002,36399558,28b587cf6ecf,3,200,200000
91860f79f079fede859034c7d76a98a2.cnf.xz,station-repacking,UNKNOWN,0,0.076,7.195,vivify,0.53,7.38,200002,36399558,28b587cf6ecf,3,200,200000
91860f79f079fede859034c7d76a98a2.cnf.xz,station-repacking,UNKNOWN,0,0.076,7.195,definition,0.52,7.37,200002,36399558,28b587cf6ecf,3,200,200000
91860f79f079fede859034c7d76a98a2.cnf.xz,station-repacking,UNKNOWN,0,0.076,7.195,substitute,0.33,4.66,200002,36399558,28b587cf6ecf,3,200,200000
91860f79f079fede859034c7d76a98a2.cnf.xz,station-repacking,UNKNOWN,0,0.076,7.195,shrink,0.32,4.44,200002,36399558,28b587cf6ecf,3,200,200000
91860f79f079fede859034c7d76a98a2.cnf.xz,station-repacking,UNKNOWN,0,0.076,7.195,deduce,0.24,3.36,200002,36399558,28b587cf6ecf,3,200,200000
91860f79f079fede859034c7d76a98a2.cnf.xz,station-repacking,UNKNOWN,0,0.076,7.195,bump,0.23,3.17,200002,36399558,28b587cf6ecf,3,200,200000
91860f79f079fede859034c7d76a98a2.cnf.xz,station-repacking,UNKNOWN,0,0.076,7.195,sweep,0.2,2.86,200002,36399558,28b587cf6ecf,3,200,200000
91860f79f079fede859034c7d76a98a2.cnf.xz,station-repacking,UNKNOWN,0,0.076,7.195,reduce,0.19,2.71,200002,36399558,28b587cf6ecf,3,200,200000
91860f79f079fede859034c7d76a98a2.cnf.xz,station-repacking,UNKNOWN,0,0.076,7.195,collect,0.19,2.66,200002,36399558,28b587cf6ecf,3,200,200000
91860f79f079fede859034c7d76a98a2.cnf.xz,station-repacking,UNKNOWN,0,0.076,7.195,backbone,0.16,2.32,200002,36399558,28b587cf6ecf,3,200,200000
91860f79f079fede859034c7d76a98a2.cnf.xz,station-repacking,UNKNOWN,0,0.076,7.195,vivify1,0.15,2.16,200002,36399558,28b587cf6ecf,3,200,200000
91860f79f079fede859034c7d76a98a2.cnf.xz,station-repacking,UNKNOWN,0,0.076,7.195,vivify0,0.15,2.1,200002,36399558,28b587cf6ecf,3,200,200000
91860f79f079fede859034c7d76a98a2.cnf.xz,station-repacking,UNKNOWN,0,0.076,7.195,vivify2,0.14,1.97,200002,36399558,28b587cf6ecf,3,200,200000
91860f79f079fede859034c7d76a98a2.cnf.xz,station-repacking,UNKNOWN,0,0.076,7.195,congruence,0.13,1.76,200002,36399558,28b587cf6ecf,3,200,200000
91860f79f079fede859034c7d76a98a2.cnf.xz,station-repacking,UNKNOWN,0,0.076,7.195,sweepbackbone,0.12,1.72,200002,36399558,28b587cf6ecf,3,200,200000
91860f79f079fede859034c7d76a98a2.cnf.xz,station-repacking,UNKNOWN,0,0.076,7.195,extract,0.11,1.51,200002,36399558,28b587cf6ecf,3,200,200000
91860f79f079fede859034c7d76a98a2.cnf.xz,station-repacking,UNKNOWN,0,0.076,7.195,transitive,0.09,1.22,200002,36399558,28b587cf6ecf,3,200,200000
91860f79f079fede859034c7d76a98a2.cnf.xz,station-repacking,UNKNOWN,0,0.076,7.195,vivify3,0.08,1.16,200002,36399558,28b587cf6ecf,3,200,200000
91860f79f079fede859034c7d76a98a2.cnf.xz,station-repacking,UNKNOWN,0,0.076,7.195,subsume,0.08,1.09,200002,36399558,28b587cf6ecf,3,200,200000
91860f79f079fede859034c7d76a98a2.cnf.xz,station-repacking,UNKNOWN,0,0.076,7.195,walking,0.07,0.92,200002,36399558,28b587cf6ecf,3,200,200000
91860f79f079fede859034c7d76a98a2.cnf.xz,station-repacking,UNKNOWN,0,0.076,7.195,extractands,0.06,0.83,200002,36399558,28b587cf6ecf,3,200,200000
91860f79f079fede859034c7d76a98a2.cnf.xz,station-repacking,UNKNOWN,0,0.076,7.195,minimize,0.06,0.83,200002,36399558,28b587cf6ecf,3,200,200000
91860f79f079fede859034c7d76a98a2.cnf.xz,station-repacking,UNKNOWN,0,0.076,7.195,parse,0.06,0.79,200002,36399558,28b587cf6ecf,3,200,200000
91860f79f079fede859034c7d76a98a2.cnf.xz,station-repacking,UNKNOWN,0,0.076,7.195,reorder,0.05,0.64,200002,36399558,28b587cf6ecf,3,200,200000
91860f79f079fede859034c7d76a98a2.cnf.xz,station-repacking,UNKNOWN,0,0.076,7.195,warmup,0.03,0.38,200002,36399558,28b587cf6ecf,3,200,200000
91860f79f079fede859034c7d76a98a2.cnf.xz,station-repacking,UNKNOWN,0,0.076,7.195,sweepequivalences,0.02,0.28,200002,36399558,28b587cf6ecf,3,200,200000
91860f79f079fede859034c7d76a98a2.cnf.xz,station-repacking,UNKNOWN,0,0.076,7.195,restart,0.02,0.22,200002,36399558,28b587cf6ecf,3,200,200000
91860f79f079fede859034c7d76a98a2.cnf.xz,station-repacking,UNKNOWN,0,0.076,7.195,extractbinaries,0.01,0.19,200002,36399558,28b587cf6ecf,3,200,200000
91860f79f079fede859034c7d76a98a2.cnf.xz,station-repacking,UNKNOWN,0,0.076,7.195,defrag,0.01,0.14,200002,36399558,28b587cf6ecf,3,200,200000
91860f79f079fede859034c7d76a98a2.cnf.xz,station-repacking,UNKNOWN,0,0.076,7.195,lucky,0.0,0.07,200002,36399558,28b587cf6ecf,3,200,200000
91860f79f079fede859034c7d76a98a2.cnf.xz,station-repacking,UNKNOWN,0,0.076,7.195,extractites,0.0,0.02,200002,36399558,28b587cf6ecf,3,200,200000
91860f79f079fede859034c7d76a98a2.cnf.xz,station-repacking,UNKNOWN,0,0.076,7.195,extractxors,0.0,0.02,200002,36399558,28b587cf6ecf,3,200,200000
91860f79f079fede859034c7d76a98a2.cnf.xz,station-repacking,UNKNOWN,0,0.076,7.195,rephase,0.0,0.01,200002,36399558,28b587cf6ecf,3,200,200000
91860f79f079fede859034c7d76a98a2.cnf.xz,station-repacking,UNKNOWN,0,0.076,7.195,merge,0.0,0.0,200002,36399558,28b587cf6ecf,3,200,200000
91860f79f079fede859034c7d76a98a2.cnf.xz,station-repacking,UNKNOWN,0,0.076,7.195,total,7.12,100.0,200002,36399558,28b587cf6ecf,3,200,200000
9d20bb1bd01838d70177ffd3aa284aeb.cnf.xz,miter,SAT,10,0.142,0.299,parse,0.12,75.38,0,593269,28b587cf6ecf,3,200,200000
9d20bb1bd01838d70177ffd3aa284aeb.cnf.xz,miter,SAT,10,0.142,0.299,lucky,0.04,24.47,0,593269,28b587cf6ecf,3,200,200000
9d20bb1bd01838d70177ffd3aa284aeb.cnf.xz,miter,SAT,10,0.142,0.299,defrag,0.02,13.46,0,593269,28b587cf6ecf,3,200,200000
9d20bb1bd01838d70177ffd3aa284aeb.cnf.xz,miter,SAT,10,0.142,0.299,search,0.0,0.0,0,593269,28b587cf6ecf,3,200,200000
9d20bb1bd01838d70177ffd3aa284aeb.cnf.xz,miter,SAT,10,0.142,0.299,simplify,0.0,0.0,0,593269,28b587cf6ecf,3,200,200000
9d20bb1bd01838d70177ffd3aa284aeb.cnf.xz,miter,SAT,10,0.142,0.299,total,0.16,100.0,0,593269,28b587cf6ecf,3,200,200000
bbcfd33f07cbf6fefa950d8254aa34ce.cnf.xz,ecc-equivalence-checking,SAT,10,5.457,10.505,parse,4.93,91.89,0,12129449,28b587cf6ecf,3,200,200000
bbcfd33f07cbf6fefa950d8254aa34ce.cnf.xz,ecc-equivalence-checking,SAT,10,5.457,10.505,defrag,1.41,26.2,0,12129449,28b587cf6ecf,3,200,200000
bbcfd33f07cbf6fefa950d8254aa34ce.cnf.xz,ecc-equivalence-checking,SAT,10,5.457,10.505,lucky,0.43,8.11,0,12129449,28b587cf6ecf,3,200,200000
bbcfd33f07cbf6fefa950d8254aa34ce.cnf.xz,ecc-equivalence-checking,SAT,10,5.457,10.505,search,0.0,0.0,0,12129449,28b587cf6ecf,3,200,200000
bbcfd33f07cbf6fefa950d8254aa34ce.cnf.xz,ecc-equivalence-checking,SAT,10,5.457,10.505,simplify,0.0,0.0,0,12129449,28b587cf6ecf,3,200,200000
bbcfd33f07cbf6fefa950d8254aa34ce.cnf.xz,ecc-equivalence-checking,SAT,10,5.457,10.505,total,5.36,100.0,0,12129449,28b587cf6ecf,3,200,200000
dc7817dfa2817916b266c1cfacd2ee66.cnf.xz,ramsey,UNKNOWN,0,0.019,8.865,search,6.08,68.79,200000,31565178,28b587cf6ecf,3,200,200000
dc7817dfa2817916b266c1cfacd2ee66.cnf.xz,ramsey,UNKNOWN,0,0.019,8.865,stable,3.14,35.53,200000,31565178,28b587cf6ecf,3,200,200000
dc7817dfa2817916b266c1cfacd2ee66.cnf.xz,ramsey,UNKNOWN,0,0.019,8.865,focused,2.94,33.26,200000,31565178,28b587cf6ecf,3,200,200000
dc7817dfa2817916b266c1cfacd2ee66.cnf.xz,ramsey,UNKNOWN,0,0.019,8.865,simplify,2.65,29.99,200000,31565178,28b587cf6ecf,3,200,200000
dc7817dfa2817916b266c1cfacd2ee66.cnf.xz,ramsey,UNKNOWN,0,0.019,8.865,probe,1.84,20.82,200000,31565178,28b587cf6ecf,3,200,200000
dc7817dfa2817916b266c1cfacd2ee66.cnf.xz,ramsey,UNKNOWN,0,0.019,8.865,analyze,1.55,17.55,200000,31565178,28b587cf6ecf,3,200,200000
dc7817dfa2817916b266c1cfacd2ee66.cnf.xz,ramsey,UNKNOWN,0,0.019,8.865,eliminate,0.88,9.91,200000,31565178,28b587cf6ecf,3,200,200000
dc7817dfa2817916b266c1cfacd2ee66.cnf.xz,ramsey,UNKNOWN,0,0.019,8.865,vivify,0.83,9.38,200000,31565178,28b587cf6ecf,3,200,200000
dc7817dfa2817916b266c1cfacd2ee66.cnf.xz,ramsey,UNKNOWN,0,0.019,8.865,sweep,0.57,6.42,200000,31565178,28b587cf6ecf,3,200,200000
dc7817dfa2817916b266c1cfacd2ee66.cnf.xz,ramsey,UNKNOWN,0,0.019,8.865,shrink,0.42,4.74,200000,31565178,28b587cf6ecf,3,200,200000
dc7817dfa2817916b266c1cfacd2ee66.cnf.xz,ramsey,UNKNOWN,0,0.019,8.865,subsume,0.37,4.16,200000,31565178,28b587cf6ecf,3,200,200000
dc7817dfa2817916b266c1cfacd2ee66.cnf.xz,ramsey,UNKNOWN,0,0.019,8.865,deduce,0.29,3.29,200000,31565178,28b587cf6ecf,3,200,200000
dc7817dfa2817916b266c1cfacd2ee66.cnf.xz,ramsey,UNKNOWN,0,0.019,8.865,definition,0.28,3.21,200000,31565178,28b587cf6ecf,3,200,200000
dc7817dfa2817916b266c1cfacd2ee66.cnf.xz,ramsey,UNKNOWN,0,0.019,8.865,vivify2,0.25,2.79,200000,31565178,28b587cf6ecf,3,200,200000
dc7817dfa2817916b266c1cfacd2ee66.cnf.xz,ramsey,UNKNOWN,0,0.019,8.865,vivify1,0.22,2.46,200000,31565178,28b587cf6ecf,3,200,200000
dc7817dfa2817916b266c1cfacd2ee66.cnf.xz,ramsey,UNKNOWN,0,0.019,8.865,bump,0.21,2.42,200000,31565178,28b587cf6ecf,3,200,200000
dc7817dfa2817916b266c1cfacd2ee66.cnf.xz,ramsey,UNKNOWN,0,0.019,8.865,vivify0,0.21,2.4,200000,31565178,28b587cf6ecf,3,200,200000
dc7817dfa2817916b266c1cfacd2ee66.cnf.xz,ramsey,UNKNOWN,0,0.019,8.865,sweepbackbone,0.2,2.29,200000,31565178,28b587cf6ecf,3,200,200000
dc7817dfa2817916b266c1cfacd2ee66.cnf.xz,ramsey,UNKNOWN,0,0.019,8.865,substitute,0.17,1.96,200000,31565178,28b587cf6ecf,3,200,200000
dc7817dfa2817916b266c1cfacd2ee66.cnf.xz,ramsey,UNKNOWN,0,0.019,8.865,vivify3,0.15,1.74,200000,31565178,28b587cf6ecf,3,200,200000
dc7817dfa2817916b266c1cfacd2ee66.cnf.xz,ramsey,UNKNOWN,0,0.019,8.865,sweepequivalences,0.15,1.69,200000,31565178,28b587cf6ecf,3,200,200000
dc7817dfa2817916b266c1cfacd2ee66.cnf.xz,ramsey,UNKNOWN,0,0.019,8.865,factor,0.14,1.61,200000,31565178,28b587cf6ecf,3,200,200000
dc7817dfa2817916b266c1cfacd2ee66.cnf.xz,ramsey,UNKNOWN,0,0.019,8.865,reduce,0.11,1.23,200000,31565178,28b587cf6ecf,3,200,200000
dc7817dfa2817916b266c1cfacd2ee66.cnf.xz,ramsey,UNKNOWN,0,0.019,8.865,collect,0.1,1.18,200000,31565178,28b587cf6ecf,3,200,200000
dc7817dfa2817916b266c1cfacd2ee66.cnf.xz,ramsey,UNKNOWN,0,0.019,8.865,congruence,0.09,1.01,200000,31565178,28b587cf6ecf,3,200,200000
dc7817dfa2817916b266c1cfacd2ee66.cnf.xz,ramsey,UNKNOWN,0,0.019,8.865,preprocess,0.09,0.97,200000,31565178,28b587cf6ecf,3,200,200000
dc7817dfa2817916b266c1cfacd2ee66.cnf.xz,ramsey,UNKNOWN,0,0.019,8.865,minimize,0.06,0.65,200000,31565178,28b587cf6ecf,3,200,200000
dc7817dfa2817916b266c1cfacd2ee66.cnf.xz,ramsey,UNKNOWN,0,0.019,8.865,matching,0.05,0.58,200000,31565178,28b587cf6ecf,3,200,200000
dc7817dfa2817916b266c1cfacd2ee66.cnf.xz,ramsey,UNKNOWN,0,0.019,8.865,extract,0.04,0.41,200000,31565178,28b587cf6ecf,3,200,200000
dc7817dfa2817916b266c1cfacd2ee66.cnf.xz,ramsey,UNKNOWN,0,0.019,8.865,transitive,0.03,0.3,200000,31565178,28b587cf6ecf,3,200,200000
dc7817dfa2817916b266c1cfacd2ee66.cnf.xz,ramsey,UNKNOWN,0,0.019,8.865,parse,0.02,0.21,200000,31565178,28b587cf6ecf,3,200,200000
dc7817dfa2817916b266c1cfacd2ee66.cnf.xz,ramsey,UNKNOWN,0,0.019,8.865,defrag,0.02,0.2,200000,31565178,28b587cf6ecf,3,200,200000
dc7817dfa2817916b266c1cfacd2ee66.cnf.xz,ramsey,UNKNOWN,0,0.019,8.865,walking,0.02,0.2,200000,31565178,28b587cf6ecf,3,200,200000
dc7817dfa2817916b266c1cfacd2ee66.cnf.xz,ramsey,UNKNOWN,0,0.019,8.865,backbone,0.01,0.14,200000,31565178,28b587cf6ecf,3,200,200000
dc7817dfa2817916b266c1cfacd2ee66.cnf.xz,ramsey,UNKNOWN,0,0.019,8.865,restart,0.01,0.11,200000,31565178,28b587cf6ecf,3,200,200000
dc7817dfa2817916b266c1cfacd2ee66.cnf.xz,ramsey,UNKNOWN,0,0.019,8.865,extractands,0.01,0.1,200000,31565178,28b587cf6ecf,3,200,200000
dc7817dfa2817916b266c1cfacd2ee66.cnf.xz,ramsey,UNKNOWN,0,0.019,8.865,reorder,0.01,0.09,200000,31565178,28b587cf6ecf,3,200,200000
dc7817dfa2817916b266c1cfacd2ee66.cnf.xz,ramsey,UNKNOWN,0,0.019,8.865,extractxors,0.01,0.09,200000,31565178,28b587cf6ecf,3,200,200000
dc7817dfa2817916b266c1cfacd2ee66.cnf.xz,ramsey,UNKNOWN,0,0.019,8.865,extractites,0.01,0.08,200000,31565178,28b587cf6ecf,3,200,200000
dc7817dfa2817916b266c1cfacd2ee66.cnf.xz,ramsey,UNKNOWN,0,0.019,8.865,warmup,0.01,0.07,200000,31565178,28b587cf6ecf,3,200,200000
dc7817dfa2817916b266c1cfacd2ee66.cnf.xz,ramsey,UNKNOWN,0,0.019,8.865,extractbinaries,0.0,0.05,200000,31565178,28b587cf6ecf,3,200,200000
dc7817dfa2817916b266c1cfacd2ee66.cnf.xz,ramsey,UNKNOWN,0,0.019,8.865,lucky,0.0,0.04,200000,31565178,28b587cf6ecf,3,200,200000
dc7817dfa2817916b266c1cfacd2ee66.cnf.xz,ramsey,UNKNOWN,0,0.019,8.865,rephase,0.0,0.0,200000,31565178,28b587cf6ecf,3,200,200000
dc7817dfa2817916b266c1cfacd2ee66.cnf.xz,ramsey,UNKNOWN,0,0.019,8.865,merge,0.0,0.0,200000,31565178,28b587cf6ecf,3,200,200000
dc7817dfa2817916b266c1cfacd2ee66.cnf.xz,ramsey,UNKNOWN,0,0.019,8.865,total,8.84,100.0,200000,31565178,28b587cf6ecf,3,200,200000
e55a49d8065d65650f24c0f3ecef30b6.cnf.xz,maxsat-optimum,UNKNOWN,0,0.085,25.218,search,19.66,78.27,200000,348589422,28b587cf6ecf,3,200,200000
e55a49d8065d65650f24c0f3ecef30b6.cnf.xz,maxsat-optimum,UNKNOWN,0,0.085,25.218,stable,10.05,39.99,200000,348589422,28b587cf6ecf,3,200,200000
e55a49d8065d65650f24c0f3ecef30b6.cnf.xz,maxsat-optimum,UNKNOWN,0,0.085,25.218,focused,9.62,38.28,200000,348589422,28b587cf6ecf,3,200,200000
e55a49d8065d65650f24c0f3ecef30b6.cnf.xz,maxsat-optimum,UNKNOWN,0,0.085,25.218,simplify,4.99,19.87,200000,348589422,28b587cf6ecf,3,200,200000
e55a49d8065d65650f24c0f3ecef30b6.cnf.xz,maxsat-optimum,UNKNOWN,0,0.085,25.218,probe,4.8,19.11,200000,348589422,28b587cf6ecf,3,200,200000
e55a49d8065d65650f24c0f3ecef30b6.cnf.xz,maxsat-optimum,UNKNOWN,0,0.085,25.218,analyze,3.16,12.57,200000,348589422,28b587cf6ecf,3,200,200000
e55a49d8065d65650f24c0f3ecef30b6.cnf.xz,maxsat-optimum,UNKNOWN,0,0.085,25.218,vivify,2.57,10.25,200000,348589422,28b587cf6ecf,3,200,200000
e55a49d8065d65650f24c0f3ecef30b6.cnf.xz,maxsat-optimum,UNKNOWN,0,0.085,25.218,shrink,0.89,3.55,200000,348589422,28b587cf6ecf,3,200,200000
e55a49d8065d65650f24c0f3ecef30b6.cnf.xz,maxsat-optimum,UNKNOWN,0,0.085,25.218,vivify2,0.89,3.52,200000,348589422,28b587cf6ecf,3,200,200000
e55a49d8065d65650f24c0f3ecef30b6.cnf.xz,maxsat-optimum,UNKNOWN,0,0.085,25.218,factor,0.85,3.37,200000,348589422,28b587cf6ecf,3,200,200000
e55a49d8065d65650f24c0f3ecef30b6.cnf.xz,maxsat-optimum,UNKNOWN,0,0.085,25.218,vivify1,0.8,3.17,200000,348589422,28b587cf6ecf,3,200,200000
e55a49d8065d65650f24c0f3ecef30b6.cnf.xz,maxsat-optimum,UNKNOWN,0,0.085,25.218,sweep,0.5,2.0,200000,348589422,28b587cf6ecf,3,200,200000
e55a49d8065d65650f24c0f3ecef30b6.cnf.xz,maxsat-optimum,UNKNOWN,0,0.085,25.218,deduce,0.5,1.99,200000,348589422,28b587cf6ecf,3,200,200000
e55a49d8065d65650f24c0f3ecef30b6.cnf.xz,maxsat-optimum,UNKNOWN,0,0.085,25.218,vivify0,0.49,1.94,200000,348589422,28b587cf6ecf,3,200,200000
e55a49d8065d65650f24c0f3ecef30b6.cnf.xz,maxsat-optimum,UNKNOWN,0,0.085,25.218,eliminate,0.48,1.93,200000,348589422,28b587cf6ecf,3,200,200000
e55a49d8065d65650f24c0f3ecef30b6.cnf.xz,maxsat-optimum,UNKNOWN,0,0.085,25.218,vivify3,0.41,1.61,200000,348589422,28b587cf6ecf,3,200,200000
e55a49d8065d65650f24c0f3ecef30b6.cnf.xz,maxsat-optimum,UNKNOWN,0,0.085,25.218,substitute,0.38,1.53,200000,348589422,28b587cf6ecf,3,200,200000
e55a49d8065d65650f24c0f3ecef30b6.cnf.xz,maxsat-optimum,UNKNOWN,0,0.085,25.218,bump,0.38,1.5,200000,348589422,28b587cf6ecf,3,200,200000
e55a49d8065d65650f24c0f3ecef30b6.cnf.xz,maxsat-optimum,UNKNOWN,0,0.085,25.218,preprocess,0.38,1.5,200000,348589422,28b587cf6ecf,3,200,200000
e55a49d8065d65650f24c0f3ecef30b6.cnf.xz,maxsat-optimum,UNKNOWN,0,0.085,25.218,restart,0.23,0.91,200000,348589422,28b587cf6ecf,3,200,200000
e55a49d8065d65650f24c0f3ecef30b6.cnf.xz,maxsat-optimum,UNKNOWN,0,0.085,25.218,reduce,0.22,0.87,200000,348589422,28b587cf6ecf,3,200,200000
e55a49d8065d65650f24c0f3ecef30b6.cnf.xz,maxsat-optimum,UNKNOWN,0,0.085,25.218,collect,0.21,0.84,200000,348589422,28b587cf6ecf,3,200,200000
e55a49d8065d65650f24c0f3ecef30b6.cnf.xz,maxsat-optimum,UNKNOWN,0,0.085,25.218,transitive,0.21,0.83,200000,348589422,28b587cf6ecf,3,200,200000
e55a49d8065d65650f24c0f3ecef30b6.cnf.xz,maxsat-optimum,UNKNOWN,0,0.085,25.218,sweepbackbone,0.18,0.73,200000,348589422,28b587cf6ecf,3,200,200000
e55a49d8065d65650f24c0f3ecef30b6.cnf.xz,maxsat-optimum,UNKNOWN,0,0.085,25.218,backbone,0.17,0.69,200000,348589422,28b587cf6ecf,3,200,200000
e55a49d8065d65650f24c0f3ecef30b6.cnf.xz,maxsat-optimum,UNKNOWN,0,0.085,25.218,subsume,0.15,0.61,200000,348589422,28b587cf6ecf,3,200,200000
e55a49d8065d65650f24c0f3ecef30b6.cnf.xz,maxsat-optimum,UNKNOWN,0,0.085,25.218,congruence,0.11,0.44,200000,348589422,28b587cf6ecf,3,200,200000
e55a49d8065d65650f24c0f3ecef30b6.cnf.xz,maxsat-optimum,UNKNOWN,0,0.085,25.218,extract,0.1,0.4,200000,348589422,28b587cf6ecf,3,200,200000
e55a49d8065d65650f24c0f3ecef30b6.cnf.xz,maxsat-optimum,UNKNOWN,0,0.085,25.218,definition,0.1,0.39,200000,348589422,28b587cf6ecf,3,200,200000
e55a49d8065d65650f24c0f3ecef30b6.cnf.xz,maxsat-optimum,UNKNOWN,0,0.085,25.218,sweepequivalences,0.09,0.36,200000,348589422,28b587cf6ecf,3,200,200000
e55a49d8065d65650f24c0f3ecef30b6.cnf.xz,maxsat-optimum,UNKNOWN,0,0.085,25.218,walking,0.08,0.33,200000,348589422,28b587cf6ecf,3,200,200000
e55a49d8065d65650f24c0f3ecef30b6.cnf.xz,maxsat-optimum,UNKNOWN,0,0.085,25.218,minimize,0.06,0.25,200000,348589422,28b587cf6ecf,3,200,200000
e55a49d8065d65650f24c0f3ecef30b6.cnf.xz,maxsat-optimum,UNKNOWN,0,0.085,25.218,extractands,0.05,0.2,200000,348589422,28b587cf6ecf,3,200,200000
e55a49d8065d65650f24c0f3ecef30b6.cnf.xz,maxsat-optimum,UNKNOWN,0,0.085,25.218,lucky,0.05,0.18,200000,348589422,28b587cf6ecf,3,200,200000
e55a49d8065d65650f24c0f3ecef30b6.cnf.xz,maxsat-optimum,UNKNOWN,0,0.085,25.218,parse,0.04,0.18,200000,348589422,28b587cf6ecf,3,200,200000
e55a49d8065d65650f24c0f3ecef30b6.cnf.xz,maxsat-optimum,UNKNOWN,0,0.085,25.218,reorder,0.04,0.15,200000,348589422,28b587cf6ecf,3,200,200000
e55a49d8065d65650f24c0f3ecef30b6.cnf.xz,maxsat-optimum,UNKNOWN,0,0.085,25.218,warmup,0.02,0.09,200000,348589422,28b587cf6ecf,3,200,200000
e55a49d8065d65650f24c0f3ecef30b6.cnf.xz,maxsat-optimum,UNKNOWN,0,0.085,25.218,defrag,0.01,0.05,200000,348589422,28b587cf6ecf,3,200,200000
e55a49d8065d65650f24c0f3ecef30b6.cnf.xz,maxsat-optimum,UNKNOWN,0,0.085,25.218,extractbinaries,0.01,0.05,200000,348589422,28b587cf6ecf,3,200,200000
e55a49d8065d65650f24c0f3ecef30b6.cnf.xz,maxsat-optimum,UNKNOWN,0,0.085,25.218,extractxors,0.01,0.03,200000,348589422,28b587cf6ecf,3,200,200000
e55a49d8065d65650f24c0f3ecef30b6.cnf.xz,maxsat-optimum,UNKNOWN,0,0.085,25.218,extractites,0.0,0.01,200000,348589422,28b587cf6ecf,3,200,200000
e55a49d8065d65650f24c0f3ecef30b6.cnf.xz,maxsat-optimum,UNKNOWN,0,0.085,25.218,rephase,0.0,0.0,200000,348589422,28b587cf6ecf,3,200,200000
e55a49d8065d65650f24c0f3ecef30b6.cnf.xz,maxsat-optimum,UNKNOWN,0,0.085,25.218,merge,0.0,0.0,200000,348589422,28b587cf6ecf,3,200,200000
e55a49d8065d65650f24c0f3ecef30b6.cnf.xz,maxsat-optimum,UNKNOWN,0,0.085,25.218,total,25.12,100.0,200000,348589422,28b587cf6ecf,3,200,200000
e85fb114c33f450dc2622c78bc6fa019.cnf.xz,miter,ERROR,-6,12.781,48.972,parse,7.81,100.0,0,5921797,28b587cf6ecf,3,200,200000
e85fb114c33f450dc2622c78bc6fa019.cnf.xz,miter,ERROR,-6,12.781,48.972,search,0.0,0.0,0,5921797,28b587cf6ecf,3,200,200000
e85fb114c33f450dc2622c78bc6fa019.cnf.xz,miter,ERROR,-6,12.781,48.972,simplify,0.0,0.0,0,5921797,28b587cf6ecf,3,200,200000
e85fb114c33f450dc2622c78bc6fa019.cnf.xz,miter,ERROR,-6,12.781,48.972,total,7.81,100.0,0,5921797,28b587cf6ecf,3,200,200000
f497bda3018958d7ba2d1cd99da3982e.cnf.xz,graph-coloring,UNKNOWN,0,0.003,3.618,search,3.05,84.49,200001,18564554,28b587cf6ecf,3,200,200000
f497bda3018958d7ba2d1cd99da3982e.cnf.xz,graph-coloring,UNKNOWN,0,0.003,3.618,focused,1.69,46.69,200001,18564554,28b587cf6ecf,3,200,200000
f497bda3018958d7ba2d1cd99da3982e.cnf.xz,graph-coloring,UNKNOWN,0,0.003,3.618,stable,1.37,37.79,200001,18564554,28b587cf6ecf,3,200,200000
f497bda3018958d7ba2d1cd99da3982e.cnf.xz,graph-coloring,UNKNOWN,0,0.003,3.618,analyze,1.23,34.16,200001,18564554,28b587cf6ecf,3,200,200000
f497bda3018958d7ba2d1cd99da3982e.cnf.xz,graph-coloring,UNKNOWN,0,0.003,3.618,simplify,0.52,14.44,200001,18564554,28b587cf6ecf,3,200,200000
f497bda3018958d7ba2d1cd99da3982e.cnf.xz,graph-coloring,UNKNOWN,0,0.003,3.618,probe,0.47,13.13,200001,18564554,28b587cf6ecf,3,200,200000
f497bda3018958d7ba2d1cd99da3982e.cnf.xz,graph-coloring,UNKNOWN,0,0.003,3.618,shrink,0.28,7.86,200001,18564554,28b587cf6ecf,3,200,200000
f497bda3018958d7ba2d1cd99da3982e.cnf.xz,graph-coloring,UNKNOWN,0,0.003,3.618,vivify,0.25,6.85,200001,18564554,28b587cf6ecf,3,200,200000
f497bda3018958d7ba2d1cd99da3982e.cnf.xz,graph-coloring,UNKNOWN,0,0.003,3.618,deduce,0.22,6.11,200001,18564554,28b587cf6ecf,3,200,200000
f497bda3018958d7ba2d1cd99da3982e.cnf.xz,graph-coloring,UNKNOWN,0,0.003,3.618,bump,0.21,5.68,200001,18564554,28b587cf6ecf,3,200,200000
f497bda3018958d7ba2d1cd99da3982e.cnf.xz,graph-coloring,UNKNOWN,0,0.003,3.618,sweep,0.12,3.43,200001,18564554,28b587cf6ecf,3,200,200000
f497bda3018958d7ba2d1cd99da3982e.cnf.xz,graph-coloring,UNKNOWN,0,0.003,3.618,vivify1,0.11,2.99,200001,18564554,28b587cf6ecf,3,200,200000
f497bda3018958d7ba2d1cd99da3982e.cnf.xz,graph-coloring,UNKNOWN,0,0.003,3.618,sweepbackbone,0.1,2.64,200001,18564554,28b587cf6ecf,3,200,200000
f497bda3018958d7ba2d1cd99da3982e.cnf.xz,graph-coloring,UNKNOWN,0,0.003,3.618,reduce,0.09,2.62,200001,18564554,28b587cf6ecf,3,200,200000
f497bda3018958d7ba2d1cd99da3982e.cnf.xz,graph-coloring,UNKNOWN,0,0.003,3.618,collect,0.09,2.37,200001,18564554,28b587cf6ecf,3,200,200000
f497bda3018958d7ba2d1cd99da3982e.cnf.xz,graph-coloring,UNKNOWN,0,0.003,3.618,vivify2,0.09,2.37,200001,18564554,28b587cf6ecf,3,200,200000
f497bda3018958d7ba2d1cd99da3982e.cnf.xz,graph-coloring,UNKNOWN,0,0.003,3.618,eliminate,0.07,2.06,200001,18564554,28b587cf6ecf,3,200,200000
f497bda3018958d7ba2d1cd99da3982e.cnf.xz,graph-coloring,UNKNOWN,0,0.003,3.618,minimize,0.06,1.61,200001,18564554,28b587cf6ecf,3,200,200000
f497bda3018958d7ba2d1cd99da3982e.cnf.xz,graph-coloring,UNKNOWN,0,0.003,3.618,vivify3,0.04,1.13,200001,18564554,28b587cf6ecf,3,200,200000
f497bda3018958d7ba2d1cd99da3982e.cnf.xz,graph-coloring,UNKNOWN,0,0.003,3.618,factor,0.04,1.04,200001,18564554,28b587cf6ecf,3,200,200000
f497bda3018958d7ba2d1cd99da3982e.cnf.xz,graph-coloring,UNKNOWN,0,0.003,3.618,preprocess,0.04,1.0,200001,18564554,28b587cf6ecf,3,200,200000
f497bda3018958d7ba2d1cd99da3982e.cnf.xz,graph-coloring,UNKNOWN,0,0.003,3.618,definition,0.03,0.92,200001,18564554,28b587cf6ecf,3,200,200000
f497bda3018958d7ba2d1cd99da3982e.cnf.xz,graph-coloring,UNKNOWN,0,0.003,3.618,substitute,0.03,0.86,200001,18564554,28b587cf6ecf,3,200,200000
f497bda3018958d7ba2d1cd99da3982e.cnf.xz,graph-coloring,UNKNOWN,0,0.003,3.618,transitive,0.02,0.42,200001,18564554,28b587cf6ecf,3,200,200000
f497bda3018958d7ba2d1cd99da3982e.cnf.xz,graph-coloring,UNKNOWN,0,0.003,3.618,backbone,0.01,0.4,200001,18564554,28b587cf6ecf,3,200,200000
f497bda3018958d7ba2d1cd99da3982e.cnf.xz,graph-coloring,UNKNOWN,0,0.003,3.618,vivify0,0.01,0.36,200001,18564554,28b587cf6ecf,3,200,200000
f497bda3018958d7ba2d1cd99da3982e.cnf.xz,graph-coloring,UNKNOWN,0,0.003,3.618,walking,0.01,0.25,200001,18564554,28b587cf6ecf,3,200,200000
f497bda3018958d7ba2d1cd99da3982e.cnf.xz,graph-coloring,UNKNOWN,0,0.003,3.618,sweepequivalences,0.01,0.2,200001,18564554,28b587cf6ecf,3,200,200000
f497bda3018958d7ba2d1cd99da3982e.cnf.xz,graph-coloring,UNKNOWN,0,0.003,3.618,subsume,0.01,0.16,200001,18564554,28b587cf6ecf,3,200,200000
f497bda3018958d7ba2d1cd99da3982e.cnf.xz,graph-coloring,UNKNOWN,0,0.003,3.618,congruence,0.0,0.13,200001,18564554,28b587cf6ecf,3,200,200000
f497bda3018958d7ba2d1cd99da3982e.cnf.xz,graph-coloring,UNKNOWN,0,0.003,3.618,defrag,0.0,0.12,200001,18564554,28b587cf6ecf,3,200,200000
f497bda3018958d7ba2d1cd99da3982e.cnf.xz,graph-coloring,UNKNOWN,0,0.003,3.618,extract,0.0,0.11,200001,18564554,28b587cf6ecf,3,200,200000
f497bda3018958d7ba2d1cd99da3982e.cnf.xz,graph-coloring,UNKNOWN,0,0.003,3.618,reorder,0.0,0.06,200001,18564554,28b587cf6ecf,3,200,200000
f497bda3018958d7ba2d1cd99da3982e.cnf.xz,graph-coloring,UNKNOWN,0,0.003,3.618,parse,0.0,0.06,200001,18564554,28b587cf6ecf,3,200,200000
f497bda3018958d7ba2d1cd99da3982e.cnf.xz,graph-coloring,UNKNOWN,0,0.003,3.618,warmup,0.0,0.05,200001,18564554,28b587cf6ecf,3,200,200000
f497bda3018958d7ba2d1cd99da3982e.cnf.xz,graph-coloring,UNKNOWN,0,0.003,3.618,extractands,0.0,0.05,200001,18564554,28b587cf6ecf,3,200,200000
f497bda3018958d7ba2d1cd99da3982e.cnf.xz,graph-coloring,UNKNOWN,0,0.003,3.618,restart,0.0,0.04,200001,18564554,28b587cf6ecf,3,200,200000
f497bda3018958d7ba2d1cd99da3982e.cnf.xz,graph-coloring,UNKNOWN,0,0.003,3.618,lucky,0.0,0.02,200001,18564554,28b587cf6ecf,3,200,200000
f497bda3018958d7ba2d1cd99da3982e.cnf.xz,graph-coloring,UNKNOWN,0,0.003,3.618,extractbinaries,0.0,0.01,200001,18564554,28b587cf6ecf,3,200,200000
f497bda3018958d7ba2d1cd99da3982e.cnf.xz,graph-coloring,UNKNOWN,0,0.003,3.618,rephase,0.0,0.0,200001,18564554,28b587cf6ecf,3,200,200000
f497bda3018958d7ba2d1cd99da3982e.cnf.xz,graph-coloring,UNKNOWN,0,0.003,3.618,extractites,0.0,0.0,200001,18564554,28b587cf6ecf,3,200,200000
f497bda3018958d7ba2d1cd99da3982e.cnf.xz,graph-coloring,UNKNOWN,0,0.003,3.618,extractxors,0.0,0.0,200001,18564554,28b587cf6ecf,3,200,200000
f497bda3018958d7ba2d1cd99da3982e.cnf.xz,graph-coloring,UNKNOWN,0,0.003,3.618,total,3.61,100.0,200001,18564554,28b587cf6ecf,3,200,200000
