instance,family,status,exit_code,wall_s,in_vars,in_clauses,out_vars,out_clauses,proof_bytes,dejavu_gens,avg_support,row,row_column,johnson,sym_units,orbitopal_units,sym_binary,amo_binary,sym_lex,schreier_ms,total_ms,cambia,satsuma_sha1,started_at
043c91001968a1fbd1ef419540fcb396.cnf.xz,H,OK,0,1.637,9216,748640,9216,410537,8976945,9,418.67,6,0,0,2571,2556,0,327168,0,212.39,1627.44,1,9881df0f988e,2026-10-04T00:14:56-0400
0d082b8fa36f662217bee5524cd24d3a.cnf.xz,H,OK,0,4.23,920,48323,1,1,1284623,499,69.19,26,0,0,698,0,19,0,0,4129.05,4209.47,1,9881df0f988e,2026-10-04T00:15:00-0400
0ec6bf97a96b9840ae84f1d1da4c4dcd.cnf.xz,H,OK,0,0.468,969,220951,1,1,2289601,36,955.78,1,0,0,429,0,1,0,0,255.06,459.22,1,9881df0f988e,2026-10-04T00:15:01-0400
0f1070ba60b55aa62d3a98798a14700e.cnf.xz,H,OK,0,1.183,5640,116738,5640,93893,1858902,59,195.39,7,0,0,465,435,94,75255,0,628.21,1169.39,1,9881df0f988e,2026-10-04T00:15:02-0400
12ac1c71ff0405cc150c2a2db6c4a255.cnf.xz,H,OK,0,0.441,4875,336450,1,1,1243853,0,0.00,0,1,0,2081,2081,0,0,0,,433.1,1,9881df0f988e,2026-10-04T00:15:02-0400
15456f0d13b26f0b4b21525ef7d0d711.cnf.xz,H,OK,0,2.116,450,20035,1,1,424837,382,29.46,7,0,0,415,0,0,0,0,2088.67,2107.96,1,9881df0f988e,2026-10-04T00:15:05-0400
1890f49a43a94b97828528b68c32b78e.cnf.xz,H,OK,0,0.005,220,1122,1,1,8805,0,0.00,0,1,0,46,46,0,990,0,,2.34,1,9881df0f988e,2026-10-04T00:15:05-0400
1a3bef9e03bab1ed4e9e34506d72a451.cnf.xz,H,OK,0,0.524,10800,198762,10800,303996,2058018,0,0.00,1,0,0,276,276,0,124200,0,,517.51,1,9881df0f988e,2026-10-04T00:15:05-0400
1fb646d2657b6dd5f0106dbec9fd6c27.cnf.xz,H,OK,0,0.092,3280,65682,1,1,638709,0,0.00,0,1,0,781,781,0,63960,0,,88.36,1,9881df0f988e,2026-10-04T00:15:05-0400
266e890b706cf336378bf148bbda1aff.cnf.xz,H,OK,0,0.392,360,11715,1,1,176156,179,36.66,5,1,0,247,58,0,0,0,372.45,386.5,1,9881df0f988e,2026-10-04T00:15:06-0400
28dcc4119e1bbb5fbd3fdd8f4140f28d.cnf.xz,H,OK,0,0.035,2702,8933,2702,7683,32272,0,0.00,0,0,0,0,0,0,0,0,,31.61,0,9881df0f988e,2026-10-04T00:15:06-0400
2b7e863462991fd008f9898eca63ebf4.cnf.xz,H,OK,0,5.534,248213,803227,248213,764043,1043930,40,10214.40,0,0,0,39,0,0,1439,0,721.61,5515.02,1,9881df0f988e,2026-10-04T00:15:11-0400
306a29e966fa6293d407bc7ebbc3ecb1.cnf.xz,H,OK,0,11.231,15000,360625,1,1,13416447,18,27865.83,2,0,0,368,190,0,172500,0,9801.48,11224.27,1,9881df0f988e,2026-10-04T00:15:23-0400
35e0b5a19c88961d98dd806e805759f4.cnf.xz,H,OK,0,0.328,528,16401,1,1,510738,13,74.69,0,0,13,513,0,0,0,0,283.18,325.22,1,9881df0f988e,2026-10-04T00:15:23-0400
3c4ac805726d78a869ff8116ee3533db.cnf.xz,H,OK,0,0.006,308,2030,1,1,14414,0,0.00,0,1,0,56,56,0,1540,0,,2.86,1,9881df0f988e,2026-10-04T00:15:23-0400
43d40ced32b5be08814ef24f97379654.cnf.xz,H,OK,0,0.005,210,2850,1,1,9385,0,0.00,0,1,0,92,92,0,0,0,,2.32,1,9881df0f988e,2026-10-04T00:15:23-0400
44452f4bac1e77157bbc900c5cc0756d.cnf.xz,H,OK,0,0.198,9612,210064,9612,194794,240696,0,0.00,0,0,0,0,0,0,0,0,,193.32,0,9881df0f988e,2026-10-04T00:15:23-0400
58eaf62034046ed4fc52562869569b44.cnf.xz,H,OK,0,0.911,820,32021,1,1,1172841,13,74.69,0,0,17,801,0,0,0,0,812.70,907.08,1,9881df0f988e,2026-10-04T00:15:24-0400
5d02aa18eac7304c705577f1cce07784.cnf.xz,H,OK,0,0.641,24822,247840,24822,203610,808271,1,230858.00,0,0,0,2,0,0,9,0,43.93,634.83,1,9881df0f988e,2026-10-04T00:15:25-0400
5d06225b27017e9a703f10cb577cf3bf.cnf.xz,H,OK,0,0.033,625,17432,1,1,170238,0,0.00,2,1,0,164,164,0,0,0,,30.19,1,9881df0f988e,2026-10-04T00:15:25-0400
5d8b47745dba3fe50f9c8712be389cd5.cnf.xz,H,OK,0,4.301,1000,55525,1,1,1315138,490,38.37,0,1,0,692,172,19,0,0,4248.19,4286.22,1,9881df0f988e,2026-10-04T00:15:29-0400
65bf849f3e86ab275e339934f4d140a0.cnf.xz,H,OK,0,0.279,3750,208955,3750,191315,1205780,0,0.00,1,0,0,435,435,0,54375,0,,272.56,1,9881df0f988e,2026-10-04T00:15:30-0400
6ddda96839bb24cd7389d5556d3ab16d.cnf.xz,H,OK,0,20.973,25920,562074,25920,392022,9404064,326,157.09,19,0,0,710,435,234,225765,0,19079.51,20957.38,1,9881df0f988e,2026-10-04T00:15:51-0400
71849248b47db583f56e77f55f31e525.cnf.xz,H,OK,0,0.358,5950,455260,1,1,1637473,0,0.00,0,1,0,2416,2416,0,0,0,,353.25,1,9881df0f988e,2026-10-04T00:15:51-0400
757d64688ac60cba697a980dfbbf5075.cnf.xz,H,OK,0,0.196,5460,245882,1,1,790749,0,0.00,0,1,0,436,436,0,79170,0,,190.91,1,9881df0f988e,2026-10-04T00:15:51-0400
7b9620b5d7da55bda43595fe37867acd.cnf.xz,H,OK,0,0.552,7200,604890,1,1,2269463,0,0.00,0,1,0,3161,3161,0,0,0,,545.96,1,9881df0f988e,2026-10-04T00:15:52-0400
8117a2ac08e1acf52f660663efe2a5ca.cnf.xz,H,OK,0,0.004,322,1127,322,1127,0,0,0.00,0,0,0,0,0,0,0,0,,1.45,0,9881df0f988e,2026-10-04T00:15:52-0400
860788f93fb766e83e00a29de84180e7.cnf.xz,H,OK,0,0.662,510,19652,1,1,368075,249,35.37,0,1,0,362,92,14,0,0,642.86,656.6,1,9881df0f988e,2026-10-04T00:15:53-0400
92b22042a950db2a9841f08d169d1bb5.cnf.xz,H,OK,0,0.532,6300,497790,1,1,1734073,0,0.00,0,1,0,2416,2416,0,0,0,,526.77,1,9881df0f988e,2026-10-04T00:15:53-0400
9ba8145e0d02318dea5507fc3ba03472.cnf.xz,H,OK,0,15.127,13500,4611150,13500,3489290,12654102,14,29778.71,1,0,0,124,55,0,94500,0,3394.86,15109.06,1,9881df0f988e,2026-10-04T00:16:09-0400
a7e5d03892a17e51e22b688f51cf0aab.cnf.xz,H,OK,0,1.7,720,33140,1,1,724477,354,47.44,0,1,0,515,137,17,0,0,1669.27,1692.25,1,9881df0f988e,2026-10-04T00:16:11-0400
a95f0373ebf724f474fcc9ccd7197bd9.cnf.xz,H,OK,0,0.1,3660,109922,1,1,529749,0,0.00,0,1,0,436,436,0,53070,0,,96.44,1,9881df0f988e,2026-10-04T00:16:11-0400
aa4e80476e6a6ea1034e303e6b2e46dc.cnf.xz,H,OK,0,0.385,5250,375450,1,1,1444273,0,0.00,0,1,0,2416,2416,0,0,0,,380.32,1,9881df0f988e,2026-10-04T00:16:11-0400
b0142b06940fb02e2b4ddb7a2101a3d6.cnf.xz,H,OK,0,0.055,210,4011,1,1,90061,13,74.69,0,0,7,201,0,0,0,0,41.59,52.4,1,9881df0f988e,2026-10-04T00:16:11-0400
b0abaa97c4663edc2048d86de3e2b226.cnf.xz,H,OK,0,22.751,16520,219007,16520,241279,8184299,1401,1208.33,1,0,0,247,0,0,111600,0,21822.86,22682.76,1,9881df0f988e,2026-10-04T00:16:34-0400
b1c44904cf06682f973b60c8282f45e8.cnf.xz,H,OK,0,0.006,647,3239,647,3269,288,0,0.00,0,0,0,0,0,0,36,0,,3.1,0,9881df0f988e,2026-10-04T00:16:34-0400
bcdc894819cf050e57849fe84a1e8cc4.cnf.xz,H,OK,0,0.145,4040,202202,1,1,382989,0,0.00,0,1,0,191,191,0,38380,0,,141.0,1,9881df0f988e,2026-10-04T00:16:34-0400
c44762c4b177ac64fd0919f37de8382e.cnf.xz,H,OK,0,0.223,336,10430,1,1,169254,164,35.31,0,1,0,236,56,11,0,0,211.86,218.96,1,9881df0f988e,2026-10-04T00:16:34-0400
cb2e8b7fada420c5046f587ea754d052.cnf.xz,H,OK,0,0.054,180,3160,1,1,50518,88,33.01,0,1,0,128,29,8,0,0,47.59,50.92,1,9881df0f988e,2026-10-04T00:16:34-0400
d27f76623aed2fce608c092b2aafafc5.cnf.xz,H,OK,0,0.59,6650,542070,1,1,1830673,0,0.00,0,1,0,2416,2416,0,0,0,,584.23,1,9881df0f988e,2026-10-04T00:16:35-0400
e430acf720b63044e5c825a00a76b0eb.cnf.xz,H,OK,0,0.036,1250,15375,1,1,468781,0,0.00,3,1,0,577,577,0,14400,0,,33.28,1,9881df0f988e,2026-10-04T00:16:35-0400
e5787bb4c8c29aa39b14a5e11387999d.cnf.xz,H,OK,0,5.783,13079,252490,13079,264756,4780379,139,197.27,10,0,0,476,406,215,147378,0,5003.89,5772.12,1,9881df0f988e,2026-10-04T00:16:41-0400
e91253303b915493090c1f4b59d9e969.cnf.xz,H,OK,0,3.204,7600,144800,1,1,4198794,18,13678.06,2,0,0,243,105,0,68400,0,2715.15,3196.83,1,9881df0f988e,2026-10-04T00:16:44-0400
f83424f869b61931d720f93e5a12df3c.cnf.xz,H,OK,0,0.008,380,7050,1,1,25309,0,0.00,0,1,0,172,172,0,0,0,,5.04,1,9881df0f988e,2026-10-04T00:16:44-0400
fbd9968f5067604694f11f14c07c5527.cnf.xz,H,OK,0,1.411,990,42615,1,1,1664601,13,74.69,0,0,19,969,0,0,0,0,1267.31,1405.21,1,9881df0f988e,2026-10-04T00:16:46-0400
011984fd82d62d609e776fbf5de75440.cnf.xz,N,OK,0,0.01,2320,8620,2320,7046,38264,0,0.00,0,0,0,0,0,0,0,0,,6.91,0,9881df0f988e,2026-10-04T00:16:46-0400
09637d3bd641b4d733666a862e8918ea.cnf.xz,N,OK,0,0.082,12662,102387,12662,93984,110166,0,0.00,0,0,0,0,0,0,0,0,,78.48,0,9881df0f988e,2026-10-04T00:16:46-0400
0be1e12a8e7282d1a4e389bb90f6dbc7.cnf.xz,N,OK,0,7.12,1200,8093,1200,8675,639187,572,841.98,0,0,0,0,0,582,0,0,7048.83,7100.74,1,9881df0f988e,2026-10-04T00:16:53-0400
0c9da400944b002f90fd385d4fdab385.cnf.xz,N,OK,0,1.842,568,553495,568,553495,0,0,0.00,0,0,0,0,0,0,0,0,,1821.33,0,9881df0f988e,2026-10-04T00:16:55-0400
1bb9fe12b4fb50e98903ee87a51d6472.cnf.xz,N,OK,0,0.114,11680,74581,11680,74575,448,0,0.00,0,0,0,0,0,0,0,0,,108.28,0,9881df0f988e,2026-10-04T00:16:56-0400
2b8cac8e1f5cad04696004e7fbf5cf2e.cnf.xz,N,OK,0,0.783,289,242594,289,242595,980,1,242108.00,0,0,0,0,0,1,0,0,23.74,774.34,1,9881df0f988e,2026-10-04T00:16:56-0400
4f09ef861ee74e50dc101765e1ce27fb.cnf.xz,N,OK,0,0.014,2856,11109,2856,10640,7594,0,0.00,0,0,0,0,0,0,0,0,,10.69,0,9881df0f988e,2026-10-04T00:16:57-0400
543e67dd5abc272c37775b1b742a1d9a.cnf.xz,N,OK,0,0.49,25162,542447,25162,542447,0,0,0.00,0,0,0,0,0,0,0,0,,485.34,0,9881df0f988e,2026-10-04T00:16:57-0400
5de866bc7ff4dfde3cd682b5aca75894.cnf.xz,N,OK,0,0.014,320,30726,320,25676,28331,0,0.00,0,0,0,0,0,0,0,0,,11.52,0,9881df0f988e,2026-10-04T00:16:57-0400
74931e82fd208ed949fa44bccd80df6b.cnf.xz,N,OK,0,2.623,862,855716,862,855716,0,0,0.00,0,0,0,0,0,0,0,0,,2411.4,0,9881df0f988e,2026-10-04T00:17:01-0400
8d0d8518a438d93428257d9a38863c3c.cnf.xz,N,OK,0,0.298,13211,122177,13211,97085,406439,1,109652.00,0,0,0,2,0,0,4,0,19.40,293.65,1,9881df0f988e,2026-10-04T00:17:01-0400
91860f79f079fede859034c7d76a98a2.cnf.xz,N,OK,0,35.64,29183,697937,29183,698594,14273373,1031,54.49,1,0,0,762,0,0,0,0,35207.48,35617.76,1,9881df0f988e,2026-10-04T00:17:37-0400
920bbe559da4ea37fd636605316a791c.cnf.xz,N,OK,0,0.015,500,15526,500,15526,0,0,0.00,0,0,0,0,0,0,0,0,,12.27,0,9881df0f988e,2026-10-04T00:17:37-0400
a20f076f7fce54172e823c63ea7948f7.cnf.xz,N,OK,0,0.125,260,16640,260,16577,2587,2,17160.00,0,0,0,1,0,0,0,0,2.40,121.74,1,9881df0f988e,2026-10-04T00:17:37-0400
ae48df6541d190c096b1e5ba22d1b534.cnf.xz,N,OK,0,0.111,6664,89966,6664,89934,192,0,0.00,0,0,0,0,0,0,0,0,,107.04,0,9881df0f988e,2026-10-04T00:17:37-0400
ba14be209c2fc064726025f017cef17a.cnf.xz,N,OK,0,18.567,83188,1909831,83188,2136646,20210504,8470,3365.22,1,0,0,7577,0,0,1147696,0,1099.49,18532.29,1,9881df0f988e,2026-10-04T00:17:56-0400
c557ad9cb79983b9d429c219e3cecbb8.cnf.xz,N,OK,0,1.379,7216,3661485,7216,821353,28061614,0,0.00,0,0,0,0,0,0,0,0,,1365.03,0,9881df0f988e,2026-10-04T00:17:58-0400
d0b5d1dc96a5bf33d2c65106c3b179a8.cnf.xz,N,OK,0,0.068,568,7150,568,8002,4923,0,0.00,0,0,0,0,0,0,852,0,,65.58,0,9881df0f988e,2026-10-04T00:17:58-0400
d737aeb8e2eb9baed7f007056b3874af.cnf.xz,N,OK,0,4.449,14432,7330186,14432,6242029,7460796,0,0.00,0,0,0,0,0,0,0,0,,4417.61,0,9881df0f988e,2026-10-04T00:18:05-0400
f15a3ce898e0c66f309bf07d73744adf.cnf.xz,N,GRANDE,,,178500,43858644,,,,,,,,,,,,,,,,,9881df0f988e,2026-10-04T00:18:11-0400
f2c6d035d0aa58cc06927af6be7a821f.cnf.xz,N,OK,0,1.278,9630,2735974,9630,1296630,19109110,0,0.00,0,0,0,0,0,0,0,0,,1264.05,0,9881df0f988e,2026-10-04T00:18:13-0400
f497bda3018958d7ba2d1cd99da3982e.cnf.xz,N,OK,0,0.013,2300,21816,2300,28416,38907,0,0.00,0,0,0,0,0,0,6600,0,,10.38,0,9881df0f988e,2026-10-04T00:18:13-0400
f52a349677a5b5b5315b5954b3181fe3.cnf.xz,N,OK,0,10.511,76014,1432755,76014,1833214,18798968,7857,1951.79,5,0,0,7293,0,0,1147696,0,927.97,10494.08,1,9881df0f988e,2026-10-04T00:18:23-0400
f8443057c188f6c9cfb711ff3d4aa6ff.cnf.xz,N,OK,0,0.903,2720,105706,2720,105706,0,0,0.00,0,0,0,0,0,0,0,0,,886.76,0,9881df0f988e,2026-10-04T00:18:24-0400
09e0775d2b51c49ec1ec4d214ee7c8c8.cnf.xz,X,OK,0,0.848,342,339679,342,339680,1116,1,337990.00,0,0,0,0,0,1,0,0,25.43,844.12,1,9881df0f988e,2026-10-04T00:18:25-0400
34360a677fc854189c982294853e6891.cnf.xz,X,TOPE,,60.231,10110,9993021,,,,,,,,,,,,,,,,,9881df0f988e,2026-10-04T00:19:26-0400
365a02a7d781d655bb2a64d2273a2d0c.cnf.xz,X,OK,0,45.944,5428,5721464,5428,4259997,62415385,2346,20.67,7,0,0,0,0,4119,0,0,42375.11,45893.75,1,9881df0f988e,2026-10-04T00:20:12-0400
37fa67bd34cc613f3fc6954cdee943c1.cnf.xz,X,OK,0,0.104,52675,78594,52675,82182,63684,2,6.00,0,0,0,0,0,0,3875,0,3.51,100.15,0,9881df0f988e,2026-10-04T00:20:12-0400
57f6bbfc8be5a981322fe9991209aa33.cnf.xz,X,FALLO,-6,43.614,9432743,25203639,,,,,,,,,,,,,,,,,9881df0f988e,2026-10-04T00:21:00-0400
77bfac6b280653e63013f77d0991484e.cnf.xz,X,OK,0,13.496,138711,4688613,138711,3525345,19906108,24,4962.00,0,0,0,24,0,0,0,0,1460.26,13461.61,1,9881df0f988e,2026-10-04T00:21:16-0400
7d311f620f4ebc4adf8f4079899750eb.cnf.xz,X,OK,0,0.006,550,4941,550,4061,5081,0,0.00,0,0,0,0,0,0,0,0,,2.99,0,9881df0f988e,2026-10-04T00:21:16-0400
80bb5209e88def5643bf5593320b104f.cnf.xz,X,TOPE,,60.329,12350,25473117,,,,,,,,,,,,,,,,,9881df0f988e,2026-10-04T00:22:18-0400
8db998d5fd64f85a1847115208f73873.cnf.xz,X,TOPE,,60.143,4165,7173053,,,,,,,,,,,,,,,,,9881df0f988e,2026-10-04T00:23:18-0400
97af3e49faef7cf67794928b6690b67c.cnf.xz,X,OK,0,37.711,1180,635898,1180,401373,67930042,363,8.00,28,0,0,0,0,26345,0,0,35043.91,37681.0,1,9881df0f988e,2026-10-04T00:23:56-0400
9c5dd2eb0a40a150c686459a118c720a.cnf.xz,X,FALLO,-11,49.318,6737543,18002239,,,,,,,,,,,,,,,,,9881df0f988e,2026-10-04T00:24:49-0400
bbcfd33f07cbf6fefa950d8254aa34ce.cnf.xz,X,GRANDE,,,12127943,32405039,,,,,,,,,,,,,,,,,9881df0f988e,2026-10-04T00:24:56-0400
e67d733d9938c565d6359002333611ff.cnf.xz,X,OK,0,0.009,1000,13501,1000,13446,748,0,0.00,0,0,0,0,0,0,0,0,,5.94,0,9881df0f988e,2026-10-04T00:24:56-0400
ee8c86d39745aea1c1731d4f34bcaed7.cnf.xz,X,GRANDE,,,13475543,36005739,,,,,,,,,,,,,,,,,9881df0f988e,2026-10-04T00:25:03-0400
fca71c20202ef404349136c3a00465eb.cnf.xz,X,OK,0,0.228,2420,33572,2420,31996,58823,17,1955.35,0,0,0,18,0,0,0,0,33.96,224.48,1,9881df0f988e,2026-10-04T00:25:03-0400
