banco,instancia,resultado
calib,ae48df6541d190c096b1e5ba22d1b534.cnf.xz,vars=6664 clauses=89966 xors=0 k3=0 k4=0 k5=0 k6=0 covered=0 maxcomp=0
calib,4f09ef861ee74e50dc101765e1ce27fb.cnf.xz,vars=2856 clauses=11109 xors=42 k3=42 k4=0 k5=0 k6=0 covered=126 maxcomp=1
calib,8d0d8518a438d93428257d9a38863c3c.cnf.xz,vars=13211 clauses=122177 xors=0 k3=0 k4=0 k5=0 k6=0 covered=0 maxcomp=0
calib,365a02a7d781d655bb2a64d2273a2d0c.cnf.xz,vars=5428 clauses=5721464 xors=0 k3=0 k4=0 k5=0 k6=0 covered=0 maxcomp=0
calib,80bb5209e88def5643bf5593320b104f.cnf.xz,vars=12350 clauses=25473117 xors=0 k3=0 k4=0 k5=0 k6=0 covered=0 maxcomp=0
calib,d699355595398f0765c5f51c9d0ad852.cnf.xz,vars=178500 clauses=43869358 xors=0 k3=0 k4=0 k5=0 k6=0 covered=0 maxcomp=0
calib,15456f0d13b26f0b4b21525ef7d0d711.cnf.xz,vars=450 clauses=20035 xors=0 k3=0 k4=0 k5=0 k6=0 covered=0 maxcomp=0
calib,cb2e8b7fada420c5046f587ea754d052.cnf.xz,vars=180 clauses=3160 xors=0 k3=0 k4=0 k5=0 k6=0 covered=0 maxcomp=0
calib,7cbc3ce2052ba7c5b501f75af58ab3c4.cnf.xz,vars=3648 clauses=12160 xors=2112 k3=2112 k4=0 k5=0 k6=0 covered=3616 maxcomp=1056
calib,4e0de894799790b06e8d6c3efd109ade.cnf.xz,vars=17518343 clauses=46807839 xors=0 k3=0 k4=0 k5=0 k6=0 covered=0 maxcomp=0
calib,bbcfd33f07cbf6fefa950d8254aa34ce.cnf.xz,vars=12127943 clauses=32405039 xors=0 k3=0 k4=0 k5=0 k6=0 covered=0 maxcomp=0
calib,ee8c86d39745aea1c1731d4f34bcaed7.cnf.xz,vars=13475543 clauses=36005739 xors=0 k3=0 k4=0 k5=0 k6=0 covered=0 maxcomp=0
calib,1890f49a43a94b97828528b68c32b78e.cnf.xz,vars=220 clauses=1122 xors=0 k3=0 k4=0 k5=0 k6=0 covered=0 maxcomp=0
calib,15e666a42158e3304fc3979de28a5e44.cnf.xz,vars=4600 clauses=43812 xors=0 k3=0 k4=0 k5=0 k6=0 covered=0 maxcomp=0
calib,f497bda3018958d7ba2d1cd99da3982e.cnf.xz,vars=2300 clauses=21816 xors=0 k3=0 k4=0 k5=0 k6=0 covered=0 maxcomp=0
calib,12cd0c3196589ac8105653cbfe613fc6.cnf.xz,vars=5096 clauses=80213 xors=0 k3=0 k4=0 k5=0 k6=0 covered=0 maxcomp=0
calib,8117a2ac08e1acf52f660663efe2a5ca.cnf.xz,vars=322 clauses=1127 xors=0 k3=0 k4=0 k5=0 k6=0 covered=0 maxcomp=0
calib,a789d0722f1aa0d44c5a38b374719c69.cnf.xz,vars=10531100 clauses=28326357 xors=0 k3=0 k4=0 k5=0 k6=0 covered=0 maxcomp=0
calib,1bb9fe12b4fb50e98903ee87a51d6472.cnf.xz,vars=11680 clauses=74581 xors=86 k3=86 k4=0 k5=0 k6=0 covered=258 maxcomp=1
calib,9d20bb1bd01838d70177ffd3aa284aeb.cnf.xz,vars=296051 clauses=968713 xors=82106 k3=82106 k4=0 k5=0 k6=0 covered=164854 maxcomp=40888
calib,e85fb114c33f450dc2622c78bc6fa019.cnf.xz,vars=32170813 clauses=82175657 xors=0 k3=0 k4=0 k5=0 k6=0 covered=0 maxcomp=0
calib,6d815089fb4095208754622b4c44a8f7.cnf.xz,vars=5892 clauses=23367 xors=2879 k3=2879 k4=0 k5=0 k6=0 covered=5824 maxcomp=67
calib,09e0775d2b51c49ec1ec4d214ee7c8c8.cnf.xz,vars=342 clauses=339679 xors=0 k3=0 k4=0 k5=0 k6=0 covered=0 maxcomp=0
calib,2b8cac8e1f5cad04696004e7fbf5cf2e.cnf.xz,vars=289 clauses=242594 xors=0 k3=0 k4=0 k5=0 k6=0 covered=0 maxcomp=0
calib,0be1e12a8e7282d1a4e389bb90f6dbc7.cnf.xz,vars=1200 clauses=8093 xors=0 k3=0 k4=0 k5=0 k6=0 covered=0 maxcomp=0
calib,dd5d530ac8bf0019412d023488b075eb.cnf.xz,vars=4220 clauses=16220 xors=0 k3=0 k4=0 k5=0 k6=0 covered=0 maxcomp=0
calib,09637d3bd641b4d733666a862e8918ea.cnf.xz,vars=12662 clauses=102387 xors=97 k3=0 k4=0 k5=97 k6=0 covered=485 maxcomp=1
calib,6add7e416c1126607afeb2666af330ac.cnf.xz,vars=2240 clauses=53398 xors=0 k3=0 k4=0 k5=0 k6=0 covered=0 maxcomp=0
calib,543e67dd5abc272c37775b1b742a1d9a.cnf.xz,vars=25162 clauses=542447 xors=0 k3=0 k4=0 k5=0 k6=0 covered=0 maxcomp=0
calib,75429ff7acb5acb597abe01aa745c2a6.cnf.xz,vars=250 clauses=1000 xors=250 k3=250 k4=0 k5=0 k6=0 covered=250 maxcomp=250
calib,ac6256657058fe65dc7ddaf773ab83bf.cnf.xz,vars=381577 clauses=2675221 xors=0 k3=0 k4=0 k5=0 k6=0 covered=0 maxcomp=0
calib,5faba478cb08194407b5ec957ab08599.cnf.xz,vars=70581 clauses=1424854 xors=0 k3=0 k4=0 k5=0 k6=0 covered=0 maxcomp=0
calib,5de866bc7ff4dfde3cd682b5aca75894.cnf.xz,vars=320 clauses=30726 xors=0 k3=0 k4=0 k5=0 k6=0 covered=0 maxcomp=0
calib,8db998d5fd64f85a1847115208f73873.cnf.xz,vars=4165 clauses=7173053 xors=0 k3=0 k4=0 k5=0 k6=0 covered=0 maxcomp=0
calib,bf8c8761003704e761ce36db6665f741.cnf.xz,vars=6087 clauses=946106 xors=0 k3=0 k4=0 k5=0 k6=0 covered=0 maxcomp=0
calib,91860f79f079fede859034c7d76a98a2.cnf.xz,vars=29183 clauses=697937 xors=0 k3=0 k4=0 k5=0 k6=0 covered=0 maxcomp=0
calib,0c9da400944b002f90fd385d4fdab385.cnf.xz,vars=568 clauses=553495 xors=0 k3=0 k4=0 k5=0 k6=0 covered=0 maxcomp=0
calib,74931e82fd208ed949fa44bccd80df6b.cnf.xz,vars=862 clauses=855716 xors=0 k3=0 k4=0 k5=0 k6=0 covered=0 maxcomp=0
calib,9ef9243ff051b32795890fccd6c3f6b2.cnf.xz,vars=43977 clauses=215320 xors=11104 k3=2208 k4=8896 k5=0 k6=0 covered=31547 maxcomp=77
calib,7fa502dfce37c37c1cafd50b3fba263f.cnf.xz,vars=53487 clauses=79819 xors=0 k3=0 k4=0 k5=0 k6=0 covered=0 maxcomp=0
calib2,6f1b15ebd0ac13c05fb052e5b0453f64.cnf.xz,vars=190686 clauses=3046181 xors=0 k3=0 k4=0 k5=0 k6=0 covered=0 maxcomp=0
calib2,b54b26f38d40a687b6277c49cf85de69.cnf.xz,vars=3560698 clauses=7121306 xors=0 k3=0 k4=0 k5=0 k6=0 covered=0 maxcomp=0
calib2,6e297bdb1c3f957f6333c37804805ecb.cnf.xz,vars=315093 clauses=1546049 xors=59700 k3=59700 k4=0 k5=0 k6=0 covered=119898 maxcomp=199
calib2,8390dca257561c53bf4eb6e158a2285f.cnf.xz,vars=30503 clauses=91448 xors=0 k3=0 k4=0 k5=0 k6=0 covered=0 maxcomp=0
calib2,4989239fbeb6eb40fc0b664d9ba92636.cnf.xz,vars=126976 clauses=296954 xors=62651 k3=62651 k4=0 k5=0 k6=0 covered=77908 maxcomp=62550
calib2,5553fec254b32349e0e48c7ee1e2d6c7.cnf.xz,vars=268423 clauses=1575975 xors=54560 k3=54560 k4=0 k5=0 k6=0 covered=98245 maxcomp=1410
calib2,3e912cd2a499b8f956246b866e2f9f64.cnf.xz,vars=1854 clauses=27024 xors=246 k3=40 k4=78 k5=66 k6=62 covered=699 maxcomp=173
calib2,1f81f7e009f501014cb23a8c2d41836f.cnf.xz,vars=381708 clauses=1632906 xors=0 k3=0 k4=0 k5=0 k6=0 covered=0 maxcomp=0
calib2,3c4ac805726d78a869ff8116ee3533db.cnf.xz,vars=308 clauses=2030 xors=0 k3=0 k4=0 k5=0 k6=0 covered=0 maxcomp=0
calib2,667341ee8c1dea3db613db317e2b2c33.cnf.xz,vars=2279 clauses=7529 xors=1750 k3=1750 k4=0 k5=0 k6=0 covered=2279 maxcomp=1750
calib2,e55a49d8065d65650f24c0f3ecef30b6.cnf.xz,vars=23931 clauses=298759 xors=0 k3=0 k4=0 k5=0 k6=0 covered=0 maxcomp=0
calib2,fac2035ba83ac2d0c2d67509d3f82b94.cnf.xz,vars=2777 clauses=9204 xors=825 k3=825 k4=0 k5=0 k6=0 covered=1563 maxcomp=404
calib2,87dbc3302b82c09e19c55059fb943191.cnf.xz,vars=361 clauses=401368 xors=0 k3=0 k4=0 k5=0 k6=0 covered=0 maxcomp=0
calib2,dc7817dfa2817916b266c1cfacd2ee66.cnf.xz,vars=14650 clauses=115755 xors=0 k3=0 k4=0 k5=0 k6=0 covered=0 maxcomp=0
calib2,3ed56242f55e3653dbceeb4a70221787.cnf.xz,vars=945 clauses=61409 xors=0 k3=0 k4=0 k5=0 k6=0 covered=0 maxcomp=0
calib2,b0abaa97c4663edc2048d86de3e2b226.cnf.xz,vars=16520 clauses=219007 xors=0 k3=0 k4=0 k5=0 k6=0 covered=0 maxcomp=0
calib2,5ee05ef0bcb42cb12bd698978c05178c.cnf.xz,vars=201 clauses=707 xors=0 k3=0 k4=0 k5=0 k6=0 covered=0 maxcomp=0
calib2,bd0b055b890a9ace598a0c4aba40de30.cnf.xz,vars=618715 clauses=2626081 xors=68101 k3=68101 k4=0 k5=0 k6=0 covered=156143 maxcomp=204
calib2,416e33a8463911546e4cd87d282a7e1e.cnf.xz,vars=600 clauses=5405 xors=0 k3=0 k4=0 k5=0 k6=0 covered=0 maxcomp=0
calib2,c14f0c610d59a9d5e8cec328485b916f.cnf.xz,vars=322 clauses=7723 xors=0 k3=0 k4=0 k5=0 k6=0 covered=0 maxcomp=0
dev,776ff89b72b0f6290d69af6f95e13182.cnf.xz,vars=28362 clauses=286392 xors=0 k3=0 k4=0 k5=0 k6=0 covered=0 maxcomp=0
dev,62eae28dcf3170b1547fb5db73e6a295.cnf.xz,vars=400 clauses=30623 xors=0 k3=0 k4=0 k5=0 k6=0 covered=0 maxcomp=0
dev,04d0ae28e10d4a35ebab62f42f0200e8.cnf.xz,vars=988187 clauses=3112009 xors=135732 k3=135732 k4=0 k5=0 k6=0 covered=188124 maxcomp=2351
dev,2563ea83d8508d635cc034d80014cd72.cnf.xz,vars=9612 clauses=210064 xors=0 k3=0 k4=0 k5=0 k6=0 covered=0 maxcomp=0
dev,5f729f069a233fa88dfb470bbee7c924.cnf.xz,vars=11020 clauses=241880 xors=0 k3=0 k4=0 k5=0 k6=0 covered=0 maxcomp=0
dev,aa0eadb6c4935468fd6954e23a550504.cnf.xz,vars=9612 clauses=210064 xors=0 k3=0 k4=0 k5=0 k6=0 covered=0 maxcomp=0
dev,3367ba4c01fe07b385980a14211f250e.cnf.xz,vars=36809 clauses=142491 xors=12266 k3=6141 k4=6125 k5=0 k6=0 covered=30670 maxcomp=6138
dev,a45aefde8bb26edb9634004146d0de89.cnf.xz,vars=1186 clauses=22688 xors=211 k3=107 k4=104 k5=0 k6=0 covered=560 maxcomp=40
dev,5d06225b27017e9a703f10cb577cf3bf.cnf.xz,vars=625 clauses=17432 xors=0 k3=0 k4=0 k5=0 k6=0 covered=0 maxcomp=0
dev,15456f0d13b26f0b4b21525ef7d0d711.cnf.xz,vars=450 clauses=20035 xors=0 k3=0 k4=0 k5=0 k6=0 covered=0 maxcomp=0
dev,83ced7d9ee8058c52c9a68ded7fad0a5.cnf.xz,vars=160 clauses=21744 xors=0 k3=0 k4=0 k5=0 k6=0 covered=0 maxcomp=0
dev,a957fdb07df865bb4fd24a00ceb49fdb.cnf.xz,vars=3148025 clauses=10859973 xors=877402 k3=877402 k4=0 k5=0 k6=0 covered=1316280 maxcomp=34028
dev,9541d12f3e3d9201085c13f25145d2f7.cnf.xz,vars=1529550 clauses=8599702 xors=0 k3=0 k4=0 k5=0 k6=0 covered=0 maxcomp=0
dev,af9c2fb7046eb845f185c64cd9dd1006.cnf.xz,vars=1176896 clauses=9196920 xors=0 k3=0 k4=0 k5=0 k6=0 covered=0 maxcomp=0
dev,b697738cefe9cb2dd62f24653a13b341.cnf.xz,vars=597850 clauses=4571725 xors=0 k3=0 k4=0 k5=0 k6=0 covered=0 maxcomp=0
dev,117b99ffa16d21cb4ccb1c66829b0c7e.cnf.xz,vars=1350 clauses=15166 xors=0 k3=0 k4=0 k5=0 k6=0 covered=0 maxcomp=0
dev,8aa9ffb211d1cba850be2ee9d173b7e1.cnf.xz,vars=6900 clauses=64260 xors=0 k3=0 k4=0 k5=0 k6=0 covered=0 maxcomp=0
dev,9fbe200523c648000d71b2c739093aa2.cnf.xz,vars=2500 clauses=25193 xors=0 k3=0 k4=0 k5=0 k6=0 covered=0 maxcomp=0
dev,f497bda3018958d7ba2d1cd99da3982e.cnf.xz,vars=2300 clauses=21816 xors=0 k3=0 k4=0 k5=0 k6=0 covered=0 maxcomp=0
dev,fbbfbee9e6cba8bca18fbcfc23dcfcb6.cnf.xz,vars=2100 clauses=17509 xors=0 k3=0 k4=0 k5=0 k6=0 covered=0 maxcomp=0
dev,40ae60a61929b6bfa2ac99ab4b9a0f7e.cnf.xz,vars=688704 clauses=1988478 xors=272349 k3=272349 k4=0 k5=0 k6=0 covered=431098 maxcomp=154655
dev,042cdc726a92bf0a2195b3b426f35bce.cnf.xz,vars=139160 clauses=548063 xors=117600 k3=117600 k4=0 k5=0 k6=0 covered=122500 maxcomp=1176
dev,01d6fa8efd18ebfecd06af408958477b.cnf.xz,vars=625 clauses=9216 xors=625 k3=4 k4=92 k5=529 k6=0 covered=625 maxcomp=625
dev,4d84e818a5ab324dde37429dd2455551.cnf.xz,vars=1200 clauses=21040 xors=0 k3=0 k4=0 k5=0 k6=0 covered=0 maxcomp=0
dev,aca9f4faabeb57a57c678d55f5bbd2f4.cnf.xz,vars=1200 clauses=21040 xors=0 k3=0 k4=0 k5=0 k6=0 covered=0 maxcomp=0
dev,ebc40cf47836100655aea44ef1ed46da.cnf.xz,vars=26541 clauses=117207 xors=8019 k3=729 k4=7290 k5=0 k6=0 covered=24057 maxcomp=11
dev,e55a49d8065d65650f24c0f3ecef30b6.cnf.xz,vars=23931 clauses=298759 xors=0 k3=0 k4=0 k5=0 k6=0 covered=0 maxcomp=0
dev,a789d0722f1aa0d44c5a38b374719c69.cnf.xz,vars=10531100 clauses=28326357 xors=0 k3=0 k4=0 k5=0 k6=0 covered=0 maxcomp=0
dev,e85fb114c33f450dc2622c78bc6fa019.cnf.xz,vars=32170813 clauses=82175657 xors=0 k3=0 k4=0 k5=0 k6=0 covered=0 maxcomp=0
dev,7ac164a9d153f0a2d9bf54a98d429636.cnf.xz,vars=2948 clauses=9574 xors=826 k3=826 k4=0 k5=0 k6=0 covered=1559 maxcomp=510
dev,6d815089fb4095208754622b4c44a8f7.cnf.xz,vars=5892 clauses=23367 xors=2879 k3=2879 k4=0 k5=0 k6=0 covered=5824 maxcomp=67
dev,de8c42d50f1dbf43a731f1916dc6bf01.cnf.xz,vars=2948 clauses=9573 xors=817 k3=817 k4=0 k5=0 k6=0 covered=1567 maxcomp=348
dev,09e0775d2b51c49ec1ec4d214ee7c8c8.cnf.xz,vars=342 clauses=339679 xors=0 k3=0 k4=0 k5=0 k6=0 covered=0 maxcomp=0
dev,2c458ef30d7b670f143d6c6e175e3ee9.cnf.xz,vars=88944 clauses=35644937 xors=0 k3=0 k4=0 k5=0 k6=0 covered=0 maxcomp=0
dev,22c8d6aa86d51e15ef5ab37479eda22b.cnf.xz,vars=3120 clauses=477680 xors=0 k3=0 k4=0 k5=0 k6=0 covered=0 maxcomp=0
dev,011984fd82d62d609e776fbf5de75440.cnf.xz,vars=2320 clauses=8620 xors=0 k3=0 k4=0 k5=0 k6=0 covered=0 maxcomp=0
dev,90937ed75ba0560158d8fe45f303868a.cnf.xz,vars=8497 clauses=35672 xors=3822 k3=3822 k4=0 k5=0 k6=0 covered=8281 maxcomp=6
dev,e4d1892db27b721b88e5ee7e5987649f.cnf.xz,vars=7582 clauses=39537 xors=3050 k3=1050 k4=2000 k5=0 k6=0 covered=7486 maxcomp=1194
dev,0359596347daa117da50950748bc06d1.cnf.xz,vars=18420 clauses=83276 xors=0 k3=0 k4=0 k5=0 k6=0 covered=0 maxcomp=0
dev,37c88155822f1934a190dd6f4614f0ce.cnf.xz,vars=171148 clauses=6595658 xors=0 k3=0 k4=0 k5=0 k6=0 covered=0 maxcomp=0
dev,48432767076e402d2accbf2da7260885.cnf.xz,vars=15470 clauses=206002 xors=0 k3=0 k4=0 k5=0 k6=0 covered=0 maxcomp=0
dev,5faba478cb08194407b5ec957ab08599.cnf.xz,vars=70581 clauses=1424854 xors=0 k3=0 k4=0 k5=0 k6=0 covered=0 maxcomp=0
dev,9aa85c5c114245c182ed6afbe3d8daed.cnf.xz,vars=12452 clauses=158113 xors=0 k3=0 k4=0 k5=0 k6=0 covered=0 maxcomp=0
dev,53d23b2b464a5c041114eb1f00cc4b81.cnf.xz,vars=24552 clauses=92000 xors=16320 k3=16320 k4=0 k5=0 k6=0 covered=20610 maxcomp=3072
dev,878bcc11e1e243680f7946bcf428f465.cnf.xz,vars=1509852 clauses=15518860 xors=283582 k3=283582 k4=0 k5=0 k6=0 covered=592218 maxcomp=11644
dev,c15b09b9a7ceff4d4c8fe705958f92ba.cnf.xz,vars=72868 clauses=2934162 xors=0 k3=0 k4=0 k5=0 k6=0 covered=0 maxcomp=0
dev,2ca47af4ab7a817725138b8b66e9af7f.cnf.xz,vars=540 clauses=7044 xors=0 k3=0 k4=0 k5=0 k6=0 covered=0 maxcomp=0
dev,5de866bc7ff4dfde3cd682b5aca75894.cnf.xz,vars=320 clauses=30726 xors=0 k3=0 k4=0 k5=0 k6=0 covered=0 maxcomp=0
dev,b6de3c794e223fe515682f52e5d81272.cnf.xz,vars=501 clauses=63088 xors=0 k3=0 k4=0 k5=0 k6=0 covered=0 maxcomp=0
dev,ee44c3f464238366729bf2cb16eb412a.cnf.xz,vars=384 clauses=44173 xors=0 k3=0 k4=0 k5=0 k6=0 covered=0 maxcomp=0
dev,7fe153ced2c966dcdeb42b6714b4d6b7.cnf.xz,vars=842026 clauses=2262695 xors=0 k3=0 k4=0 k5=0 k6=0 covered=0 maxcomp=0
dev,1c0fe2ac410f3942e374ea72ec005d76.cnf.xz,vars=74466 clauses=111149 xors=0 k3=0 k4=0 k5=0 k6=0 covered=0 maxcomp=0
dev,5fb5e437292532efe687ac6f74a9cb76.cnf.xz,vars=84270 clauses=125877 xors=0 k3=0 k4=0 k5=0 k6=0 covered=0 maxcomp=0
dev,7fa502dfce37c37c1cafd50b3fba263f.cnf.xz,vars=53487 clauses=79819 xors=0 k3=0 k4=0 k5=0 k6=0 covered=0 maxcomp=0
dev,b9a626da76f235aab854c6ef516b9240.cnf.xz,vars=21734 clauses=79766 xors=7362 k3=7362 k4=0 k5=0 k6=0 covered=13014 maxcomp=1754
dev,bd0b055b890a9ace598a0c4aba40de30.cnf.xz,vars=618715 clauses=2626081 xors=68101 k3=68101 k4=0 k5=0 k6=0 covered=156143 maxcomp=204
dev,7e21850936d6127540157afaaf912c02.cnf.xz,vars=18601 clauses=37462 xors=0 k3=0 k4=0 k5=0 k6=0 covered=0 maxcomp=0
dev,0757e47d262b75171c0040987e6d20ce.cnf.xz,vars=400 clauses=31600 xors=0 k3=0 k4=0 k5=0 k6=0 covered=0 maxcomp=0
dev,3a8409393cc1ebae1444a079d216f221.cnf.xz,vars=23815 clauses=47691 xors=0 k3=0 k4=0 k5=0 k6=0 covered=0 maxcomp=0
dev,a60a138325ac9c88ab293ec0c801a95c.cnf.xz,vars=2651 clauses=9500 xors=1611 k3=1611 k4=0 k5=0 k6=0 covered=1891 maxcomp=1611
symm2026,043c91001968a1fbd1ef419540fcb396.cnf.xz,vars=9216 clauses=748640 xors=0 k3=0 k4=0 k5=0 k6=0 covered=0 maxcomp=0
symm2026,0d082b8fa36f662217bee5524cd24d3a.cnf.xz,vars=920 clauses=48323 xors=0 k3=0 k4=0 k5=0 k6=0 covered=0 maxcomp=0
symm2026,0ec6bf97a96b9840ae84f1d1da4c4dcd.cnf.xz,vars=969 clauses=220951 xors=0 k3=0 k4=0 k5=0 k6=0 covered=0 maxcomp=0
symm2026,0f1070ba60b55aa62d3a98798a14700e.cnf.xz,vars=5640 clauses=116738 xors=0 k3=0 k4=0 k5=0 k6=0 covered=0 maxcomp=0
symm2026,12ac1c71ff0405cc150c2a2db6c4a255.cnf.xz,vars=4875 clauses=336450 xors=0 k3=0 k4=0 k5=0 k6=0 covered=0 maxcomp=0
symm2026,15456f0d13b26f0b4b21525ef7d0d711.cnf.xz,vars=450 clauses=20035 xors=0 k3=0 k4=0 k5=0 k6=0 covered=0 maxcomp=0
symm2026,1890f49a43a94b97828528b68c32b78e.cnf.xz,vars=220 clauses=1122 xors=0 k3=0 k4=0 k5=0 k6=0 covered=0 maxcomp=0
symm2026,1a3bef9e03bab1ed4e9e34506d72a451.cnf.xz,vars=10800 clauses=198762 xors=0 k3=0 k4=0 k5=0 k6=0 covered=0 maxcomp=0
symm2026,1fb646d2657b6dd5f0106dbec9fd6c27.cnf.xz,vars=3280 clauses=65682 xors=0 k3=0 k4=0 k5=0 k6=0 covered=0 maxcomp=0
symm2026,266e890b706cf336378bf148bbda1aff.cnf.xz,vars=360 clauses=11715 xors=0 k3=0 k4=0 k5=0 k6=0 covered=0 maxcomp=0
symm2026,28dcc4119e1bbb5fbd3fdd8f4140f28d.cnf.xz,vars=2702 clauses=8933 xors=2077 k3=2077 k4=0 k5=0 k6=0 covered=2702 maxcomp=2077
symm2026,2b7e863462991fd008f9898eca63ebf4.cnf.xz,vars=248213 clauses=803227 xors=0 k3=0 k4=0 k5=0 k6=0 covered=0 maxcomp=0
symm2026,306a29e966fa6293d407bc7ebbc3ecb1.cnf.xz,vars=15000 clauses=360625 xors=0 k3=0 k4=0 k5=0 k6=0 covered=0 maxcomp=0
symm2026,35e0b5a19c88961d98dd806e805759f4.cnf.xz,vars=528 clauses=16401 xors=0 k3=0 k4=0 k5=0 k6=0 covered=0 maxcomp=0
symm2026,3c4ac805726d78a869ff8116ee3533db.cnf.xz,vars=308 clauses=2030 xors=0 k3=0 k4=0 k5=0 k6=0 covered=0 maxcomp=0
symm2026,43d40ced32b5be08814ef24f97379654.cnf.xz,vars=210 clauses=2850 xors=0 k3=0 k4=0 k5=0 k6=0 covered=0 maxcomp=0
symm2026,44452f4bac1e77157bbc900c5cc0756d.cnf.xz,vars=9612 clauses=210064 xors=0 k3=0 k4=0 k5=0 k6=0 covered=0 maxcomp=0
symm2026,58eaf62034046ed4fc52562869569b44.cnf.xz,vars=820 clauses=32021 xors=0 k3=0 k4=0 k5=0 k6=0 covered=0 maxcomp=0
symm2026,5d02aa18eac7304c705577f1cce07784.cnf.xz,vars=24822 clauses=247840 xors=0 k3=0 k4=0 k5=0 k6=0 covered=0 maxcomp=0
symm2026,5d06225b27017e9a703f10cb577cf3bf.cnf.xz,vars=625 clauses=17432 xors=0 k3=0 k4=0 k5=0 k6=0 covered=0 maxcomp=0
symm2026,5d8b47745dba3fe50f9c8712be389cd5.cnf.xz,vars=1000 clauses=55525 xors=0 k3=0 k4=0 k5=0 k6=0 covered=0 maxcomp=0
symm2026,65bf849f3e86ab275e339934f4d140a0.cnf.xz,vars=3750 clauses=208955 xors=0 k3=0 k4=0 k5=0 k6=0 covered=0 maxcomp=0
symm2026,6ddda96839bb24cd7389d5556d3ab16d.cnf.xz,vars=25920 clauses=562074 xors=0 k3=0 k4=0 k5=0 k6=0 covered=0 maxcomp=0
symm2026,71849248b47db583f56e77f55f31e525.cnf.xz,vars=5950 clauses=455260 xors=0 k3=0 k4=0 k5=0 k6=0 covered=0 maxcomp=0
symm2026,757d64688ac60cba697a980dfbbf5075.cnf.xz,vars=5460 clauses=245882 xors=0 k3=0 k4=0 k5=0 k6=0 covered=0 maxcomp=0
symm2026,7b9620b5d7da55bda43595fe37867acd.cnf.xz,vars=7200 clauses=604890 xors=0 k3=0 k4=0 k5=0 k6=0 covered=0 maxcomp=0
symm2026,8117a2ac08e1acf52f660663efe2a5ca.cnf.xz,vars=322 clauses=1127 xors=0 k3=0 k4=0 k5=0 k6=0 covered=0 maxcomp=0
symm2026,860788f93fb766e83e00a29de84180e7.cnf.xz,vars=510 clauses=19652 xors=0 k3=0 k4=0 k5=0 k6=0 covered=0 maxcomp=0
symm2026,92b22042a950db2a9841f08d169d1bb5.cnf.xz,vars=6300 clauses=497790 xors=0 k3=0 k4=0 k5=0 k6=0 covered=0 maxcomp=0
symm2026,9ba8145e0d02318dea5507fc3ba03472.cnf.xz,vars=13500 clauses=4611150 xors=0 k3=0 k4=0 k5=0 k6=0 covered=0 maxcomp=0
symm2026,a7e5d03892a17e51e22b688f51cf0aab.cnf.xz,vars=720 clauses=33140 xors=0 k3=0 k4=0 k5=0 k6=0 covered=0 maxcomp=0
symm2026,a95f0373ebf724f474fcc9ccd7197bd9.cnf.xz,vars=3660 clauses=109922 xors=0 k3=0 k4=0 k5=0 k6=0 covered=0 maxcomp=0
symm2026,aa4e80476e6a6ea1034e303e6b2e46dc.cnf.xz,vars=5250 clauses=375450 xors=0 k3=0 k4=0 k5=0 k6=0 covered=0 maxcomp=0
symm2026,b0142b06940fb02e2b4ddb7a2101a3d6.cnf.xz,vars=210 clauses=4011 xors=0 k3=0 k4=0 k5=0 k6=0 covered=0 maxcomp=0
symm2026,b0abaa97c4663edc2048d86de3e2b226.cnf.xz,vars=16520 clauses=219007 xors=0 k3=0 k4=0 k5=0 k6=0 covered=0 maxcomp=0
symm2026,b1c44904cf06682f973b60c8282f45e8.cnf.xz,vars=647 clauses=3239 xors=0 k3=0 k4=0 k5=0 k6=0 covered=0 maxcomp=0
symm2026,bcdc894819cf050e57849fe84a1e8cc4.cnf.xz,vars=4040 clauses=202202 xors=0 k3=0 k4=0 k5=0 k6=0 covered=0 maxcomp=0
symm2026,c44762c4b177ac64fd0919f37de8382e.cnf.xz,vars=336 clauses=10430 xors=0 k3=0 k4=0 k5=0 k6=0 covered=0 maxcomp=0
symm2026,cb2e8b7fada420c5046f587ea754d052.cnf.xz,vars=180 clauses=3160 xors=0 k3=0 k4=0 k5=0 k6=0 covered=0 maxcomp=0
symm2026,d27f76623aed2fce608c092b2aafafc5.cnf.xz,vars=6650 clauses=542070 xors=0 k3=0 k4=0 k5=0 k6=0 covered=0 maxcomp=0
symm2026,e430acf720b63044e5c825a00a76b0eb.cnf.xz,vars=1250 clauses=15375 xors=0 k3=0 k4=0 k5=0 k6=0 covered=0 maxcomp=0
symm2026,e5787bb4c8c29aa39b14a5e11387999d.cnf.xz,vars=13079 clauses=252490 xors=0 k3=0 k4=0 k5=0 k6=0 covered=0 maxcomp=0
symm2026,e91253303b915493090c1f4b59d9e969.cnf.xz,vars=7600 clauses=144800 xors=0 k3=0 k4=0 k5=0 k6=0 covered=0 maxcomp=0
symm2026,f83424f869b61931d720f93e5a12df3c.cnf.xz,vars=380 clauses=7050 xors=0 k3=0 k4=0 k5=0 k6=0 covered=0 maxcomp=0
symm2026,fbd9968f5067604694f11f14c07c5527.cnf.xz,vars=990 clauses=42615 xors=0 k3=0 k4=0 k5=0 k6=0 covered=0 maxcomp=0
symm2026,011984fd82d62d609e776fbf5de75440.cnf.xz,vars=2320 clauses=8620 xors=0 k3=0 k4=0 k5=0 k6=0 covered=0 maxcomp=0
symm2026,09637d3bd641b4d733666a862e8918ea.cnf.xz,vars=12662 clauses=102387 xors=97 k3=0 k4=0 k5=97 k6=0 covered=485 maxcomp=1
symm2026,0be1e12a8e7282d1a4e389bb90f6dbc7.cnf.xz,vars=1200 clauses=8093 xors=0 k3=0 k4=0 k5=0 k6=0 covered=0 maxcomp=0
symm2026,0c9da400944b002f90fd385d4fdab385.cnf.xz,vars=568 clauses=553495 xors=0 k3=0 k4=0 k5=0 k6=0 covered=0 maxcomp=0
symm2026,1bb9fe12b4fb50e98903ee87a51d6472.cnf.xz,vars=11680 clauses=74581 xors=86 k3=86 k4=0 k5=0 k6=0 covered=258 maxcomp=1
symm2026,2b8cac8e1f5cad04696004e7fbf5cf2e.cnf.xz,vars=289 clauses=242594 xors=0 k3=0 k4=0 k5=0 k6=0 covered=0 maxcomp=0
symm2026,4f09ef861ee74e50dc101765e1ce27fb.cnf.xz,vars=2856 clauses=11109 xors=42 k3=42 k4=0 k5=0 k6=0 covered=126 maxcomp=1
symm2026,543e67dd5abc272c37775b1b742a1d9a.cnf.xz,vars=25162 clauses=542447 xors=0 k3=0 k4=0 k5=0 k6=0 covered=0 maxcomp=0
symm2026,5de866bc7ff4dfde3cd682b5aca75894.cnf.xz,vars=320 clauses=30726 xors=0 k3=0 k4=0 k5=0 k6=0 covered=0 maxcomp=0
symm2026,74931e82fd208ed949fa44bccd80df6b.cnf.xz,vars=862 clauses=855716 xors=0 k3=0 k4=0 k5=0 k6=0 covered=0 maxcomp=0
symm2026,8d0d8518a438d93428257d9a38863c3c.cnf.xz,vars=13211 clauses=122177 xors=0 k3=0 k4=0 k5=0 k6=0 covered=0 maxcomp=0
symm2026,91860f79f079fede859034c7d76a98a2.cnf.xz,vars=29183 clauses=697937 xors=0 k3=0 k4=0 k5=0 k6=0 covered=0 maxcomp=0
symm2026,920bbe559da4ea37fd636605316a791c.cnf.xz,vars=500 clauses=15526 xors=0 k3=0 k4=0 k5=0 k6=0 covered=0 maxcomp=0
symm2026,a20f076f7fce54172e823c63ea7948f7.cnf.xz,vars=260 clauses=16640 xors=0 k3=0 k4=0 k5=0 k6=0 covered=0 maxcomp=0
symm2026,ae48df6541d190c096b1e5ba22d1b534.cnf.xz,vars=6664 clauses=89966 xors=0 k3=0 k4=0 k5=0 k6=0 covered=0 maxcomp=0
symm2026,ba14be209c2fc064726025f017cef17a.cnf.xz,vars=83188 clauses=1909831 xors=0 k3=0 k4=0 k5=0 k6=0 covered=0 maxcomp=0
symm2026,c557ad9cb79983b9d429c219e3cecbb8.cnf.xz,vars=7216 clauses=3661485 xors=0 k3=0 k4=0 k5=0 k6=0 covered=0 maxcomp=0
symm2026,d0b5d1dc96a5bf33d2c65106c3b179a8.cnf.xz,vars=568 clauses=7150 xors=0 k3=0 k4=0 k5=0 k6=0 covered=0 maxcomp=0
symm2026,f2c6d035d0aa58cc06927af6be7a821f.cnf.xz,vars=9630 clauses=2735974 xors=0 k3=0 k4=0 k5=0 k6=0 covered=0 maxcomp=0
symm2026,f497bda3018958d7ba2d1cd99da3982e.cnf.xz,vars=2300 clauses=21816 xors=0 k3=0 k4=0 k5=0 k6=0 covered=0 maxcomp=0
symm2026,f52a349677a5b5b5315b5954b3181fe3.cnf.xz,vars=76014 clauses=1432755 xors=0 k3=0 k4=0 k5=0 k6=0 covered=0 maxcomp=0
symm2026,f8443057c188f6c9cfb711ff3d4aa6ff.cnf.xz,vars=2720 clauses=105706 xors=0 k3=0 k4=0 k5=0 k6=0 covered=0 maxcomp=0
symm2026,09e0775d2b51c49ec1ec4d214ee7c8c8.cnf.xz,vars=342 clauses=339679 xors=0 k3=0 k4=0 k5=0 k6=0 covered=0 maxcomp=0
symm2026,37fa67bd34cc613f3fc6954cdee943c1.cnf.xz,vars=52675 clauses=78594 xors=0 k3=0 k4=0 k5=0 k6=0 covered=0 maxcomp=0
symm2026,77bfac6b280653e63013f77d0991484e.cnf.xz,vars=138711 clauses=4688613 xors=0 k3=0 k4=0 k5=0 k6=0 covered=0 maxcomp=0
symm2026,7d311f620f4ebc4adf8f4079899750eb.cnf.xz,vars=550 clauses=4941 xors=0 k3=0 k4=0 k5=0 k6=0 covered=0 maxcomp=0
symm2026,97af3e49faef7cf67794928b6690b67c.cnf.xz,vars=1180 clauses=635898 xors=0 k3=0 k4=0 k5=0 k6=0 covered=0 maxcomp=0
symm2026,e67d733d9938c565d6359002333611ff.cnf.xz,vars=1000 clauses=13501 xors=0 k3=0 k4=0 k5=0 k6=0 covered=0 maxcomp=0
symm2026,fca71c20202ef404349136c3a00465eb.cnf.xz,vars=2420 clauses=33572 xors=0 k3=0 k4=0 k5=0 k6=0 covered=0 maxcomp=0
