hash,group,resultado,bytes
1a92907cdec0528583a8f49a818b406d,algorithm-equivalence-checking,unsat,178110
389bb0a8f3568f4bd0e71771df9093c5,algorithm-equivalence-checking,unsat,222184
69ad7473757d30d55fabab7882268483,algorithm-equivalence-checking,unsat,253056
8b22396ef06770c7dfa7552a610fc911,algorithm-equivalence-checking,unsat,259168
8e1f70e59050693ef128bee0092a7f5f,algorithm-equivalence-checking,unsat,324493
acc0bc3ef52aa228cc35c2d9bb3ae249,algorithm-equivalence-checking,unsat,332055
d4256f750a8db53113c128b397722443,algorithm-equivalence-checking,unsat,199343
00d5a43a481477fa4d56a2ce152a6cfb,argumentation,unknown,1317758
16564a6acba6b9fc887c447d4e507767,argumentation,sat,587694
1e87463fee15de63143796fd92d88a58,argumentation,sat,291499718
2241a1fb5bdbac0c1a3c1980ed8b332d,argumentation,sat,18328155
43fbacb24ea30054dece1de179c4ca7e,argumentation,sat,587694
465c7f101b2d24de63f6a6f544faa9ee,argumentation,sat,291457419
674affb219c049cdbff1b65a6b7bedcc,argumentation,sat,288921124
69ed23c545d2a48f735f2187d919a5dd,argumentation,sat,288915954
6fab31665147f538da92dc16c3a239ad,argumentation,unsat,282371
8b267f95678c90b2179944de7233b090,argumentation,unsat,932215
96a472b1fd7bf855fbe44fc2d5e745ce,argumentation,sat,291629681
9754fc1acf450ee2ed2083a211cfa487,argumentation,sat,223352
aa5585572cc045a3c2209b083635d598,argumentation,unknown,1022068
ac51df6b340190cd1182c06ff2955afa,argumentation,sat,161775
b9ed6fd14f4fc969ec966a4b54c36872,argumentation,sat,949722
c0074020a48535e6062421cea2850dd0,argumentation,sat,443479
e3bd4a397f34a99c47d1b2e0e9abcd43,argumentation,sat,288889610
e9f6eb5654365bb115e6d96405ea9a76,argumentation,sat,289051572
f371fb73e6bd6d05b306519818bd5c89,argumentation,sat,161776
f569dc48ad062a3110ff08a8d59e59ab,argumentation,sat,64548306
2925ee90763e08b2f7e79c7c713c86b9,at-least-two-sol,sat,56068555
4ba2c1aa580b6497df6baf5e7e2c87be,at-least-two-sol,sat,3353387
cdf559a186b55457ce49516ec323e907,at-least-two-sol,unsat,39214994
533017e0f42d8246c7ae140313a84161,baseball-lineup,unsat,147992701
d88c6afc13cdad0e2c8371a879692b39,battleship,unsat,18519
ed6d842f96d10f3400bce251f9e95bfb,battleship,sat,73455
0205e2dffaef93a90c239df31755f2e1,belpyramid-puzzle,unsat,23953887
09cd83e233380d0ba1fc56cee88367b1,belpyramid-puzzle,unsat,790336
0a4880c0e882e6a4a31943522573c394,belpyramid-puzzle,unsat,17137512
0f269188707a1b2f309dd1c70bfe22b0,belpyramid-puzzle,unsat,23150476
1b9f94befb5bc867c0e882f49973f793,belpyramid-puzzle,sat,14756924
27cb3a6ca772613c5998d7f78a55ba45,belpyramid-puzzle,unsat,17143494
29b573e0f7b922c4bd0a675db005265f,belpyramid-puzzle,unsat,8401144
3197b65ef50328394a0c9e73281d7122,belpyramid-puzzle,unsat,963383
35b9091b90bd28a492c9556d6fc4348d,belpyramid-puzzle,sat,19034630
47f5872181a581dff34eb33123fe3242,belpyramid-puzzle,unsat,2688693
5246b7b99ba005af421d86299f7d26d0,belpyramid-puzzle,unsat,806649
5831f35622f3e6c666f0cee6cac60e4c,belpyramid-puzzle,unsat,1103686
5c24cfeff639fefdead9a5641f65fa22,belpyramid-puzzle,unsat,156340
5dbe7b31f9b8d8e56045493439adb949,belpyramid-puzzle,sat,19055025
5ff5e9d5aab95667d3d2bd50e1e6792a,belpyramid-puzzle,unsat,1182829
6f354fbea13b25a49f3edc1cd10c48d5,belpyramid-puzzle,unsat,9430212
72cec28d6e34efe366150066b71edc33,belpyramid-puzzle,sat,14278977
76bef98aafe7e718e98761f058c7dc1d,belpyramid-puzzle,unsat,13918164
9277f5d1bc65276294617e672c4f2443,belpyramid-puzzle,sat,14958031
944b4eaecefa1d15c2d2a8ac0c2d1c31,belpyramid-puzzle,unsat,515993
98a9352230efc411c092f1dcdcdedcfc,belpyramid-puzzle,unsat,16684470
98e8aa2ace21d3362ef51524ad546764,belpyramid-puzzle,sat,19830358
a7e7d0f855781da215aed50e523a821c,belpyramid-puzzle,unsat,1518619
b361efe85442bd535849708e2b7ac639,belpyramid-puzzle,unsat,1786849
c6470503d1ff16cbafa18764b13d80ed,belpyramid-puzzle,sat,14578300
c8cde50f32ca3f78a4c74a173c63449b,belpyramid-puzzle,sat,117153660
d3e4e0f01836bb359725c6aa5072afce,belpyramid-puzzle,unsat,22593334
d88a8a62342be0ef04bd3b429f311352,belpyramid-puzzle,unsat,23832053
dbe12d6d2e341d7b4e4216142f29e170,belpyramid-puzzle,sat,15069310
f37757b26c83935780be4f814f8ea401,belpyramid-puzzle,sat,14557618
f5c12b1eb9c49e994abb238576a9372b,belpyramid-puzzle,unsat,17928612
fdc4dd704e4d93a50fafb1debd8a6789,belpyramid-puzzle,unsat,14977140
65f7145996bbec02b90bd0fa64a20502,bitvector,unsat,29698985
9b5f767eb5c14eb888d51acf70e045c8,bitvector,unsat,548765
18d4124324b56e434118f9ef72198d84,cellular-automata,unsat,69493798
207ebdf62e5ce54c8b4ddeeb17843a56,circuit-equialence-checking,unknown,20668214
b18b24418dd863c1d631698d7d45041f,circuit-equialence-checking,unknown,4536450
16ff47a05b769ed6a04c7175cfc6da55,circuit-equivalence-checking,unsat,261851
31e843c53a76ff3961935ad55b953298,circuit-equivalence-checking,unsat,226946
9dd565d002c343712eb5deda187e9034,circuit-equivalence-checking,unsat,298502
f0bafebdcce23ccfbaf6c27a7522069b,circuit-equivalence-checking,unsat,205892
115fa7f61704bc12b2373aa471bc434f,circuit-multiplier,sat,697736
9ea8deb8313d93e60743638909f37d6c,circuit-multiplier,sat,668302
06d2ca2ee0b47f00d93090495f7fd4f4,clique-coloring,unknown,3734127
110f8eb8b9b80204fe955ea0973bbb00,clique-coloring,unknown,382496
21415e807689ea75536e846a24623de1,clique-coloring,unknown,905127
80d8c77f6cab179d469462221f3f624a,clique-coloring,unknown,924787
8707ef793f0443b5804c56c2ffca322e,clique-coloring,unknown,520427
ea37a677b357328c1641ef2f6087bf66,clique-coloring,unknown,623538
6d35bab4302bc221fa2c9234547b848b,clustered-random,unsat,150503
08d56c03e6561f6b9bec2e3f344ea3de,coloring,unknown,286172
b1c8eaa002ac2fa1c8bfd1002738e78e,coloring,unknown,92066
c8d21db50338d9d5743802bcae77a466,coloring,unsat,79114
cdd131110acc861a5a01fae6c4936c91,coloring,sat,133637148
292bedf65cee7cc38fe8b2725eb50868,coloring-clique,unsat,226914
482295be38dc1d63a16f3cf649ef7ef6,coloring-mycielski-graph,unsat,149611
88849daabda2e712f659c6edbc142229,core-based-generator,sat,266487993
9d7caee59e9d362d132f1cd785de8a0b,core-based-generator,unsat,154230094
ddc308b079b032211ac8e4ae136c2626,core-based-generator,unsat,205931747
0876c518e5653369e20fb1ee0bb8db40,crafted-cec,sat,1384538
e7addace716ccd5c16ff9a5650869465,crafted-cec,sat,861629
ad69e0a0880cd377e26260f7e4bc6d51,cril-misc,unsat,333350832
99718c1729a8de3347a9946f1836421d,cryptography,unsat,109180
84282cd481f7614f444951064c707030,cryptography-simon,sat,175165
8af30680e9329ae30c2cdbece636c470,cryptography-simon,sat,202481
9f38c92ba81c754103444edc15c1f44b,cryptography-simon,sat,184286
d35dfc38e1681b48ebceb4113d205a23,cryptography-simon,unknown,138775
f33a6163305d6559043b7438a692dea9,cryptography-simon,sat,147894
24075575c3dbd9e9eae948dd2241b029,diagnosis,unsat,18951258
9a839badecb20dcf505ec79eedd3753a,diagnosis,unsat,12429789
0ae917c2e0c1d39cbe411c29b2f5ff08,discrete-logarithm,sat,2640597
64cb3656e0c03b3db7033ee9b987f280,edge-matching,sat,442710
cbd0933002d6c4ea99ceb47bb0c3f4c9,edge-matching,sat,2029757
67aa1a256f92020dccdf66b235de3986,ensemble-computation,sat,1326855
28eeb2beac7005a9afa98e4d3aaca621,equivalence-checking,unsat,31120216
2c8eb0402be32cf281e23f00d5a16259,equivalence-checking,unsat,31094293
35748015c5f16c9ee7e4d1894af497a0,equivalence-checking,unsat,31079982
3c129545f090ef08b6ef89a2903ff83e,equivalence-checking,unsat,31143233
5314fd6ccb53b6f6af49a594ea68a273,equivalence-checking,unsat,31128154
5911653e4edadec391654c8f06353f9a,equivalence-checking,unsat,31066899
5c47810953b22baa5f6f45585430fc77,equivalence-checking,unsat,31043767
753ca299a6ab46e28ece1aefa38f4947,equivalence-checking,unsat,31176472
d5928883c1e1f70764a31a83aa419eaf,equivalence-checking,unsat,31035007
d839601ab519549e507de27b868fa48b,equivalence-checking,unsat,31125383
d99fd10afec0eea1a41a429936bfef59,equivalence-checking,unsat,31011875
f626408ec204fd8e1a7924d0e59672e9,equivalence-checking,unsat,31070336
9dcbf221b8d2bb01f30bcca283f3608d,erdos-discrepancy,sat,13615336
e207ba2df64495327f715e08155a220f,fermat,sat,1407129
474e9594ec7885cb1bebf66073eb2de2,fixed-shape-random,sat,156742
4c3001f8073986116d98084dde70da05,fixed-shape-random,sat,156745
1890f49a43a94b97828528b68c32b78e,fpga-routing,unsat,11832
36ba44cf208034e2c8e84a1971b9bfd4,generic-csp,sat,207851
09befe1ffd4e02a988cadecd0a012261,graceful-production,sat,439357765
7cf696bae2c50af38414b61b8d92581a,graceful-production,sat,309300552
3f67f6767764855e516e5394be1145e5,grandtour-puzzle,unsat,45908
0ed8c06438673f179985a79b9d6a9fe4,graph-isomorphism,unsat,191456070
6ff70a3aaf261b35b0b072f454a756be,graph-isomorphism,unsat,170534465
7a5e9bdbf9b8c025b1f986d6098b6206,graph-isomorphism,sat,140846975
f6a085f3c728e53f57542e62df20e56b,graph-isomorphism,unsat,171720918
43687a48fb119ca61b47c2fc69a71e7d,gray_codes,unsat,1128221
3ef7fa06c6380f12cfe2970873da6fb1,grs-fp-comm,unsat,4918926
56913ff910c49dd5010653720970d944,grs-fp-comm,unsat,5015275
a49ec44c8d9972cda278d48b6dbef09e,grs-fp-comm,unsat,15575910
d6afa5689d75e37111656db8980dd54b,grs-fp-comm,unsat,10015538
fe851239cedd4197c5390cee55fee723,grs-fp-comm,unsat,20449302
22df1827e3253fc824cc7ce806d75e0a,hamiltonian,sat,55707
695d8f6a2ee6e89e5a4f5d94abc3aca6,hamiltonian,sat,38277
6e139783cfbcfeec85b49750ad11a615,hamiltonian,sat,32425
a497d784c61c330f012dcd80d44dcd43,hamiltonian,sat,32477
334aa882de28856fc8c75885285d2a3c,hamiltonian-cycle,sat,5723299
9da32436de386f3b4f8e6ec1db552349,hamiltonian-cycle,sat,7550069
847df6bb7bd0a8fcedb57e012cfe0014,hardware-bmc,unsat,65158222
07cea7a64248a60d509368d09d3057c2,hardware-model-checking,unsat,38952324
0d8779c22e2caa8d676723701e5a0347,hardware-model-checking,unknown,495732599
0e36fa2e12f32cde67937803299fb57b,hardware-model-checking,unsat,34691131
1576e239e1c17939f24688a12fb10fae,hardware-model-checking,sat,16388935
3746303c659ef65aaa78f3b52cd5de49,hardware-model-checking,sat,137346731
3b5d7ec347010e177bfa04b298fc75cf,hardware-model-checking,unknown,11292974
51482a5b06b055edfdca576d654ce191,hardware-model-checking,unsat,2505579
546f8e069aa450002a30c9c47538fe95,hardware-model-checking,sat,9701006
5ceb95f5960efe1f23c3014847dea118,hardware-model-checking,sat,177980374
70da0b784f49350e05c0ff8434acdc15,hardware-model-checking,unsat,3667345
7bdf3e5401cc263951003b569bcd689c,hardware-model-checking,unsat,8194454
96dea3458b5470bd6db5704a0d1e9742,hardware-model-checking,unsat,8216773
a28f59752c160af22b6d04cb89ddf802,hardware-model-checking,sat,495456215
ac3887576c2ce781202b9fe0fdc31420,hardware-model-checking,sat,192069831
df813fe752353c2cc3b9040865aecfe4,hardware-model-checking,unsat,27753070
dff4ea0af62900ab4d404f3bf7649a4d,hardware-model-checking,unknown,453523222
ebbda8d90dfd9b6500bf932f952907a6,hardware-model-checking,unsat,38074121
fcc4c4522c54db2f1cee86fe0fff5f4a,hardware-model-checking,unknown,99066207
6832fe907740af686fde98518067ea3f,hardware-verification,sat,170137523
b27017cae233481c679e3c3be6f00af8,hardware-verification,unsat,137117411
d672bdbca3b1fb26d585e78add79537e,hardware-verification,unsat,5693659
2d0c041c0fe72dc32527bfbf34f63e61,hgen,sat,16317
6147e666b75f603a4c4490d21ab654cd,hidoku,unsat,133354
5e933a625099cc1ec6a8299a7848a2ae,hypertree-decomposition,sat,489551891
2bdfcf23ac1829912a408402a540972a,independent-set,unsat,6924224
41f507717c7c4553d23cd0cd1fc40104,independent-set,unknown,46817504
87f093067622b91fa9dc0de149c8b92c,independent-set,unknown,36670675
f25a1df88f89c6bcbe2602fa7f6e816b,independent-set,sat,6623517
27570c6780aaade3dc771c6a12534fb8,independent-set-reconfiguration,sat,13567380
8733dfd02c923d69720500c9ec8ce36a,independent-set-reconfiguration,sat,53952796
95abe8aeebbe88fcb0503b13109593b3,independent-set-reconfiguration,sat,50983438
c033577c6f5f9a1545537518af964305,independent-set-reconfiguration,sat,49900820
931621d9964e9d0cd1c4001822015c92,influence-maximization,sat,2960913
f32bb347996c351bc3e9a91c58e8601d,influence-maximization,sat,2168304
59825ed96dc3bbdbd8789a4870b323ec,knights-problem,sat,9559292
86173292a2c6a506acf27a81db853bb5,ktf,sat,5555417
53c21f3e78f060883026b5a12ba691d8,maximum-constraint-partition,sat,2547849
619e9e0d70c78c97b0516afedf086fee,md5-equivalence-checking,sat,327708166
e23edb67db2d1dfdbfe2f4c02d09c6c7,md5-equivalence-checking,sat,529527916
30f64b3b0870ce5d22d4217782224dfe,mechanical-master-key,unknown,73902390
395829127ec213c2e69a6a13dda3623b,mechanical-master-key,unknown,696371
3cda1cbfbcabfc71ece7961d4d6ad1bb,mechanical-master-key,sat,704073
4c037368864330bff3940837ac28ac14,mechanical-master-key,sat,617954
5d62e4d7ab116c477c8d4f5bd36907de,mechanical-master-key,unknown,704015
89002102bdb86946869a06dc1f604315,mechanical-master-key,unknown,81850474
96977e8e00a3728097861502a449e343,mechanical-master-key,unsat,114943
b99ba7e9113280393c64863dfbfa2c3b,mechanical-master-key,unsat,149069
d2af3fde615d7c4d4a4574fc8839970e,mechanical-master-key,sat,66608514
dbb42e010bed2259e4e27bc43e4d86c6,mechanical-master-key,unsat,85217
f1973c0a4e960a914ff12aa7e4e9293c,mechanical-master-key,sat,704211
fe9b9a35531e13dab41307e569386dab,mechanical-master-key,unknown,90175312
0c9bcbc815cf0f109b7aeef3fbffc42d,minimal-disagreement-parity,sat,162062
1d90be3e37a42432d281cf6c1b8eae4b,miter,unsat,248357
539a1f4e4f7a95ab0ac55df50445cceb,miter,unsat,216155
54d496c14fd2461642ef6be5341b297b,miter,unsat,128588781
818c585e5986431917605fca8d775034,miter,unsat,25258827
c0e828fb967fc4f0935cf06c6a6b1055,miter,unsat,104417
d9320e4dbba0f8bd699085f61a98ff5c,modcircuits,unsat,3315317
362d153b4162127bc42796180110f483,multiplier-circuits,sat,406767
90bec6dcf2399d7c7f73acba44a8641e,multiplier-circuits,sat,1151713
321732c1a401ff109b2f2b447e3dbe5e,multiplier-equivalence-checking,unsat,142447
418b8aa42088cb0b1d85014dfa285b25,multiplier-equivalence-checking,unsat,135435
5d7bc1fb0f3269d88f732d3fb81abe59,multiplier-equivalence-checking,unsat,137635
60e39615d3af069932865a28b1bf6330,multiplier-equivalence-checking,unsat,148392
8e81131a0c4fbd01e90bb6e20d00c547,multiplier-equivalence-checking,unsat,126457
91c429adc2dc8430461b6d87a9aef335,multiplier-equivalence-checking,unsat,142312
989ca6ab309ca52a6ff957b6896aa03e,multiplier-equivalence-checking,unsat,157556
98a991c902324b02349e766ad357cdc6,multiplier-equivalence-checking,unsat,133802
a932cd15aa770c7874b12476153b7df2,multiplier-equivalence-checking,unsat,128380
ae9c53347ee8072745ed230992e164ee,multiplier-equivalence-checking,unsat,145046
de8c42d50f1dbf43a731f1916dc6bf01,multiplier-equivalence-checking,unsat,141552
fea0f926e766ccba7c7dc261084ecbd0,multiplier-equivalence-checking,unsat,151538
03e852aa864cfe6eb49c264b462b8157,multiplier-verification,unsat,5727046
3ec81fcaac5a1da8a6ca4da0b9d8eb02,multiplier-verification,unsat,5849798
a70883771fd1c210d94a916d52510a3a,multiplier-verification,unsat,9315958
fbdca334e6985cd2de8718b60695b5f6,multiplier-verification,unsat,1507007
45742d067cc851edc1201d8a02586eac,mutilated-chessboard,unsat,31920
0c0430a68f147be18ab3fded07f30fdb,oddball-weighing,sat,450225042
0ec8c5e9084cbc8a326f8f37e1abf741,oddball-weighing,sat,467867327
1b8806812861df2b7e91dc316ad1ef80,oddball-weighing,sat,433372444
1c30806c5aa9cd54bf823c20fa078243,oddball-weighing,unsat,14195074
296fd43ed40e242875984420f29be73f,oddball-weighing,unsat,11967444
41915707d831e1365389d3cc47c7953f,oddball-weighing,sat,416392556
4cf3505e5183c26bbd97d89fdaa93f8c,oddball-weighing,unsat,4134693
7a206b67366c3049f214f360ff943f62,oddball-weighing,sat,503684557
8f391f2bf8167f1b96467f3479b33dc5,oddball-weighing,unsat,8189951
a1fdd60d2570f47fb14956ac9e96951f,oddball-weighing,unsat,9993627
c569d4b2b2e90a1a70bd23a1169355ef,oddball-weighing,unsat,3317265
cabfdc91f644200767df9d480d2cc53e,oddball-weighing,unsat,5826741
ddf9620410e6a4351f64c745670ef5d4,oddball-weighing,sat,521839020
efc1b7cc3861df8c2b68ca10399b794e,oddball-weighing,unsat,2112705
f1cd694d42891a20c96a65ee1c321edc,oddball-weighing,unsat,3481508
f406e2b8b28f205f16e8983bd522db13,oddball-weighing,sat,142500005
fdefca5f5236d5a8361dbdff0d017eeb,oddball-weighing,unsat,5131588
22c8d6aa86d51e15ef5ab37479eda22b,ordering-principle-xor,unsat,15666100
4f4d22ce7643079412975a662e9363fd,ordering-principle-xor,unsat,13285524
1a936d41e3439d602c3ddcf96458a38c,p-center,unsat,386663
2412325e3c099453b99c87864477363c,p-center,unsat,156331
3619135ee5865be0a107449fb31defd9,p-center,unsat,156462
4761df10c93b58dc5985ca8a43c959cf,p-center,unsat,386687
50519e9e964f30dc34992f0348bd7005,p-center,unsat,386386
68e33d998466bbdd4bfb7249a5790e4f,p-center,unsat,386632
8a05f9b6bf49285e40d0a197967ea5d3,p-center,unsat,382800
a0bcdaffb0ea36b678899fd86bdc7f18,p-center,unsat,386671
abadaf0ee0e21ff1a4b0e294f13ab5ab,p-center,unsat,588959
d1c28f29dc80ff82a3e32aa47fac8b41,p-center,unsat,386593
d971241ca861121371d20be1d61c15a3,p-center,unsat,156571
f6f91f6a44c3953b788c026cbbaa4e91,p-center,unsat,591144
6f40bd5ac85e2a53b392d8f0369e7f1f,pigeon-hole,unsat,36146
16c999d046885c8e51f196e60c34d966,planning,unsat,4669883
21b173943af57eefaac5e88bfa2662ad,planning,unsat,349770
2e058841373f34cc47d8dec927fd1796,planning,sat,204754025
557d7d4db5399188f62bc39598c6d868,polynomial-multiplication,sat,4489868
7e58b502cc9dbef5f76d5161fb9a09b2,polynomial-multiplication,sat,4387948
f0753a43fd48018b408d64ea68a4a924,polynomial-multiplication,unsat,304371160
d07b717548b8c9c1477dd7f4a650bdf7,purdom-instances,sat,309124
e318e2ac78b473091c3c2197afd7fc98,purdom-instances,sat,320229
e4ac15cf2373fe0a3601065225178916,purdom-instances,sat,354676
a2fe3213d50b3bc297e3f7606c921128,puzzle,sat,17319629
4c7e09f077026b9ee3900bfed6825fbb,pythagorean-triples,sat,230097
1e0d58c7e52319b3b17e343ec7ca6de5,quasigroup-completion,unsat,362880
04648cef5bed430ab6429991fa9e107d,ramsey-numbers,unknown,1836663
1b84df53843ecd90ec8c3c7a01cada6c,ramsey-numbers,unknown,150840
526caead2f3c84c2918a2fc775dc3e97,ramsey-numbers,unknown,23995523
847c8843ee292b9b31f0c346574af260,ramsey-numbers,unknown,194616
9118e76885506476cd50cef8b2ec5def,ramsey-numbers,unknown,1237056
99bd0555ca704df05fcaf6f9b84c7eef,ramsey-numbers,unknown,34135948
849950561ddce887c78fef773dccfa80,random-circuits,sat,8315950
e7ee736cb1d140b3f70c6f519097aa32,random-circuits,sat,64016361
72a033a7a86f1b89b1bdd8e28a97ecdf,random-csp,sat,522603
9b998be0c639d06988c4902eb125c0b7,random-csp,sat,518924
b5431f41e3264c64508c30da215c69c6,random-graph-xorsat,sat,51156
59fc779feee4390b57502814d424e0d6,random-modularity,sat,154432
780b0c9b5aed38a127f61c6aae7287aa,rbsat,sat,1390400
a8608545f9ae0462c7426e71a0e3e634,rbsat,sat,725918
46355da785714f239393e7630020cae3,reg-n,unknown,18455473
82851650dea77d44864b3fd8ae387691,reg-n,unsat,10035736
cb950b9accfb53eb98f77b0f995ac0ae,relativized-pigeon-hole,unsat,104820
e12874b16df577b301608d03731595d8,relativized-pigeon-hole,unsat,293770
e430acf720b63044e5c825a00a76b0eb,relativized-pigeon-hole,unsat,278189
04f43bb4a4f2c193a18e7195a4fd8e41,risc-instruction-removal-golcrest,unsat,29474746
c0bd86bd7ca2c65e44311de374168150,risc-instruction-removal-golcrest,unsat,42448950
113e692e379518bc3277855277dcc1b8,risc-instruction-removal-subrv,unsat,313560810
062f58e44eb73f9274b57af5092cad90,rooks,unsat,10111340
1b3c7ac17705be94daaddb5f5ae4816b,rooks,unsat,13675002
3c0db78733bb05b9d1e9d7627b2e8f38,rooks,unsat,10783646
0a8a4c28d27228e954354ea0a6e7f16c,sat-x,sat,154059249
9af7646fc4a32c6f2744ddc0c4b654b7,sat-x,unsat,148100050
ab02c7ef78bda1f427d5e3f1f26b1ae5,sat-x,sat,148120832
081f111af59344b61346367a930e24f6,scheduling,sat,12922
0e1d562093d5f4fc9013cf4a14a03f70,scheduling,sat,806641
12820b981e6b199a1b1a8c896386a337,scheduling,unknown,444138
25390e9d1fa1926485db7eb2d5a20ea8,scheduling,sat,14076695
35ec95b9b2398fb522db178855016ae0,scheduling,unknown,1668802
3a1f1b4b9a521737cc760017fe9d8b43,scheduling,unknown,5039120
53e347648553a2f2223614d3b4a07a4b,scheduling,unknown,588797
602c8a200227ab9d64d855164d35b5cf,scheduling,sat,781395
69f6dd335626a9b71bfc6f2332f52b9d,scheduling,sat,12172
6cb995b1c550beb579c53e27f6ca881a,scheduling,unknown,399289
6f6a20cd654701b5e7fe9e9e0e5e7787,scheduling,unknown,698554
78e8f5b0d59512cc4910fd63b4acb7fa,scheduling,unknown,534012
7a44efe7c2dbf88a61e7cb750f307937,scheduling,sat,769624
822cf4daaa4e1d16ad53d088ff567f32,scheduling,unknown,326796
908433870bee8ba2c86f266d0b002fdb,scheduling,unknown,6761740
a09eb02bbaa7a0ae171123a782c2164d,scheduling,unknown,764610
bc5a06872fa6dfc9acbc7f782f0a4439,scheduling,sat,12463469
c05d4d3ecd06a2e3942fea09159dd27b,scheduling,unknown,2822080
c86b261162cef181dc513963a8acb77f,scheduling,sat,4586658
cb66276897e4d1ff1368a4430598e11c,scheduling,unknown,481131
d0298807e51730261ef65db827dcd70f,scheduling,sat,2109386
e707c7e87816dd02ae433d268bd327c6,scheduling,sat,1352551
ed9f304b537a768f462bd1c723c5396e,scheduling,sat,1834991
1d18837c0ced5c18a3a4693993e61728,school-timetabling,sat,13457663
24bde22f729a988fb2394b644cb60d39,school-timetabling,sat,19192333
77e655b23c0a50d911c0384ef8fe266d,school-timetabling,unknown,19119324
8e62c5d47920ffe36052f86177403e70,school-timetabling,sat,13478959
901fa244999d250bc8d8cce19cabc114,school-timetabling,sat,19488605
95931bb010dba306e24c79c120044ff9,school-timetabling,sat,17038489
9f1cb42232335f84435126b5ae0fb701,school-timetabling,sat,16883057
affe8884c8c744ab2f07683ed1cf0d1a,school-timetabling,unknown,16875121
c7ee94464ba3b25e97fc9b38868b7154,school-timetabling,sat,19071711
d89fc3e9c24e0383e940464f4704657e,school-timetabling,sat,13733628
f17dfbed8c18716a41b231702e127524,school-timetabling,sat,13657191
fae6cf26f3da1e7d8fc4926a9ca86b61,school-timetabling,sat,17098703
0ccb0f855352783a972be45188bf3164,set-covering,unsat,385155
663bb5659e42c2c75f74354f48895302,set-covering,unsat,379984
75cc1f02ed4b8c06553ef579b163e1be,set-covering,unsat,382099
918d9e7c2e197312517736421d728958,set-covering,unsat,377075
965bc4f6691b2e5f7388aaa9ba68f768,set-covering,unsat,380030
1a9512580b2d946ebd41de4e8c08c42d,software-verification,unsat,460577358
d421913def55cb5f7302ffe9918cc153,sorting-networks,unsat,48293501
a2ca167a8fdbf165f40b5d6dee94b040,station-repacking,sat,12343851
e2d2b011b0805782df6adba648db92e8,station-repacking,sat,12379629
6cd9571bc71cc0c3fb08aeafb9ca37e4,stedman-triples,sat,8186328
85ba26d796de9ad740ce5a6813488fbc,stedman-triples,sat,3006808
cdd89d1b9259dcf26d4a53ba94041e93,stedman-triples,sat,4288401
5c29ccca91235475f762f4b106f804f2,subgraph-isomorphism,unsat,524797
b628043a07c5576dd6cd21c9d73a69e0,subset-cardinality,unsat,8070
0aa22564d00e9716519918d84b25c4a7,sudoku,unsat,45771655
de8988028668791f35a7b9f94353b5b9,sudoku,unsat,45775206
e442248e155eb81a811edd1deca8a2cd,sudoku,unsat,45774432
ea40162dda3f9b923b6160854cf7f75a,sudoku,unsat,45773643
fc67d414ea20a0ffffc087d7577af2fe,sudoku,unsat,45773488
7a044c997ede14d00002f1db39d45170,sum-of-3-cubes,sat,3410776
6ef090a10c10352090100af7b6654c31,summle,sat,3980374
ad9eb96bac59319fc2f7daffd1f961f8,termination-analysis,unsat,167442
f4ca5fca83e870d2ed56f2b00b074ed4,tournament,sat,90322152
41d14756a06872844577fc0abddb58aa,tseitin-formulas,unknown,8911112
42f1311ce504db8cc0cb590a568da20a,tseitin-formulas,unknown,10768
77a0d54f2fb3740a9a321623c0c10f3e,tseitin-formulas,unsat,17106
981c4e83c5dd3694af4c367958e0ee5f,tseitin-formulas,unknown,14079602
f3abc375afaf48c7eae21500b773bd21,tseitin-formulas,unknown,38948186
967b58fea99a99b8da592d3e2fe7139b,unknown,unsat,463898
2de9b79919882078aea76f297fc923e5,unknown-cases,sat,514203
3bfa92996634d2ddc6c0568bba9a0f99,unknown-cases,sat,67288
416e33a8463911546e4cd87d282a7e1e,unknown-cases,sat,67410
46a8727e27d848faafd83a990c2e01a7,unknown-cases,unknown,360335
4e3195a382f5af213444736fcc8b364f,unknown-cases,sat,5613713
5c8f4e54e195d46053b04e232a5661c4,unknown-cases,sat,67298
6f730dd121471749dc0b4baca2573bf7,unknown-cases,sat,1126425
77bfac6b280653e63013f77d0991484e,unknown-cases,sat,102777305
b3d3680b3287a989ce61a6db1054efd2,unknown-cases,sat,723441
c21096fa2f550785c33dc862d83bc941,unknown-cases,sat,61536
ca3c65a863526793968fc30618a42709,unknown-cases,sat,67394
fab2022deb130fe3ad1136a5c71b4109,unknown-cases,sat,55808
465795fa2641c616ce76de8501672a19,waerden,sat,1204547
57b478982ee9aba245ba792452b18fe3,waerden,sat,581309
ccc66f699505f84d67d7b4eaa78e5bd5,waerden,sat,680990
bea83d274b1c57b2171b380e34fd645d,xor_op,unknown,11154004
