instance,bank,path,known
80bb5209e88def5643bf5593320b104f.cnf.xz,calib,bench/calib/argumentation/80bb5209e88def5643bf5593320b104f.cnf.xz,sat
d699355595398f0765c5f51c9d0ad852.cnf.xz,calib,bench/calib/argumentation/d699355595398f0765c5f51c9d0ad852.cnf.xz,sat
4e0de894799790b06e8d6c3efd109ade.cnf.xz,calib,bench/calib/ecc-equivalence-checking/4e0de894799790b06e8d6c3efd109ade.cnf.xz,sat
bbcfd33f07cbf6fefa950d8254aa34ce.cnf.xz,calib,bench/calib/ecc-equivalence-checking/bbcfd33f07cbf6fefa950d8254aa34ce.cnf.xz,sat
ee8c86d39745aea1c1731d4f34bcaed7.cnf.xz,calib,bench/calib/ecc-equivalence-checking/ee8c86d39745aea1c1731d4f34bcaed7.cnf.xz,sat
a789d0722f1aa0d44c5a38b374719c69.cnf.xz,calib,bench/calib/md5-equivalence-checking/a789d0722f1aa0d44c5a38b374719c69.cnf.xz,sat
9d20bb1bd01838d70177ffd3aa284aeb.cnf.xz,calib,bench/calib/miter/9d20bb1bd01838d70177ffd3aa284aeb.cnf.xz,sat
9ef9243ff051b32795890fccd6c3f6b2.cnf.xz,calib,bench/calib/sum-of-3-cubes/9ef9243ff051b32795890fccd6c3f6b2.cnf.xz,sat
6f1b15ebd0ac13c05fb052e5b0453f64.cnf.xz,calib2,bench/calib2/allowable-seqence/6f1b15ebd0ac13c05fb052e5b0453f64.cnf.xz,sat
6e297bdb1c3f957f6333c37804805ecb.cnf.xz,calib2,bench/calib2/cellular-automata/6e297bdb1c3f957f6333c37804805ecb.cnf.xz,unsat
4989239fbeb6eb40fc0b664d9ba92636.cnf.xz,calib2,bench/calib2/cryptography-ascon/4989239fbeb6eb40fc0b664d9ba92636.cnf.xz,unsat
5553fec254b32349e0e48c7ee1e2d6c7.cnf.xz,calib2,bench/calib2/cryptography-cbmc/5553fec254b32349e0e48c7ee1e2d6c7.cnf.xz,unsat
bd0b055b890a9ace598a0c4aba40de30.cnf.xz,calib2,bench/calib2/trigonometric-functions/bd0b055b890a9ace598a0c4aba40de30.cnf.xz,unsat
f15a3ce898e0c66f309bf07d73744adf.cnf.xz,symm2026,bench/symm2026/N/f15a3ce898e0c66f309bf07d73744adf.cnf.xz,sat
57f6bbfc8be5a981322fe9991209aa33.cnf.xz,symm2026,bench/symm2026/X/57f6bbfc8be5a981322fe9991209aa33.cnf.xz,sat
9c5dd2eb0a40a150c686459a118c720a.cnf.xz,symm2026,bench/symm2026/X/9c5dd2eb0a40a150c686459a118c720a.cnf.xz,sat
0aeec01727d2c23cd3f075494541a7b4.cnf.xz,tesis-dev,bench/tesis-dev/bitvector/0aeec01727d2c23cd3f075494541a7b4.cnf.xz,sat
12fc09b9f66357cf31bb1e4584e28c1a.cnf.xz,tesis-dev,bench/tesis-dev/bitvector/12fc09b9f66357cf31bb1e4584e28c1a.cnf.xz,unknown
151e3f6c15130b20ab695722318e64b3.cnf.xz,tesis-dev,bench/tesis-dev/bitvector/151e3f6c15130b20ab695722318e64b3.cnf.xz,unknown
1a62267c798f13033f7fdb438a3accc9.cnf.xz,tesis-dev,bench/tesis-dev/bitvector/1a62267c798f13033f7fdb438a3accc9.cnf.xz,unknown
23bad002bd076e1e2bbbb53e44d5b00d.cnf.xz,tesis-dev,bench/tesis-dev/bitvector/23bad002bd076e1e2bbbb53e44d5b00d.cnf.xz,unknown
2dfce8dfd050eefb91c57a8f2270cff9.cnf.xz,tesis-dev,bench/tesis-dev/bitvector/2dfce8dfd050eefb91c57a8f2270cff9.cnf.xz,unknown
301958019bf585f861265c68670487d5.cnf.xz,tesis-dev,bench/tesis-dev/bitvector/301958019bf585f861265c68670487d5.cnf.xz,unknown
3f2a362bb7d5a8ea3076020892cde807.cnf.xz,tesis-dev,bench/tesis-dev/bitvector/3f2a362bb7d5a8ea3076020892cde807.cnf.xz,sat
68962ef48674e066d91ec37cf02ba1e6.cnf.xz,tesis-dev,bench/tesis-dev/bitvector/68962ef48674e066d91ec37cf02ba1e6.cnf.xz,sat
7da0582f7f105caeedcee2a216ecc0c8.cnf.xz,tesis-dev,bench/tesis-dev/bitvector/7da0582f7f105caeedcee2a216ecc0c8.cnf.xz,sat
82e6d1219d747172e414e37428a74133.cnf.xz,tesis-dev,bench/tesis-dev/bitvector/82e6d1219d747172e414e37428a74133.cnf.xz,sat
882482a0622ccdf8f355b6a11d7fbc72.cnf.xz,tesis-dev,bench/tesis-dev/bitvector/882482a0622ccdf8f355b6a11d7fbc72.cnf.xz,unsat
92b98ab8055b143e0283a215a70cf001.cnf.xz,tesis-dev,bench/tesis-dev/bitvector/92b98ab8055b143e0283a215a70cf001.cnf.xz,sat
997f40a6afd8054e3d6a84dfb65ef157.cnf.xz,tesis-dev,bench/tesis-dev/bitvector/997f40a6afd8054e3d6a84dfb65ef157.cnf.xz,sat
b52aa29d244bf58f84e742a20dd8bf69.cnf.xz,tesis-dev,bench/tesis-dev/bitvector/b52aa29d244bf58f84e742a20dd8bf69.cnf.xz,unknown
b7ab774b6d91a8b0edaf36c3e61c374f.cnf.xz,tesis-dev,bench/tesis-dev/bitvector/b7ab774b6d91a8b0edaf36c3e61c374f.cnf.xz,unknown
bd3b4e932106a55b57598b7e783c6c58.cnf.xz,tesis-dev,bench/tesis-dev/bitvector/bd3b4e932106a55b57598b7e783c6c58.cnf.xz,unknown
bde51396855219ffe527bfa85bdc59ed.cnf.xz,tesis-dev,bench/tesis-dev/bitvector/bde51396855219ffe527bfa85bdc59ed.cnf.xz,unsat
c1616d4244670607260e06e0506d1fad.cnf.xz,tesis-dev,bench/tesis-dev/bitvector/c1616d4244670607260e06e0506d1fad.cnf.xz,unsat
c2758faefec5e7abcc6c077106214581.cnf.xz,tesis-dev,bench/tesis-dev/bitvector/c2758faefec5e7abcc6c077106214581.cnf.xz,unsat
c4e77bfa7a50ea633445d23e3ca9d929.cnf.xz,tesis-dev,bench/tesis-dev/bitvector/c4e77bfa7a50ea633445d23e3ca9d929.cnf.xz,unsat
c507d80b1603bb1e9c980524e1a57431.cnf.xz,tesis-dev,bench/tesis-dev/bitvector/c507d80b1603bb1e9c980524e1a57431.cnf.xz,unsat
05eee75ab69270c322b9ef6bc1ee8604.cnf.xz,tesis-dev,bench/tesis-dev/cryptography/05eee75ab69270c322b9ef6bc1ee8604.cnf.xz,unknown
0d2bcd9d503431148295cd116b446609.cnf.xz,tesis-dev,bench/tesis-dev/cryptography/0d2bcd9d503431148295cd116b446609.cnf.xz,unknown
2f734109b7f0ccf86c85ade14a238b1a.cnf.xz,tesis-dev,bench/tesis-dev/cryptography/2f734109b7f0ccf86c85ade14a238b1a.cnf.xz,unknown
2f779374c7998f8bdfc2eb9f259c75ae.cnf.xz,tesis-dev,bench/tesis-dev/cryptography/2f779374c7998f8bdfc2eb9f259c75ae.cnf.xz,unknown
3198bf396bbf9fbf335513f05293275e.cnf.xz,tesis-dev,bench/tesis-dev/cryptography/3198bf396bbf9fbf335513f05293275e.cnf.xz,sat
425c28cab2c9945f9d2058b47ef1ed1d.cnf.xz,tesis-dev,bench/tesis-dev/cryptography/425c28cab2c9945f9d2058b47ef1ed1d.cnf.xz,unknown
44f304b3659209a3230067913f996ac3.cnf.xz,tesis-dev,bench/tesis-dev/cryptography/44f304b3659209a3230067913f996ac3.cnf.xz,unsat
6e3015f2ce1f17e4f2b81dae06d73eec.cnf.xz,tesis-dev,bench/tesis-dev/cryptography/6e3015f2ce1f17e4f2b81dae06d73eec.cnf.xz,unknown
91429dba2f09b625c1715cfd7ba065b9.cnf.xz,tesis-dev,bench/tesis-dev/cryptography/91429dba2f09b625c1715cfd7ba065b9.cnf.xz,sat
a6108ce30f9288e9d0c22bb072a1f6d4.cnf.xz,tesis-dev,bench/tesis-dev/cryptography/a6108ce30f9288e9d0c22bb072a1f6d4.cnf.xz,unknown
b11d7f9b26fb27225eb5e7089bd346c0.cnf.xz,tesis-dev,bench/tesis-dev/cryptography/b11d7f9b26fb27225eb5e7089bd346c0.cnf.xz,unknown
bc2e7477ffd668db449bad5155548186.cnf.xz,tesis-dev,bench/tesis-dev/cryptography/bc2e7477ffd668db449bad5155548186.cnf.xz,sat
c1a0eb1c3c4030371ec74026f1476a49.cnf.xz,tesis-dev,bench/tesis-dev/cryptography/c1a0eb1c3c4030371ec74026f1476a49.cnf.xz,unknown
dc306e55bbd71adf6e14a7e3e0aa8b4a.cnf.xz,tesis-dev,bench/tesis-dev/cryptography/dc306e55bbd71adf6e14a7e3e0aa8b4a.cnf.xz,unknown
fbc694fc1c89942c03419264d204185c.cnf.xz,tesis-dev,bench/tesis-dev/cryptography/fbc694fc1c89942c03419264d204185c.cnf.xz,unknown
008e7716c69009090ff6bd0048dc55f8.cnf.xz,tesis-dev,bench/tesis-dev/hardware-verification/008e7716c69009090ff6bd0048dc55f8.cnf.xz,unsat
06e997650b24ac5b5f87c1c64f4a5dcb.cnf.xz,tesis-dev,bench/tesis-dev/hardware-verification/06e997650b24ac5b5f87c1c64f4a5dcb.cnf.xz,unsat
341c4f501ceb036a1ff19f653986cf04.cnf.xz,tesis-dev,bench/tesis-dev/hardware-verification/341c4f501ceb036a1ff19f653986cf04.cnf.xz,unsat
4dcf9b525d9f46f4b17b132c765322ed.cnf.xz,tesis-dev,bench/tesis-dev/hardware-verification/4dcf9b525d9f46f4b17b132c765322ed.cnf.xz,unsat
55c648ed1a8cde597f4ecc71ca0a1562.cnf.xz,tesis-dev,bench/tesis-dev/hardware-verification/55c648ed1a8cde597f4ecc71ca0a1562.cnf.xz,unsat
5c06d8549811167b025b9e47d905e8f9.cnf.xz,tesis-dev,bench/tesis-dev/hardware-verification/5c06d8549811167b025b9e47d905e8f9.cnf.xz,unsat
6d637f8934c46e2a2638f3cfcba1c75f.cnf.xz,tesis-dev,bench/tesis-dev/hardware-verification/6d637f8934c46e2a2638f3cfcba1c75f.cnf.xz,sat
7c161c9db65367fffd7bccf94b0550c0.cnf.xz,tesis-dev,bench/tesis-dev/hardware-verification/7c161c9db65367fffd7bccf94b0550c0.cnf.xz,sat
7d89daff5013fc5acc0e0c86ba805224.cnf.xz,tesis-dev,bench/tesis-dev/hardware-verification/7d89daff5013fc5acc0e0c86ba805224.cnf.xz,unsat
8175dacde2d6517a91c1912847a34006.cnf.xz,tesis-dev,bench/tesis-dev/hardware-verification/8175dacde2d6517a91c1912847a34006.cnf.xz,sat
cec96be7ec1ff12260f3e3f630f7b843.cnf.xz,tesis-dev,bench/tesis-dev/hardware-verification/cec96be7ec1ff12260f3e3f630f7b843.cnf.xz,unsat
da04938ba1f77f11748308f114fff467.cnf.xz,tesis-dev,bench/tesis-dev/hardware-verification/da04938ba1f77f11748308f114fff467.cnf.xz,unsat
dcfdf31943b65080a2e4b8ec46a89c7d.cnf.xz,tesis-dev,bench/tesis-dev/hardware-verification/dcfdf31943b65080a2e4b8ec46a89c7d.cnf.xz,unknown
0a02751cacf5e1cdfcc842a7f220199f.cnf.xz,tesis-dev,bench/tesis-dev/miter/0a02751cacf5e1cdfcc842a7f220199f.cnf.xz,unsat
1545660e72158c7e90da5ad4c877a124.cnf.xz,tesis-dev,bench/tesis-dev/miter/1545660e72158c7e90da5ad4c877a124.cnf.xz,unsat
791415d8a85d0bfc67dd2d3d4edcac7c.cnf.xz,tesis-dev,bench/tesis-dev/miter/791415d8a85d0bfc67dd2d3d4edcac7c.cnf.xz,sat
a61fde91986cc31ce2b1a59462f0b730.cnf.xz,tesis-dev,bench/tesis-dev/miter/a61fde91986cc31ce2b1a59462f0b730.cnf.xz,unsat
dc98cb692e3203258be6d4d31f566388.cnf.xz,tesis-dev,bench/tesis-dev/miter/dc98cb692e3203258be6d4d31f566388.cnf.xz,sat
047fbe00ecc60835f1ee9d458bbd7ee8.cnf.xz,tesis-dev,bench/tesis-dev/planning/047fbe00ecc60835f1ee9d458bbd7ee8.cnf.xz,sat
0ac5ff376b826f68d384ba05a1d00de0.cnf.xz,tesis-dev,bench/tesis-dev/planning/0ac5ff376b826f68d384ba05a1d00de0.cnf.xz,unknown
055f942145df4b6c9fd0d10a3f1da98e.cnf.xz,tesis-dev,bench/tesis-dev/scheduling/055f942145df4b6c9fd0d10a3f1da98e.cnf.xz,sat
8bf7748864d530e7cbe1091873d3c42e.cnf.xz,tesis-dev,bench/tesis-dev/scheduling/8bf7748864d530e7cbe1091873d3c42e.cnf.xz,sat
c5de36538149b595c16b39ed0940958f.cnf.xz,tesis-dev,bench/tesis-dev/scheduling/c5de36538149b595c16b39ed0940958f.cnf.xz,sat
d2b395be97d8ef720dee0f5c8a191d8f.cnf.xz,tesis-dev,bench/tesis-dev/scheduling/d2b395be97d8ef720dee0f5c8a191d8f.cnf.xz,sat
e87e93daea1e1fafeaef8cce2c167ded.cnf.xz,tesis-dev,bench/tesis-dev/scheduling/e87e93daea1e1fafeaef8cce2c167ded.cnf.xz,sat
f7e4d64c8d6ac73d4dcd7b7408986b0e.cnf.xz,tesis-dev,bench/tesis-dev/scheduling/f7e4d64c8d6ac73d4dcd7b7408986b0e.cnf.xz,unknown
08cb0cf252b65c30c7c55218825c6ca0.cnf.xz,tesis-dev,bench/tesis-dev/software-verification/08cb0cf252b65c30c7c55218825c6ca0.cnf.xz,unsat
1dd5ffcc6c443948656e5c5d9a982098.cnf.xz,tesis-dev,bench/tesis-dev/software-verification/1dd5ffcc6c443948656e5c5d9a982098.cnf.xz,unsat
24ad26cf2508045a931398593bba850b.cnf.xz,tesis-dev,bench/tesis-dev/software-verification/24ad26cf2508045a931398593bba850b.cnf.xz,unknown
27d9905476897885d29cea2744db9805.cnf.xz,tesis-dev,bench/tesis-dev/software-verification/27d9905476897885d29cea2744db9805.cnf.xz,unknown
3bbdfd39be8452f73c3fda0a1c0b3260.cnf.xz,tesis-dev,bench/tesis-dev/software-verification/3bbdfd39be8452f73c3fda0a1c0b3260.cnf.xz,unsat
4b3c7fb5a7b24f2680395176380ec8e3.cnf.xz,tesis-dev,bench/tesis-dev/software-verification/4b3c7fb5a7b24f2680395176380ec8e3.cnf.xz,sat
4ed40dca9d17e37f77bbbef074561585.cnf.xz,tesis-dev,bench/tesis-dev/software-verification/4ed40dca9d17e37f77bbbef074561585.cnf.xz,unsat
55f3756b9caefb5139a6ffd2de555677.cnf.xz,tesis-dev,bench/tesis-dev/software-verification/55f3756b9caefb5139a6ffd2de555677.cnf.xz,unsat
613be3fce8fa3e517d10e292f0a2542d.cnf.xz,tesis-dev,bench/tesis-dev/software-verification/613be3fce8fa3e517d10e292f0a2542d.cnf.xz,unknown
683a0eb8955c471a343d6c7d7a1101f9.cnf.xz,tesis-dev,bench/tesis-dev/software-verification/683a0eb8955c471a343d6c7d7a1101f9.cnf.xz,unsat
81bd2dd3df93684890449edad69253dd.cnf.xz,tesis-dev,bench/tesis-dev/software-verification/81bd2dd3df93684890449edad69253dd.cnf.xz,unsat
81ea9e08430a8a983b4052d5936adcf5.cnf.xz,tesis-dev,bench/tesis-dev/software-verification/81ea9e08430a8a983b4052d5936adcf5.cnf.xz,unsat
8e2bf97f9861eefd74a692fde1945702.cnf.xz,tesis-dev,bench/tesis-dev/software-verification/8e2bf97f9861eefd74a692fde1945702.cnf.xz,unsat
a49e09ba2e553c2311ac9d0a09a82007.cnf.xz,tesis-dev,bench/tesis-dev/software-verification/a49e09ba2e553c2311ac9d0a09a82007.cnf.xz,unsat
ac601039610505997f89c5e089624610.cnf.xz,tesis-dev,bench/tesis-dev/software-verification/ac601039610505997f89c5e089624610.cnf.xz,unsat
ae3e774dda19c84566a1ba222bb44bab.cnf.xz,tesis-dev,bench/tesis-dev/software-verification/ae3e774dda19c84566a1ba222bb44bab.cnf.xz,unsat
b2059a77acce5836fcaa1e26cd1bb1dc.cnf.xz,tesis-dev,bench/tesis-dev/software-verification/b2059a77acce5836fcaa1e26cd1bb1dc.cnf.xz,unsat
b3233e009976748e3a55d7cd0ea30c41.cnf.xz,tesis-dev,bench/tesis-dev/software-verification/b3233e009976748e3a55d7cd0ea30c41.cnf.xz,unsat
b835bbe3c0b4447c3e936326e10dacc4.cnf.xz,tesis-dev,bench/tesis-dev/software-verification/b835bbe3c0b4447c3e936326e10dacc4.cnf.xz,sat
bbdc1542ad1cd21301bcb6ab89893615.cnf.xz,tesis-dev,bench/tesis-dev/software-verification/bbdc1542ad1cd21301bcb6ab89893615.cnf.xz,unknown
c597584300c33b1ee175909f92d9a693.cnf.xz,tesis-dev,bench/tesis-dev/software-verification/c597584300c33b1ee175909f92d9a693.cnf.xz,unsat
d1dbf88a58406c931fd696267ed8159e.cnf.xz,tesis-dev,bench/tesis-dev/software-verification/d1dbf88a58406c931fd696267ed8159e.cnf.xz,unsat
eb34dcb040e9956397c306400da096f1.cnf.xz,tesis-dev,bench/tesis-dev/software-verification/eb34dcb040e9956397c306400da096f1.cnf.xz,unsat
fa7055908271153a5d9f46f6882aa1ab.cnf.xz,tesis-dev,bench/tesis-dev/software-verification/fa7055908271153a5d9f46f6882aa1ab.cnf.xz,unsat
