instance,status_0,status_1,contadores,identicos,diferencias
ae48df6541d190c096b1e5ba22d1b534.cnf.xz,UNKNOWN,UNKNOWN,81,1,
4f09ef861ee74e50dc101765e1ce27fb.cnf.xz,UNKNOWN,UNKNOWN,81,1,
8d0d8518a438d93428257d9a38863c3c.cnf.xz,UNKNOWN,UNKNOWN,81,1,
7cbc3ce2052ba7c5b501f75af58ab3c4.cnf.xz,SATISFIABLE,SATISFIABLE,81,1,
1bb9fe12b4fb50e98903ee87a51d6472.cnf.xz,UNKNOWN,UNKNOWN,81,1,
6d815089fb4095208754622b4c44a8f7.cnf.xz,UNKNOWN,UNKNOWN,81,1,
5faba478cb08194407b5ec957ab08599.cnf.xz,UNKNOWN,UNKNOWN,81,1,
9ef9243ff051b32795890fccd6c3f6b2.cnf.xz,UNKNOWN,UNKNOWN,81,1,
6f1b15ebd0ac13c05fb052e5b0453f64.cnf.xz,UNKNOWN,UNKNOWN,81,1,
b54b26f38d40a687b6277c49cf85de69.cnf.xz,UNKNOWN,UNKNOWN,81,1,
5553fec254b32349e0e48c7ee1e2d6c7.cnf.xz,UNKNOWN,UNKNOWN,81,1,
3e912cd2a499b8f956246b866e2f9f64.cnf.xz,UNKNOWN,UNKNOWN,81,1,
1f81f7e009f501014cb23a8c2d41836f.cnf.xz,UNKNOWN,UNKNOWN,81,1,
fac2035ba83ac2d0c2d67509d3f82b94.cnf.xz,UNKNOWN,UNKNOWN,81,1,
dc7817dfa2817916b266c1cfacd2ee66.cnf.xz,UNKNOWN,UNKNOWN,81,1,
b0abaa97c4663edc2048d86de3e2b226.cnf.xz,UNKNOWN,UNKNOWN,81,1,
bd0b055b890a9ace598a0c4aba40de30.cnf.xz,UNKNOWN,UNKNOWN,81,1,
c14f0c610d59a9d5e8cec328485b916f.cnf.xz,UNKNOWN,UNKNOWN,81,1,
2b7e863462991fd008f9898eca63ebf4.cnf.xz,UNKNOWN,UNKNOWN,81,1,
5d02aa18eac7304c705577f1cce07784.cnf.xz,UNKNOWN,UNKNOWN,81,1,
ba14be209c2fc064726025f017cef17a.cnf.xz,UNKNOWN,UNKNOWN,81,1,
f52a349677a5b5b5315b5954b3181fe3.cnf.xz,UNKNOWN,UNKNOWN,81,1,
e67d733d9938c565d6359002333611ff.cnf.xz,UNKNOWN,UNKNOWN,81,1,
0091ac9434f528a4007d82d2443d2dc9.cnf.xz,UNKNOWN,UNKNOWN,81,1,
05ed64e4e6229f446082752936768489.cnf.xz,UNKNOWN,UNKNOWN,81,1,
249c4efc2703de73327f590a7db38170.cnf.xz,UNKNOWN,UNKNOWN,81,1,
31e0a1733fce00b0945cb2a87c02a49d.cnf.xz,UNKNOWN,UNKNOWN,81,1,
3240a190f6dbb8efa026770a2e8fa602.cnf.xz,UNKNOWN,UNKNOWN,81,1,
343ec0a7ec1b919d9151b656ef030f07.cnf.xz,UNKNOWN,UNKNOWN,81,1,
384bdf1d5ee9dadc4b377e204e10c821.cnf.xz,UNKNOWN,UNKNOWN,81,1,
4b23ab2cc2fc9429a213cc6712919cc3.cnf.xz,UNKNOWN,UNKNOWN,81,1,
4c6e57f5552d546278e192b6e332635a.cnf.xz,UNKNOWN,UNKNOWN,81,1,
5884bd13ef73c1305f7fadd1188d81db.cnf.xz,UNKNOWN,UNKNOWN,81,1,
5c48ad5bfb25910c611a5cb252ecf581.cnf.xz,UNKNOWN,UNKNOWN,81,1,
5cb1ca8fe8a9d9125ea9accd498445f1.cnf.xz,UNKNOWN,UNKNOWN,81,1,
5cba2130f3b9b5aabe6d4bef8438b5a7.cnf.xz,UNKNOWN,UNKNOWN,81,1,
6fab31665147f538da92dc16c3a239ad.cnf.xz,UNKNOWN,UNKNOWN,81,1,
84bdf44171ffa3ffbc187c7244c83bf5.cnf.xz,UNKNOWN,UNKNOWN,81,1,
9164165d7f1960b7d6317ff09cd9e2a2.cnf.xz,UNKNOWN,UNKNOWN,81,1,
92a730305d3ebc88e06cdf74deb5e484.cnf.xz,UNKNOWN,UNKNOWN,81,1,
9749dfccb16cf9c3978e508e58b7e793.cnf.xz,UNKNOWN,UNKNOWN,81,1,
9754fc1acf450ee2ed2083a211cfa487.cnf.xz,UNKNOWN,UNKNOWN,81,1,
9e749596a8de36d8ab706c96cf128455.cnf.xz,UNKNOWN,UNKNOWN,81,1,
bdfee78154d94ce8f7225950e9d30ae9.cnf.xz,UNKNOWN,UNKNOWN,81,1,
bf701b504bdefc046b637fdaf8ea065c.cnf.xz,UNKNOWN,UNKNOWN,81,1,
ca8f36f9c54cb7f5d070abeaeec489fe.cnf.xz,UNKNOWN,UNKNOWN,81,1,
d5f6b2092795aad67d1df1fd3a329552.cnf.xz,UNKNOWN,UNKNOWN,81,1,
d7f2e4ec8e631387c928c79e1054c663.cnf.xz,UNKNOWN,UNKNOWN,81,1,
db1905e1d74befc396c4ced0a26a4742.cnf.xz,UNKNOWN,UNKNOWN,81,1,
db4a0d4ba26c46d66ad6cdcb0645a4d9.cnf.xz,UNKNOWN,UNKNOWN,81,1,
df5854c32714147e085ec209b8c0f5ac.cnf.xz,UNKNOWN,UNKNOWN,81,1,
eae448bcbe947fb35084a8ac8e82e068.cnf.xz,UNKNOWN,UNKNOWN,81,1,
0aeec01727d2c23cd3f075494541a7b4.cnf.xz,UNKNOWN,UNKNOWN,81,1,
12fc09b9f66357cf31bb1e4584e28c1a.cnf.xz,UNKNOWN,UNKNOWN,81,1,
151e3f6c15130b20ab695722318e64b3.cnf.xz,UNKNOWN,UNKNOWN,81,1,
1a62267c798f13033f7fdb438a3accc9.cnf.xz,UNKNOWN,UNKNOWN,81,1,
23bad002bd076e1e2bbbb53e44d5b00d.cnf.xz,UNKNOWN,UNKNOWN,81,1,
2dfce8dfd050eefb91c57a8f2270cff9.cnf.xz,UNKNOWN,UNKNOWN,81,1,
301958019bf585f861265c68670487d5.cnf.xz,UNKNOWN,UNKNOWN,81,1,
3f2a362bb7d5a8ea3076020892cde807.cnf.xz,UNKNOWN,UNKNOWN,81,1,
445f835be7805993f89cc2b6f3bea065.cnf.xz,UNKNOWN,UNKNOWN,81,1,
4efe61249ce9cd61cdd3ffc13ea20db2.cnf.xz,UNKNOWN,UNKNOWN,81,1,
536f3a4dbb98b717f4c58b6e0162882e.cnf.xz,UNKNOWN,UNKNOWN,81,1,
5d3ebffb0eb6b25c122c4c385517795d.cnf.xz,UNKNOWN,UNKNOWN,81,1,
68962ef48674e066d91ec37cf02ba1e6.cnf.xz,UNKNOWN,UNKNOWN,81,1,
7da0582f7f105caeedcee2a216ecc0c8.cnf.xz,UNKNOWN,UNKNOWN,81,1,
82e6d1219d747172e414e37428a74133.cnf.xz,UNKNOWN,UNKNOWN,81,1,
85d6fe0d5a19bfa55ea9ccc2b58924d8.cnf.xz,UNKNOWN,UNKNOWN,81,1,
882482a0622ccdf8f355b6a11d7fbc72.cnf.xz,UNKNOWN,UNKNOWN,81,1,
a3c6cf1776a3b89e8b5ed137a2169a46.cnf.xz,UNKNOWN,UNKNOWN,81,1,
b52aa29d244bf58f84e742a20dd8bf69.cnf.xz,UNKNOWN,UNKNOWN,81,1,
b7ab774b6d91a8b0edaf36c3e61c374f.cnf.xz,UNKNOWN,UNKNOWN,81,1,
bd3b4e932106a55b57598b7e783c6c58.cnf.xz,UNKNOWN,UNKNOWN,81,1,
bdd6bae29aa7c535e97bd65dbc8464bd.cnf.xz,UNKNOWN,UNKNOWN,81,1,
bde51396855219ffe527bfa85bdc59ed.cnf.xz,UNKNOWN,UNKNOWN,81,1,
c1616d4244670607260e06e0506d1fad.cnf.xz,UNKNOWN,UNKNOWN,81,1,
c2758faefec5e7abcc6c077106214581.cnf.xz,UNKNOWN,UNKNOWN,81,1,
c4e77bfa7a50ea633445d23e3ca9d929.cnf.xz,UNKNOWN,UNKNOWN,81,1,
c507d80b1603bb1e9c980524e1a57431.cnf.xz,UNKNOWN,UNKNOWN,81,1,
c541c7c6b0167540a447c68bd566b619.cnf.xz,UNKNOWN,UNKNOWN,81,1,
ca4b2e306cc33b518dde145745db32d5.cnf.xz,UNKNOWN,UNKNOWN,81,1,
cca1774ad0e4c13ddfeca49c75d75d29.cnf.xz,UNKNOWN,UNKNOWN,81,1,
d9d3ba7ec21d4b7c3d7622734f180505.cnf.xz,UNKNOWN,UNKNOWN,81,1,
ed2af4dc9bb395c6f1bbde490f9f5f3e.cnf.xz,UNKNOWN,UNKNOWN,81,1,
ed7074fe9190f3b39eab1a627fc24e61.cnf.xz,UNKNOWN,UNKNOWN,81,1,
0262e0507796703aeed95b8eb6346828.cnf.xz,UNKNOWN,UNKNOWN,81,1,
05eee75ab69270c322b9ef6bc1ee8604.cnf.xz,UNKNOWN,UNKNOWN,81,1,
11f9fb52d305af8fb00e7f6e7071c820.cnf.xz,UNKNOWN,UNKNOWN,81,1,
19969dbd50d4cd01c7e8323377364a4e.cnf.xz,UNKNOWN,UNKNOWN,81,1,
24ec197c44822a55ab9dcd4eff19e11e.cnf.xz,UNKNOWN,UNKNOWN,81,1,
26e9e6f76821074fec971ba27aae0bea.cnf.xz,UNKNOWN,UNKNOWN,81,1,
2c4e0ec3514d121eb77e995aa7c061ff.cnf.xz,UNKNOWN,UNKNOWN,81,1,
2d2480ecc9cf28ffab434e5a01283fe4.cnf.xz,UNKNOWN,UNKNOWN,81,1,
2f779374c7998f8bdfc2eb9f259c75ae.cnf.xz,UNKNOWN,UNKNOWN,81,1,
2fd5b95206bcb7d829680ec2a50d7a6f.cnf.xz,UNKNOWN,UNKNOWN,81,1,
368e1120462a3cf25f540536fc204d53.cnf.xz,UNKNOWN,UNKNOWN,81,1,
3c3e9221a6b2cfc052f5bc8740a94195.cnf.xz,UNKNOWN,UNKNOWN,81,1,
4452f6e48237a5be57cc2166d290ee85.cnf.xz,UNKNOWN,UNKNOWN,81,1,
44f304b3659209a3230067913f996ac3.cnf.xz,UNKNOWN,UNKNOWN,81,1,
4b09c4fb82b0ae819b7f3766d9b7dcf1.cnf.xz,UNKNOWN,UNKNOWN,81,1,
507ef3714023cc219051508152ac8385.cnf.xz,UNKNOWN,UNKNOWN,81,1,
5d6727fce664860a97745374e3293200.cnf.xz,UNKNOWN,UNKNOWN,81,1,
6b10e4ddf39b316ffe87d148a4626ed4.cnf.xz,UNKNOWN,UNKNOWN,81,1,
6cfbe40aef5061ce7ad323456fad2c06.cnf.xz,UNKNOWN,UNKNOWN,81,1,
6e792d345b2ef27f082ac3eb7186aa56.cnf.xz,UNKNOWN,UNKNOWN,81,1,
842e012d4ef31f3c62f3c58ae04254b1.cnf.xz,UNKNOWN,UNKNOWN,81,1,
86588441607cb5a2b7fcbdb50753239c.cnf.xz,UNKNOWN,UNKNOWN,81,1,
87d08b9b2233029ecb6060bde0e2d192.cnf.xz,UNKNOWN,UNKNOWN,81,1,
8bc05816923b7e9e01d88c2fae53f5b0.cnf.xz,UNKNOWN,UNKNOWN,81,1,
91429dba2f09b625c1715cfd7ba065b9.cnf.xz,SATISFIABLE,SATISFIABLE,81,1,
993196979dccc14ecf0a10d8f02305be.cnf.xz,UNKNOWN,UNKNOWN,81,1,
9a4e05c9741963618893549d1a03f5d0.cnf.xz,UNKNOWN,UNKNOWN,81,1,
a6e940f95d1dd14227bf121f6a35dd8d.cnf.xz,UNKNOWN,UNKNOWN,81,1,
aedae96e0c8165005c51e44e232f548f.cnf.xz,UNKNOWN,UNKNOWN,81,1,
b11d7f9b26fb27225eb5e7089bd346c0.cnf.xz,UNKNOWN,UNKNOWN,81,1,
b5d1d9800b30e09d81e83934046fae38.cnf.xz,UNKNOWN,UNKNOWN,81,1,
bee00691dfe8e514cdb4aa86082339b6.cnf.xz,UNKNOWN,UNKNOWN,81,1,
c1a0eb1c3c4030371ec74026f1476a49.cnf.xz,UNKNOWN,UNKNOWN,81,1,
c2885cf0f5bf276ae4b90e1b7cc6dc46.cnf.xz,UNKNOWN,UNKNOWN,81,1,
ca675aeca2450ad1e330bdadb41320de.cnf.xz,UNKNOWN,UNKNOWN,81,1,
cb4830f02309ce485b18d761675e32c0.cnf.xz,UNKNOWN,UNKNOWN,81,1,
cc67be7ae5a65ae5665e5ef9397f6a3d.cnf.xz,UNKNOWN,UNKNOWN,81,1,
d45ce74aa51bf078725a22d8f4b5f253.cnf.xz,SATISFIABLE,SATISFIABLE,81,1,
dc306e55bbd71adf6e14a7e3e0aa8b4a.cnf.xz,UNKNOWN,UNKNOWN,81,1,
ecca77b5350eca6a4323edd5b38208c6.cnf.xz,UNKNOWN,UNKNOWN,81,1,
f65e6b35a8aeb517edca599b8ad1d443.cnf.xz,UNKNOWN,UNKNOWN,81,1,
fb8870796ae73ec7998376bda529f6b1.cnf.xz,UNKNOWN,UNKNOWN,81,1,
fbc694fc1c89942c03419264d204185c.cnf.xz,UNKNOWN,UNKNOWN,81,1,
fe6c4ae7ffa9af61ca62caf3cd2d1ec1.cnf.xz,UNKNOWN,UNKNOWN,81,1,
06e997650b24ac5b5f87c1c64f4a5dcb.cnf.xz,UNSATISFIABLE,UNSATISFIABLE,81,1,
341c4f501ceb036a1ff19f653986cf04.cnf.xz,UNKNOWN,UNKNOWN,81,1,
34d6e19fd57e7d586925b622f95cf4d4.cnf.xz,UNKNOWN,UNKNOWN,81,1,
55c648ed1a8cde597f4ecc71ca0a1562.cnf.xz,UNKNOWN,UNKNOWN,81,1,
5c06d8549811167b025b9e47d905e8f9.cnf.xz,UNSATISFIABLE,UNSATISFIABLE,81,1,
6d637f8934c46e2a2638f3cfcba1c75f.cnf.xz,UNKNOWN,UNKNOWN,81,1,
7d89daff5013fc5acc0e0c86ba805224.cnf.xz,UNKNOWN,UNKNOWN,81,1,
9bd96394b3c077cccb5d71ea405e4733.cnf.xz,UNKNOWN,UNKNOWN,81,1,
cec96be7ec1ff12260f3e3f630f7b843.cnf.xz,UNKNOWN,UNKNOWN,81,1,
da04938ba1f77f11748308f114fff467.cnf.xz,UNKNOWN,UNKNOWN,81,1,
dcfdf31943b65080a2e4b8ec46a89c7d.cnf.xz,UNKNOWN,UNKNOWN,81,1,
00d239e486137a4f7264adb4fb57d5ae.cnf.xz,UNKNOWN,UNKNOWN,81,1,
06e91448c6aacd9086890ea46b4659b0.cnf.xz,UNKNOWN,UNKNOWN,81,1,
09df54b3d75b42dbd0020c6b60a68fc6.cnf.xz,UNKNOWN,UNKNOWN,81,1,
1001a2a87617b59d50cc24f324533090.cnf.xz,UNSATISFIABLE,UNSATISFIABLE,81,1,
13c6c5d376f59a6a2ad2a3bddd308011.cnf.xz,UNSATISFIABLE,UNSATISFIABLE,81,1,
1e1667279af339045c52218ac807c245.cnf.xz,UNKNOWN,UNKNOWN,81,1,
235b63e79c79d5307a27a034454dbb0d.cnf.xz,UNKNOWN,UNKNOWN,81,1,
24f15c98ee76c000c8406e68bc9dceab.cnf.xz,UNSATISFIABLE,UNSATISFIABLE,81,1,
2cf0b2b42bb4e0ebdf410478d028d57a.cnf.xz,UNKNOWN,UNKNOWN,81,1,
3e34fa41a180c434b7eef6735be541cb.cnf.xz,UNSATISFIABLE,UNSATISFIABLE,81,1,
4533388344869b71c3305577ac3c299a.cnf.xz,UNSATISFIABLE,UNSATISFIABLE,81,1,
47655cd4c6198c47a271a0e31a93b27d.cnf.xz,UNSATISFIABLE,UNSATISFIABLE,81,1,
585e46bd5dc0c4c9d47ec1aba082f007.cnf.xz,UNKNOWN,UNKNOWN,81,1,
58a9623e1f359010600f93d878149a97.cnf.xz,UNKNOWN,UNKNOWN,81,1,
593c30780f1664e1d1349b905f680dcb.cnf.xz,UNKNOWN,UNKNOWN,81,1,
5b4b98e05a08e730566d69b715e2231a.cnf.xz,UNKNOWN,UNKNOWN,81,1,
5ed0bbcb957ecc8ef2a049620f91385a.cnf.xz,UNSATISFIABLE,UNSATISFIABLE,81,1,
6049e056b2b148699dcf0268652c9ffd.cnf.xz,UNKNOWN,UNKNOWN,81,1,
6e789d6b080067f2ecf0b167b77fb80d.cnf.xz,UNSATISFIABLE,UNSATISFIABLE,81,1,
7a83634c455aae979dfadc671f52d88f.cnf.xz,UNSATISFIABLE,UNSATISFIABLE,81,1,
80d21cb597eea3567f593ba6e0007260.cnf.xz,UNSATISFIABLE,UNSATISFIABLE,81,1,
821051235cf90eba420d5569c2e58eef.cnf.xz,UNSATISFIABLE,UNSATISFIABLE,81,1,
9aa75e3cf1beee54793e5a584680ea45.cnf.xz,UNKNOWN,UNKNOWN,81,1,
ad7d0eea6c7f8c9f06cf56a14e01353d.cnf.xz,UNKNOWN,UNKNOWN,81,1,
af258def798954d74a608a0fa578e15b.cnf.xz,UNKNOWN,UNKNOWN,81,1,
b67539fcf963803446a5193ee8480616.cnf.xz,UNKNOWN,UNKNOWN,81,1,
b76fa2f50a42120ec54fa98c29113326.cnf.xz,UNKNOWN,UNKNOWN,81,1,
bb86b80e60493b43cd8770697420b9e7.cnf.xz,UNKNOWN,UNKNOWN,81,1,
bc5261f21ea0214543370d2278ae6ecf.cnf.xz,UNKNOWN,UNKNOWN,81,1,
c209eb796aff7b3f3ddc6ee7a14fea79.cnf.xz,UNSATISFIABLE,UNSATISFIABLE,81,1,
c89b0bd74f1d727fe6c8b7221d402f3e.cnf.xz,UNKNOWN,UNKNOWN,81,1,
d3ad4a7150543ec5977e31388a7c99dc.cnf.xz,UNKNOWN,UNKNOWN,81,1,
d7c0b9a5bc3235734d3dfabb23d10d26.cnf.xz,UNKNOWN,UNKNOWN,81,1,
dc98cb692e3203258be6d4d31f566388.cnf.xz,SATISFIABLE,SATISFIABLE,81,1,
e4c32dcfef4f80078111484c8eed84fd.cnf.xz,UNSATISFIABLE,UNSATISFIABLE,81,1,
ecfa1f0b2d8ce80aef5122a65979a773.cnf.xz,UNKNOWN,UNKNOWN,81,1,
f67a0e48ea55cd9ed949731008a6fdce.cnf.xz,UNKNOWN,UNKNOWN,81,1,
f9f936e5bb9f43fc9beedeba1a1c0308.cnf.xz,UNKNOWN,UNKNOWN,81,1,
fa6253a4cb5f8192fa03b87bac4a6d4a.cnf.xz,UNSATISFIABLE,UNSATISFIABLE,81,1,
06166a0dd78f45c213add974a6711dfe.cnf.xz,UNKNOWN,UNKNOWN,81,1,
0a015b7f4b4ec96e881f2f5f5e55265c.cnf.xz,UNKNOWN,UNKNOWN,81,1,
0ac5ff376b826f68d384ba05a1d00de0.cnf.xz,UNKNOWN,UNKNOWN,81,1,
191a745164f245117f40a1a2f6942ee4.cnf.xz,UNKNOWN,UNKNOWN,81,1,
199c6440994723f43344ca124b72b8ba.cnf.xz,UNKNOWN,UNKNOWN,81,1,
24706f6663f0524f28b62e0c8b6abf1e.cnf.xz,SATISFIABLE,SATISFIABLE,81,1,
2b79a32fe5eab5954569261405d7601c.cnf.xz,UNKNOWN,UNKNOWN,81,1,
3728eb69fc6046897251cc33e0b25a5a.cnf.xz,UNKNOWN,UNKNOWN,81,1,
460f2c5cbd5d64a53671890005df99fb.cnf.xz,UNKNOWN,UNKNOWN,81,1,
4c5d4cce5ac439c0540b76bbf3e9b44c.cnf.xz,UNKNOWN,UNKNOWN,81,1,
5257a9575db38fcfe307a4f004e840a4.cnf.xz,UNKNOWN,UNKNOWN,81,1,
578f9377bfbfcc6ea3a18eb630667956.cnf.xz,UNKNOWN,UNKNOWN,81,1,
5f3042793127010ea9f496a8f40ab8a0.cnf.xz,SATISFIABLE,SATISFIABLE,81,1,
66e35170e72c3233f2ad23afce22491d.cnf.xz,UNKNOWN,UNKNOWN,81,1,
6d6bbc183e9054f627e578db6ade59ec.cnf.xz,UNKNOWN,UNKNOWN,81,1,
78d8140d9ecf62492911a1ec73a06212.cnf.xz,SATISFIABLE,SATISFIABLE,81,1,
79fe0b87911d5d3efc253afe688ba6bd.cnf.xz,UNKNOWN,UNKNOWN,81,1,
7e19f295d35c30ac4d5386ffec1fcf28.cnf.xz,SATISFIABLE,SATISFIABLE,81,1,
7f71af39bd460da2bf60efe59f74928b.cnf.xz,UNKNOWN,UNKNOWN,81,1,
94ad97f750345300b7baf257cf91fc4c.cnf.xz,UNSATISFIABLE,UNSATISFIABLE,81,1,
9654f68ba29003516cfcb146cec60f46.cnf.xz,SATISFIABLE,SATISFIABLE,81,1,
9a2b7e7439dfd80e17a4bf26124bd0e5.cnf.xz,UNKNOWN,UNKNOWN,81,1,
9d5795b7e996c413292129c1eb5b9843.cnf.xz,UNKNOWN,UNKNOWN,81,1,
9dd18fb3553cf393e28c1ca3aca2336b.cnf.xz,SATISFIABLE,SATISFIABLE,81,1,
a2a84cd949f39903c7a4b94b8e3b94e9.cnf.xz,UNKNOWN,UNKNOWN,81,1,
ba093c6ed285bf1e5643ca761cf8b8b2.cnf.xz,SATISFIABLE,SATISFIABLE,81,1,
c2355a212a2f6295ac6050518becc62d.cnf.xz,UNKNOWN,UNKNOWN,81,1,
c8821b3db9c48a6e2d84c8d9f0f32645.cnf.xz,UNKNOWN,UNKNOWN,81,1,
cdbd9c75d4d3ae3c23788463abaee53a.cnf.xz,UNKNOWN,UNKNOWN,81,1,
d28981444ef65f40d521d743831ccb31.cnf.xz,UNKNOWN,UNKNOWN,81,1,
e9c650b71e13274781c56e0d0996d275.cnf.xz,SATISFIABLE,SATISFIABLE,81,1,
faf3f6eb845fe9f286cdef8556576318.cnf.xz,SATISFIABLE,SATISFIABLE,81,1,
fbe4f6664edfbbfb0a395e1bf1ba3b44.cnf.xz,UNKNOWN,UNKNOWN,81,1,
03d93f5c0378205e17260e16e463ac67.cnf.xz,UNKNOWN,UNKNOWN,81,1,
055f942145df4b6c9fd0d10a3f1da98e.cnf.xz,UNKNOWN,UNKNOWN,81,1,
0855033e761d91ae367e867c5a569f9e.cnf.xz,UNKNOWN,UNKNOWN,81,1,
0ac6aaf6db6a0e4ec3a06e865d01086f.cnf.xz,UNKNOWN,UNKNOWN,81,1,
0d3fcbb89bfb8e821058ba3ea4284de1.cnf.xz,UNKNOWN,UNKNOWN,81,1,
1dce69ee6685597d6c56e5fd7a47f8e0.cnf.xz,UNKNOWN,UNKNOWN,81,1,
22b4cf412c811872d6ba5078106aeb6c.cnf.xz,UNKNOWN,UNKNOWN,81,1,
31e9cd07f730b20faa7c3d0f1ba2ea2e.cnf.xz,UNKNOWN,UNKNOWN,81,1,
448bc3366a8793b08e67bc5b816eafe8.cnf.xz,UNKNOWN,UNKNOWN,81,1,
55add9c1c8ad002a0faa34ecf47919a1.cnf.xz,UNKNOWN,UNKNOWN,81,1,
74f145bb935650f5c982d7eec6967945.cnf.xz,UNKNOWN,UNKNOWN,81,1,
8bf7748864d530e7cbe1091873d3c42e.cnf.xz,UNKNOWN,UNKNOWN,81,1,
90e839c4b05d4a7ac011435921551060.cnf.xz,UNKNOWN,UNKNOWN,81,1,
bdb95cad1b6d8043a05402d63185bf8d.cnf.xz,UNKNOWN,UNKNOWN,81,1,
c5de36538149b595c16b39ed0940958f.cnf.xz,UNKNOWN,UNKNOWN,81,1,
cc54b7fa1e2da7d9e8919b86a3cf66b5.cnf.xz,UNKNOWN,UNKNOWN,81,1,
d14a5970e2787c4a0583d56ceaf1707d.cnf.xz,UNKNOWN,UNKNOWN,81,1,
d2b395be97d8ef720dee0f5c8a191d8f.cnf.xz,UNKNOWN,UNKNOWN,81,1,
d90c519010bfda89d1626c0321a55a64.cnf.xz,UNKNOWN,UNKNOWN,81,1,
df4aa7724f377245d82486ada37910de.cnf.xz,UNKNOWN,UNKNOWN,81,1,
e87e93daea1e1fafeaef8cce2c167ded.cnf.xz,UNKNOWN,UNKNOWN,81,1,
f33b2b99b991e02e7c9729fc3f336aac.cnf.xz,UNKNOWN,UNKNOWN,81,1,
f7e4d64c8d6ac73d4dcd7b7408986b0e.cnf.xz,UNKNOWN,UNKNOWN,81,1,
f7e855b18105170b0718086d3f5b5923.cnf.xz,UNKNOWN,UNKNOWN,81,1,
191f06be45548773cfc64903bfd7dfc4.cnf.xz,UNKNOWN,UNKNOWN,81,1,
1dd5ffcc6c443948656e5c5d9a982098.cnf.xz,UNKNOWN,UNKNOWN,81,1,
24ad26cf2508045a931398593bba850b.cnf.xz,UNKNOWN,UNKNOWN,81,1,
38c7c02fec1a10aa147248c3bebef2e7.cnf.xz,UNKNOWN,UNKNOWN,81,1,
4cc8e55799ecda9e666a4c767fb290d8.cnf.xz,UNKNOWN,UNKNOWN,81,1,
55f3756b9caefb5139a6ffd2de555677.cnf.xz,UNSATISFIABLE,UNSATISFIABLE,81,1,
683a0eb8955c471a343d6c7d7a1101f9.cnf.xz,UNKNOWN,UNKNOWN,81,1,
77a0ff05f77e03cfe3261b41143edaa3.cnf.xz,UNKNOWN,UNKNOWN,81,1,
a7a67f8c2c327f92b765845123cd09d5.cnf.xz,UNKNOWN,UNKNOWN,81,1,
ac601039610505997f89c5e089624610.cnf.xz,UNKNOWN,UNKNOWN,81,1,
acd0c7fee27c40d6d3345f07b7c6d6c4.cnf.xz,UNKNOWN,UNKNOWN,81,1,
b2059a77acce5836fcaa1e26cd1bb1dc.cnf.xz,UNKNOWN,UNKNOWN,81,1,
b835bbe3c0b4447c3e936326e10dacc4.cnf.xz,UNKNOWN,UNKNOWN,81,1,
a60a138325ac9c88ab293ec0c801a95c.cnf.xz,UNKNOWN,UNKNOWN,81,1,
