instance,bank,known,exit_code,wall_s,outcome,x1_s,rows,vars,cert_rows,ext_vars,proof_bytes,dsr_sc2026,dsr_sc2026_s,dsr_actual,dsr_actual_s
tseitin-malla_20_20_unsat_s7.cnf,sintetica,unsat,20,0.00,refutada,0.00,400,800,400,10325,1680576,VERIFIED,0.98,VERIFIED,0.92
tseitin-malla_20_20_sat_s7.cnf,sintetica,sat,0,0.00,consistente,0.00,400,800,,,,,,,
tseitin-regular_500_4_unsat_s7.cnf,sintetica,unsat,20,0.01,refutada,0.00,500,1000,500,13185,2248533,VERIFIED,1.33,VERIFIED,1.29
tseitin-regular_500_4_sat_s7.cnf,sintetica,sat,0,0.00,consistente,0.00,500,1000,,,,,,,
lights-out_14_unsat_s7.cnf,sintetica,unsat,20,0.00,refutada,0.00,196,196,72,1311,222942,VERIFIED,0.04,VERIFIED,0.04
lights-out_14_sat_s7.cnf,sintetica,sat,0,0.00,consistente,0.00,196,196,,,,,,,
dos-ordenes_300_unsat_s7.cnf,sintetica,unsat,20,0.00,refutada,0.00,598,896,598,11243,1777548,VERIFIED,1.11,VERIFIED,1.04
dos-ordenes_300_sat_s7.cnf,sintetica,sat,0,0.01,consistente,0.00,598,896,,,,,,,
ae48df6541d190c096b1e5ba22d1b534.cnf.xz,calib,unsat,0,0.04,consistente,0.01,68,136,,,,,,,
4f09ef861ee74e50dc101765e1ce27fb.cnf.xz,calib,unsat,0,0.02,consistente,0.00,155,330,,,,,,,
8d0d8518a438d93428257d9a38863c3c.cnf.xz,calib,sat,0,0.05,consistente,0.01,324,622,,,,,,,
365a02a7d781d655bb2a64d2273a2d0c.cnf.xz,calib,sat,0,1.24,sin_xor,0.55,0,0,,,,,,,
80bb5209e88def5643bf5593320b104f.cnf.xz,calib,sat,0,3.40,saltada,0.14,,,,,,,,,
d699355595398f0765c5f51c9d0ad852.cnf.xz,calib,sat,0,9.10,saltada,0.17,,,,,,,,,
15456f0d13b26f0b4b21525ef7d0d711.cnf.xz,calib,unsat,0,0.01,sin_xor,0.00,0,0,,,,,,,
cb2e8b7fada420c5046f587ea754d052.cnf.xz,calib,unsat,0,0.01,sin_xor,0.00,0,0,,,,,,,
7cbc3ce2052ba7c5b501f75af58ab3c4.cnf.xz,calib,sat,0,0.03,consistente,0.01,2688,3296,,,,,,,
4e0de894799790b06e8d6c3efd109ade.cnf.xz,calib,sat,0,16.92,saltada,0.21,,,,,,,,,
bbcfd33f07cbf6fefa950d8254aa34ce.cnf.xz,calib,sat,0,11.88,saltada,0.18,,,,,,,,,
ee8c86d39745aea1c1731d4f34bcaed7.cnf.xz,calib,sat,0,12.46,saltada,0.18,,,,,,,,,
1890f49a43a94b97828528b68c32b78e.cnf.xz,calib,unsat,0,0.00,sin_xor,0.00,0,0,,,,,,,
15e666a42158e3304fc3979de28a5e44.cnf.xz,calib,unsat,0,0.01,sin_xor,0.00,0,0,,,,,,,
f497bda3018958d7ba2d1cd99da3982e.cnf.xz,calib,unsat,0,0.01,sin_xor,0.00,0,0,,,,,,,
12cd0c3196589ac8105653cbfe613fc6.cnf.xz,calib,unsat,0,0.03,sin_xor,0.01,0,0,,,,,,,
8117a2ac08e1acf52f660663efe2a5ca.cnf.xz,calib,sat,0,0.01,sin_xor,0.00,0,0,,,,,,,
a789d0722f1aa0d44c5a38b374719c69.cnf.xz,calib,sat,0,9.44,saltada,0.19,,,,,,,,,
1bb9fe12b4fb50e98903ee87a51d6472.cnf.xz,calib,unsat,0,0.03,consistente,0.01,84,252,,,,,,,
9d20bb1bd01838d70177ffd3aa284aeb.cnf.xz,calib,sat,0,0.42,saltada,0.15,83139,165506,,,,,,,
e85fb114c33f450dc2622c78bc6fa019.cnf.xz,calib,sat,-6,51.81,sin_mensaje,,,,,,,,,,
6d815089fb4095208754622b4c44a8f7.cnf.xz,calib,sat,0,0.02,consistente,0.01,2879,5758,,,,,,,
09e0775d2b51c49ec1ec4d214ee7c8c8.cnf.xz,calib,sat,0,0.15,sin_xor,0.08,0,0,,,,,,,
2b8cac8e1f5cad04696004e7fbf5cf2e.cnf.xz,calib,sat,0,0.10,sin_xor,0.05,0,0,,,,,,,
0be1e12a8e7282d1a4e389bb90f6dbc7.cnf.xz,calib,unsat,0,0.01,sin_xor,0.00,0,0,,,,,,,
dd5d530ac8bf0019412d023488b075eb.cnf.xz,calib,unsat,0,0.01,sin_xor,0.00,0,0,,,,,,,
09637d3bd641b4d733666a862e8918ea.cnf.xz,calib,sat,0,0.04,sin_xor,0.01,0,0,,,,,,,
6add7e416c1126607afeb2666af330ac.cnf.xz,calib,unsat,0,0.12,sin_xor,0.00,0,0,,,,,,,
543e67dd5abc272c37775b1b742a1d9a.cnf.xz,calib,sat,0,0.29,sin_xor,0.06,0,0,,,,,,,
75429ff7acb5acb597abe01aa745c2a6.cnf.xz,calib,sat,0,0.00,consistente,0.00,250,250,,,,,,,
ac6256657058fe65dc7ddaf773ab83bf.cnf.xz,calib,sat,0,1.33,sin_xor,0.62,0,0,,,,,,,
5faba478cb08194407b5ec957ab08599.cnf.xz,calib,sat,0,0.39,consistente,0.17,71,142,,,,,,,
5de866bc7ff4dfde3cd682b5aca75894.cnf.xz,calib,sat,0,0.01,sin_xor,0.00,0,0,,,,,,,
8db998d5fd64f85a1847115208f73873.cnf.xz,calib,sat,0,1.64,sin_xor,0.75,0,0,,,,,,,
bf8c8761003704e761ce36db6665f741.cnf.xz,calib,unsat,0,0.41,sin_xor,0.10,0,0,,,,,,,
91860f79f079fede859034c7d76a98a2.cnf.xz,calib,sat,0,0.22,sin_xor,0.06,0,0,,,,,,,
0c9da400944b002f90fd385d4fdab385.cnf.xz,calib,sat,0,0.50,sin_xor,0.01,0,0,,,,,,,
74931e82fd208ed949fa44bccd80df6b.cnf.xz,calib,sat,0,0.83,sin_xor,0.01,0,0,,,,,,,
9ef9243ff051b32795890fccd6c3f6b2.cnf.xz,calib,sat,0,0.08,saltada,0.02,11944,32321,,,,,,,
7fa502dfce37c37c1cafd50b3fba263f.cnf.xz,calib,sat,0,0.04,sin_xor,0.01,0,0,,,,,,,
6f1b15ebd0ac13c05fb052e5b0453f64.cnf.xz,calib2,sat,0,1.32,saltada,0.59,16263,24512,,,,,,,
b54b26f38d40a687b6277c49cf85de69.cnf.xz,calib2,sat,0,3.00,consistente,1.15,1207,1529,,,,,,,
6e297bdb1c3f957f6333c37804805ecb.cnf.xz,calib2,unsat,0,0.87,saltada,0.37,64699,129499,,,,,,,
8390dca257561c53bf4eb6e158a2285f.cnf.xz,calib2,sat,0,0.04,sin_xor,0.01,0,0,,,,,,,
4989239fbeb6eb40fc0b664d9ba92636.cnf.xz,calib2,unsat,0,0.12,saltada,0.03,62332,76913,,,,,,,
5553fec254b32349e0e48c7ee1e2d6c7.cnf.xz,calib2,unsat,0,0.45,saltada,0.09,52292,63912,,,,,,,
3e912cd2a499b8f956246b866e2f9f64.cnf.xz,calib2,unsat,0,0.02,consistente,0.00,289,780,,,,,,,
1f81f7e009f501014cb23a8c2d41836f.cnf.xz,calib2,sat,0,0.56,consistente,0.16,1718,3271,,,,,,,
3c4ac805726d78a869ff8116ee3533db.cnf.xz,calib2,unsat,0,0.01,sin_xor,0.00,0,0,,,,,,,
667341ee8c1dea3db613db317e2b2c33.cnf.xz,calib2,unsat,20,0.01,refutada,0.00,1750,1750,596,7864,1199153,VERIFIED,0.79,VERIFIED,0.81
e55a49d8065d65650f24c0f3ecef30b6.cnf.xz,calib2,unsat,0,0.19,sin_xor,0.03,0,0,,,,,,,
fac2035ba83ac2d0c2d67509d3f82b94.cnf.xz,calib2,unsat,0,0.01,consistente,0.00,825,1563,,,,,,,
87dbc3302b82c09e19c55059fb943191.cnf.xz,calib2,sat,0,0.19,sin_xor,0.11,0,0,,,,,,,
dc7817dfa2817916b266c1cfacd2ee66.cnf.xz,calib2,unsat,0,0.05,consistente,0.01,50,97,,,,,,,
3ed56242f55e3653dbceeb4a70221787.cnf.xz,calib2,sat,0,0.02,sin_xor,0.01,0,0,,,,,,,
b0abaa97c4663edc2048d86de3e2b226.cnf.xz,calib2,unsat,0,0.06,consistente,0.02,12,24,,,,,,,
5ee05ef0bcb42cb12bd698978c05178c.cnf.xz,calib2,unsat,0,0.01,sin_xor,0.00,0,0,,,,,,,
bd0b055b890a9ace598a0c4aba40de30.cnf.xz,calib2,unsat,0,1.31,saltada,0.55,70403,158189,,,,,,,
416e33a8463911546e4cd87d282a7e1e.cnf.xz,calib2,sat,0,0.01,sin_xor,0.00,0,0,,,,,,,
c14f0c610d59a9d5e8cec328485b916f.cnf.xz,calib2,unsat,0,0.01,consistente,0.00,161,322,,,,,,,
043c91001968a1fbd1ef419540fcb396.cnf.xz,symm2026,unsat,0,0.15,sin_xor,0.06,0,0,,,,,,,
0d082b8fa36f662217bee5524cd24d3a.cnf.xz,symm2026,unsat,0,0.01,sin_xor,0.00,0,0,,,,,,,
0ec6bf97a96b9840ae84f1d1da4c4dcd.cnf.xz,symm2026,unsat,0,0.05,sin_xor,0.02,0,0,,,,,,,
0f1070ba60b55aa62d3a98798a14700e.cnf.xz,symm2026,unsat,0,0.03,sin_xor,0.01,0,0,,,,,,,
12ac1c71ff0405cc150c2a2db6c4a255.cnf.xz,symm2026,unsat,0,0.07,sin_xor,0.02,0,0,,,,,,,
1a3bef9e03bab1ed4e9e34506d72a451.cnf.xz,symm2026,unsat,0,0.05,sin_xor,0.02,0,0,,,,,,,
1fb646d2657b6dd5f0106dbec9fd6c27.cnf.xz,symm2026,unsat,0,0.02,sin_xor,0.00,0,0,,,,,,,
266e890b706cf336378bf148bbda1aff.cnf.xz,symm2026,unsat,0,0.01,sin_xor,0.00,0,0,,,,,,,
28dcc4119e1bbb5fbd3fdd8f4140f28d.cnf.xz,symm2026,sat,0,0.01,consistente,0.00,2077,2077,,,,,,,
2b7e863462991fd008f9898eca63ebf4.cnf.xz,symm2026,sat,0,0.38,consistente,0.14,65,130,,,,,,,
306a29e966fa6293d407bc7ebbc3ecb1.cnf.xz,symm2026,unsat,0,0.08,sin_xor,0.02,0,0,,,,,,,
35e0b5a19c88961d98dd806e805759f4.cnf.xz,symm2026,unsat,0,0.01,sin_xor,0.00,0,0,,,,,,,
43d40ced32b5be08814ef24f97379654.cnf.xz,symm2026,unsat,0,0.01,sin_xor,0.00,0,0,,,,,,,
44452f4bac1e77157bbc900c5cc0756d.cnf.xz,symm2026,sat,0,0.09,sin_xor,0.03,0,0,,,,,,,
58eaf62034046ed4fc52562869569b44.cnf.xz,symm2026,unsat,0,0.01,sin_xor,0.00,0,0,,,,,,,
5d02aa18eac7304c705577f1cce07784.cnf.xz,symm2026,sat,0,0.11,consistente,0.03,496,975,,,,,,,
5d06225b27017e9a703f10cb577cf3bf.cnf.xz,symm2026,unsat,0,0.01,sin_xor,0.00,0,0,,,,,,,
5d8b47745dba3fe50f9c8712be389cd5.cnf.xz,symm2026,unsat,0,0.02,sin_xor,0.00,0,0,,,,,,,
65bf849f3e86ab275e339934f4d140a0.cnf.xz,symm2026,unsat,0,0.04,sin_xor,0.01,0,0,,,,,,,
6ddda96839bb24cd7389d5556d3ab16d.cnf.xz,symm2026,unsat,0,0.13,sin_xor,0.05,0,0,,,,,,,
71849248b47db583f56e77f55f31e525.cnf.xz,symm2026,unsat,0,0.09,sin_xor,0.03,0,0,,,,,,,
757d64688ac60cba697a980dfbbf5075.cnf.xz,symm2026,unsat,0,0.05,sin_xor,0.02,0,0,,,,,,,
7b9620b5d7da55bda43595fe37867acd.cnf.xz,symm2026,unsat,0,0.11,sin_xor,0.04,0,0,,,,,,,
860788f93fb766e83e00a29de84180e7.cnf.xz,symm2026,unsat,0,0.01,sin_xor,0.00,0,0,,,,,,,
92b22042a950db2a9841f08d169d1bb5.cnf.xz,symm2026,unsat,0,0.10,sin_xor,0.03,0,0,,,,,,,
9ba8145e0d02318dea5507fc3ba03472.cnf.xz,symm2026,unsat,0,0.95,sin_xor,0.33,0,0,,,,,,,
a7e5d03892a17e51e22b688f51cf0aab.cnf.xz,symm2026,unsat,0,0.01,sin_xor,0.00,0,0,,,,,,,
a95f0373ebf724f474fcc9ccd7197bd9.cnf.xz,symm2026,unsat,0,0.03,sin_xor,0.01,0,0,,,,,,,
aa4e80476e6a6ea1034e303e6b2e46dc.cnf.xz,symm2026,unsat,0,0.08,sin_xor,0.03,0,0,,,,,,,
b0142b06940fb02e2b4ddb7a2101a3d6.cnf.xz,symm2026,unsat,0,0.01,sin_xor,0.00,0,0,,,,,,,
b1c44904cf06682f973b60c8282f45e8.cnf.xz,symm2026,sat,0,0.01,sin_xor,0.00,0,0,,,,,,,
bcdc894819cf050e57849fe84a1e8cc4.cnf.xz,symm2026,unsat,0,0.04,sin_xor,0.01,0,0,,,,,,,
c44762c4b177ac64fd0919f37de8382e.cnf.xz,symm2026,unsat,0,0.01,sin_xor,0.00,0,0,,,,,,,
d27f76623aed2fce608c092b2aafafc5.cnf.xz,symm2026,unsat,0,0.11,sin_xor,0.04,0,0,,,,,,,
e430acf720b63044e5c825a00a76b0eb.cnf.xz,symm2026,unsat,0,0.01,sin_xor,0.00,0,0,,,,,,,
e5787bb4c8c29aa39b14a5e11387999d.cnf.xz,symm2026,unsat,0,0.06,sin_xor,0.02,0,0,,,,,,,
e91253303b915493090c1f4b59d9e969.cnf.xz,symm2026,unsat,0,0.04,sin_xor,0.01,0,0,,,,,,,
f83424f869b61931d720f93e5a12df3c.cnf.xz,symm2026,unsat,0,0.01,sin_xor,0.00,0,0,,,,,,,
fbd9968f5067604694f11f14c07c5527.cnf.xz,symm2026,unsat,0,0.01,sin_xor,0.00,0,0,,,,,,,
011984fd82d62d609e776fbf5de75440.cnf.xz,symm2026,unsat,0,0.01,sin_xor,0.00,0,0,,,,,,,
920bbe559da4ea37fd636605316a791c.cnf.xz,symm2026,unsat,0,0.01,sin_xor,0.00,0,0,,,,,,,
a20f076f7fce54172e823c63ea7948f7.cnf.xz,symm2026,unsat,0,0.01,sin_xor,0.00,0,0,,,,,,,
ba14be209c2fc064726025f017cef17a.cnf.xz,symm2026,sat,0,0.56,consistente,0.25,68,136,,,,,,,
c557ad9cb79983b9d429c219e3cecbb8.cnf.xz,symm2026,unsat,0,1.37,sin_xor,0.30,0,0,,,,,,,
d0b5d1dc96a5bf33d2c65106c3b179a8.cnf.xz,symm2026,unsat,0,0.01,sin_xor,0.00,0,0,,,,,,,
d737aeb8e2eb9baed7f007056b3874af.cnf.xz,symm2026,sat,0,3.80,sin_xor,1.11,0,0,,,,,,,
f15a3ce898e0c66f309bf07d73744adf.cnf.xz,symm2026,sat,0,10.97,saltada,0.20,,,,,,,,,
f2c6d035d0aa58cc06927af6be7a821f.cnf.xz,symm2026,unsat,0,1.25,sin_xor,0.29,0,0,,,,,,,
f52a349677a5b5b5315b5954b3181fe3.cnf.xz,symm2026,sat,0,0.45,consistente,0.20,68,136,,,,,,,
f8443057c188f6c9cfb711ff3d4aa6ff.cnf.xz,symm2026,unsat,0,0.29,sin_xor,0.01,0,0,,,,,,,
34360a677fc854189c982294853e6891.cnf.xz,symm2026,sat,0,2.41,sin_xor,1.01,0,0,,,,,,,
37fa67bd34cc613f3fc6954cdee943c1.cnf.xz,symm2026,sat,0,0.04,sin_xor,0.01,0,0,,,,,,,
57f6bbfc8be5a981322fe9991209aa33.cnf.xz,symm2026,sat,0,9.20,saltada,0.23,,,,,,,,,
77bfac6b280653e63013f77d0991484e.cnf.xz,symm2026,sat,0,4.85,sin_xor,1.07,0,0,,,,,,,
7d311f620f4ebc4adf8f4079899750eb.cnf.xz,symm2026,sat,0,0.01,sin_xor,0.00,0,0,,,,,,,
97af3e49faef7cf67794928b6690b67c.cnf.xz,symm2026,sat,0,0.16,sin_xor,0.07,0,0,,,,,,,
9c5dd2eb0a40a150c686459a118c720a.cnf.xz,symm2026,sat,0,7.87,saltada,0.22,,,,,,,,,
e67d733d9938c565d6359002333611ff.cnf.xz,symm2026,sat,0,0.01,consistente,0.00,500,998,,,,,,,
fca71c20202ef404349136c3a00465eb.cnf.xz,symm2026,sat,0,0.02,sin_xor,0.00,0,0,,,,,,,
0091ac9434f528a4007d82d2443d2dc9.cnf.xz,tesis-dev,unknown,0,0.02,consistente,0.00,500,1000,,,,,,,
05ed64e4e6229f446082752936768489.cnf.xz,tesis-dev,unsat,0,0.01,consistente,0.00,4,6,,,,,,,
06e46ab0acac57a61638cbb741949a98.cnf.xz,tesis-dev,sat,0,0.06,sin_xor,0.01,0,0,,,,,,,
10253f0a4b37654146aaf73a9fbbd929.cnf.xz,tesis-dev,sat,0,0.06,sin_xor,0.01,0,0,,,,,,,
2241a1fb5bdbac0c1a3c1980ed8b332d.cnf.xz,tesis-dev,sat,0,0.42,sin_xor,0.14,0,0,,,,,,,
249c4efc2703de73327f590a7db38170.cnf.xz,tesis-dev,unknown,0,0.05,consistente,0.01,500,1000,,,,,,,
2f252070b79029631dff4f93611b4cc9.cnf.xz,tesis-dev,unknown,0,0.03,sin_xor,0.00,0,0,,,,,,,
31e0a1733fce00b0945cb2a87c02a49d.cnf.xz,tesis-dev,sat,0,0.01,consistente,0.00,2,4,,,,,,,
3240a190f6dbb8efa026770a2e8fa602.cnf.xz,tesis-dev,unknown,0,0.02,consistente,0.00,362,724,,,,,,,
343ec0a7ec1b919d9151b656ef030f07.cnf.xz,tesis-dev,unsat,0,0.02,consistente,0.00,335,670,,,,,,,
384bdf1d5ee9dadc4b377e204e10c821.cnf.xz,tesis-dev,unknown,0,0.01,consistente,0.00,370,740,,,,,,,
40737c2f46512069d54b0d2bb3b47a20.cnf.xz,tesis-dev,unsat,0,0.03,sin_xor,0.01,0,0,,,,,,,
414760c54a9a3432f842f2c16da861d9.cnf.xz,tesis-dev,sat,0,0.09,sin_xor,0.01,0,0,,,,,,,
4b23ab2cc2fc9429a213cc6712919cc3.cnf.xz,tesis-dev,unknown,0,0.02,consistente,0.00,375,750,,,,,,,
4be4ae25aae88528bc10f8369bba86df.cnf.xz,tesis-dev,unsat,0,0.03,sin_xor,0.01,0,0,,,,,,,
4c6e57f5552d546278e192b6e332635a.cnf.xz,tesis-dev,sat,0,0.01,consistente,0.00,2,4,,,,,,,
5884bd13ef73c1305f7fadd1188d81db.cnf.xz,tesis-dev,unknown,0,0.02,consistente,0.00,478,956,,,,,,,
5c48ad5bfb25910c611a5cb252ecf581.cnf.xz,tesis-dev,unknown,0,0.01,consistente,0.00,399,798,,,,,,,
5cb1ca8fe8a9d9125ea9accd498445f1.cnf.xz,tesis-dev,unsat,0,0.02,consistente,0.00,370,740,,,,,,,
5cba2130f3b9b5aabe6d4bef8438b5a7.cnf.xz,tesis-dev,unknown,0,0.03,consistente,0.00,500,1000,,,,,,,
62eae28dcf3170b1547fb5db73e6a295.cnf.xz,tesis-dev,unknown,0,0.04,sin_xor,0.00,0,0,,,,,,,
6dd45cf2d273ca149df4cabd2fea5c70.cnf.xz,tesis-dev,unknown,0,0.04,sin_xor,0.01,0,0,,,,,,,
6fab31665147f538da92dc16c3a239ad.cnf.xz,tesis-dev,unknown,0,0.02,consistente,0.00,523,1046,,,,,,,
81d2158d506ea1049708837460b9387e.cnf.xz,tesis-dev,unknown,0,0.01,sin_xor,0.00,0,0,,,,,,,
84bdf44171ffa3ffbc187c7244c83bf5.cnf.xz,tesis-dev,unknown,0,0.01,consistente,0.00,370,740,,,,,,,
89b778a6b654bd3107b4fc10b3a0fdee.cnf.xz,tesis-dev,sat,0,0.02,sin_xor,0.00,0,0,,,,,,,
9164165d7f1960b7d6317ff09cd9e2a2.cnf.xz,tesis-dev,unknown,0,0.02,consistente,0.00,500,1000,,,,,,,
92a730305d3ebc88e06cdf74deb5e484.cnf.xz,tesis-dev,unknown,0,0.05,consistente,0.01,500,1000,,,,,,,
9749dfccb16cf9c3978e508e58b7e793.cnf.xz,tesis-dev,unknown,0,0.02,consistente,0.01,400,800,,,,,,,
9754fc1acf450ee2ed2083a211cfa487.cnf.xz,tesis-dev,sat,0,0.01,consistente,0.00,2,4,,,,,,,
9da5ac8c85d8a5ff3d81cd40004cf4b7.cnf.xz,tesis-dev,unknown,0,0.03,sin_xor,0.01,0,0,,,,,,,
9e5f847d97c4aa584e9c89d342ff886b.cnf.xz,tesis-dev,unsat,0,0.01,sin_xor,0.00,0,0,,,,,,,
9e749596a8de36d8ab706c96cf128455.cnf.xz,tesis-dev,unknown,0,0.01,consistente,0.00,1,2,,,,,,,
ad65eff6de4d7da5c4197919936819d5.cnf.xz,tesis-dev,sat,0,0.02,sin_xor,0.00,0,0,,,,,,,
bdfee78154d94ce8f7225950e9d30ae9.cnf.xz,tesis-dev,unknown,0,0.01,consistente,0.00,516,1032,,,,,,,
bf701b504bdefc046b637fdaf8ea065c.cnf.xz,tesis-dev,unknown,0,0.02,consistente,0.00,496,992,,,,,,,
ca8f36f9c54cb7f5d070abeaeec489fe.cnf.xz,tesis-dev,unknown,0,0.02,consistente,0.00,1,2,,,,,,,
cfc5b08fa24149afb9a67426dbe871e9.cnf.xz,tesis-dev,unknown,0,0.01,sin_xor,0.00,0,0,,,,,,,
d5f6b2092795aad67d1df1fd3a329552.cnf.xz,tesis-dev,unknown,0,0.03,consistente,0.01,331,662,,,,,,,
d7f2e4ec8e631387c928c79e1054c663.cnf.xz,tesis-dev,unknown,0,0.01,consistente,0.00,3,4,,,,,,,
db1905e1d74befc396c4ced0a26a4742.cnf.xz,tesis-dev,sat,0,0.01,consistente,0.00,501,998,,,,,,,
db4a0d4ba26c46d66ad6cdcb0645a4d9.cnf.xz,tesis-dev,unsat,0,0.01,consistente,0.00,482,962,,,,,,,
df5854c32714147e085ec209b8c0f5ac.cnf.xz,tesis-dev,unknown,0,0.02,consistente,0.00,500,1000,,,,,,,
e27e439d19bd1d246b7a669feb2d5e7e.cnf.xz,tesis-dev,sat,0,0.01,sin_xor,0.00,0,0,,,,,,,
e3920fc15989f1d914b4210a7864eecf.cnf.xz,tesis-dev,unknown,0,0.06,sin_xor,0.01,0,0,,,,,,,
e7736f693835ebec4ced74ad3c146e81.cnf.xz,tesis-dev,unsat,0,0.01,sin_xor,0.00,0,0,,,,,,,
e90c47854301126a15d599fb323b21bc.cnf.xz,tesis-dev,unknown,0,0.01,sin_xor,0.00,0,0,,,,,,,
eae448bcbe947fb35084a8ac8e82e068.cnf.xz,tesis-dev,unknown,0,0.01,consistente,0.00,6,10,,,,,,,
0aeec01727d2c23cd3f075494541a7b4.cnf.xz,tesis-dev,sat,0,0.16,saltada,0.04,12788,19130,,,,,,,
0ddf53c673ce101b55cc995a357c21f4.cnf.xz,tesis-dev,unsat,0,0.01,sin_xor,0.00,0,0,,,,,,,
12fc09b9f66357cf31bb1e4584e28c1a.cnf.xz,tesis-dev,unknown,0,0.57,saltada,0.20,24864,73864,,,,,,,
151e3f6c15130b20ab695722318e64b3.cnf.xz,tesis-dev,unknown,0,1.19,saltada,0.41,39567,92610,,,,,,,
1a62267c798f13033f7fdb438a3accc9.cnf.xz,tesis-dev,unknown,0,0.18,saltada,0.05,11736,17545,,,,,,,
20af7a90131ea05e1ef53ea3705088c9.cnf.xz,tesis-dev,sat,0,0.23,sin_xor,0.06,0,0,,,,,,,
23bad002bd076e1e2bbbb53e44d5b00d.cnf.xz,tesis-dev,unknown,0,1.58,saltada,0.49,6104,12561,,,,,,,
2602a408af148cd920698aeff90dd853.cnf.xz,tesis-dev,unknown,0,0.07,sin_xor,0.02,0,0,,,,,,,
2dfce8dfd050eefb91c57a8f2270cff9.cnf.xz,tesis-dev,unknown,0,0.49,saltada,0.20,39294,80304,,,,,,,
301958019bf585f861265c68670487d5.cnf.xz,tesis-dev,unknown,0,0.22,saltada,0.06,16114,23885,,,,,,,
37dfb9d60131ccd4b6d5b2ac50ab6fb2.cnf.xz,tesis-dev,unknown,0,0.14,sin_xor,0.03,0,0,,,,,,,
38ba4510b6bcbb91682c5ab567f900bc.cnf.xz,tesis-dev,unknown,0,0.03,sin_xor,0.00,0,0,,,,,,,
3f2a362bb7d5a8ea3076020892cde807.cnf.xz,tesis-dev,sat,0,0.98,saltada,0.33,64466,91505,,,,,,,
445f835be7805993f89cc2b6f3bea065.cnf.xz,tesis-dev,unknown,0,0.04,consistente,0.01,1025,2114,,,,,,,
4efe61249ce9cd61cdd3ffc13ea20db2.cnf.xz,tesis-dev,unknown,0,0.03,consistente,0.01,2874,4900,,,,,,,
536f3a4dbb98b717f4c58b6e0162882e.cnf.xz,tesis-dev,unsat,0,0.03,consistente,0.01,2601,3946,,,,,,,
53fc1da0e1caf50d2e6e7b200850b51b.cnf.xz,tesis-dev,sat,0,0.15,sin_xor,0.03,0,0,,,,,,,
5d3ebffb0eb6b25c122c4c385517795d.cnf.xz,tesis-dev,unknown,0,0.03,consistente,0.00,277,571,,,,,,,
655681362024c10869610709e1a22246.cnf.xz,tesis-dev,unknown,0,0.24,sin_xor,0.07,0,0,,,,,,,
68962ef48674e066d91ec37cf02ba1e6.cnf.xz,tesis-dev,sat,0,0.22,saltada,0.06,16114,23885,,,,,,,
7da0582f7f105caeedcee2a216ecc0c8.cnf.xz,tesis-dev,sat,0,0.14,saltada,0.03,9688,14374,,,,,,,
82e6d1219d747172e414e37428a74133.cnf.xz,tesis-dev,sat,0,0.20,saltada,0.05,14860,21991,,,,,,,
85d6fe0d5a19bfa55ea9ccc2b58924d8.cnf.xz,tesis-dev,unsat,0,0.02,consistente,0.00,153,337,,,,,,,
882482a0622ccdf8f355b6a11d7fbc72.cnf.xz,tesis-dev,unsat,0,0.12,saltada,0.03,8688,13209,,,,,,,
92b98ab8055b143e0283a215a70cf001.cnf.xz,tesis-dev,sat,0,0.23,saltada,0.08,26969,54925,,,,,,,
997f40a6afd8054e3d6a84dfb65ef157.cnf.xz,tesis-dev,sat,0,0.71,saltada,0.28,80389,144758,,,,,,,
a3c6cf1776a3b89e8b5ed137a2169a46.cnf.xz,tesis-dev,unknown,0,0.02,consistente,0.00,158,351,,,,,,,
a70be851b3e1d994d3c3729d8c9dcf1a.cnf.xz,tesis-dev,unsat,0,0.07,sin_xor,0.02,0,0,,,,,,,
ac2165cbc6c18e4e47f3b8741553e082.cnf.xz,tesis-dev,unknown,0,0.11,sin_xor,0.02,0,0,,,,,,,
b52aa29d244bf58f84e742a20dd8bf69.cnf.xz,tesis-dev,unknown,0,0.03,saltada,0.01,4771,7823,,,,,,,
b7ab774b6d91a8b0edaf36c3e61c374f.cnf.xz,tesis-dev,unknown,0,0.83,saltada,0.28,56865,132685,,,,,,,
bd3b4e932106a55b57598b7e783c6c58.cnf.xz,tesis-dev,unknown,0,0.20,saltada,0.06,15941,23639,,,,,,,
bdd6bae29aa7c535e97bd65dbc8464bd.cnf.xz,tesis-dev,unknown,0,0.04,consistente,0.01,192,386,,,,,,,
bde51396855219ffe527bfa85bdc59ed.cnf.xz,tesis-dev,unsat,0,0.11,saltada,0.02,21577,42306,,,,,,,
c1616d4244670607260e06e0506d1fad.cnf.xz,tesis-dev,unsat,0,0.14,saltada,0.04,25545,50370,,,,,,,
c2758faefec5e7abcc6c077106214581.cnf.xz,tesis-dev,unsat,0,0.18,saltada,0.05,33013,66034,,,,,,,
c4e77bfa7a50ea633445d23e3ca9d929.cnf.xz,tesis-dev,unsat,0,0.14,saltada,0.04,9946,15040,,,,,,,
c507d80b1603bb1e9c980524e1a57431.cnf.xz,tesis-dev,unsat,0,0.34,saltada,0.10,37918,94791,,,,,,,
c541c7c6b0167540a447c68bd566b619.cnf.xz,tesis-dev,unsat,0,0.02,consistente,0.00,153,337,,,,,,,
ca4b2e306cc33b518dde145745db32d5.cnf.xz,tesis-dev,unknown,0,0.02,consistente,0.00,1462,2857,,,,,,,
cca1774ad0e4c13ddfeca49c75d75d29.cnf.xz,tesis-dev,unsat,0,0.51,consistente,0.15,1,3,,,,,,,
d7b38c8ead74ae705aa60b8771debda1.cnf.xz,tesis-dev,unknown,0,0.31,sin_xor,0.08,0,0,,,,,,,
d9d3ba7ec21d4b7c3d7622734f180505.cnf.xz,tesis-dev,unknown,0,0.63,consistente,0.18,2408,4968,,,,,,,
de24a43766cbd9ba5afaa1eb07017d23.cnf.xz,tesis-dev,unknown,0,0.19,sin_xor,0.04,0,0,,,,,,,
e76231dcffcc280d0eb62dcde5b72e7e.cnf.xz,tesis-dev,sat,0,0.79,sin_xor,0.22,0,0,,,,,,,
ed2af4dc9bb395c6f1bbde490f9f5f3e.cnf.xz,tesis-dev,unknown,0,0.06,consistente,0.02,1978,4495,,,,,,,
ed7074fe9190f3b39eab1a627fc24e61.cnf.xz,tesis-dev,unknown,0,0.07,consistente,0.02,2542,4315,,,,,,,
ffdfce174618b76c8cd0e4bd45b55130.cnf.xz,tesis-dev,sat,0,0.21,sin_xor,0.05,0,0,,,,,,,
00f4aca773e5675f35263dcd46b15bde.cnf.xz,tesis-dev,sat,0,0.06,sin_xor,0.02,0,0,,,,,,,
0262e0507796703aeed95b8eb6346828.cnf.xz,tesis-dev,unknown,0,0.06,consistente,0.01,540,1124,,,,,,,
05eee75ab69270c322b9ef6bc1ee8604.cnf.xz,tesis-dev,unknown,0,0.08,saltada,0.02,13784,19039,,,,,,,
0d2bcd9d503431148295cd116b446609.cnf.xz,tesis-dev,unknown,0,0.20,saltada,0.06,34454,47366,,,,,,,
11f9fb52d305af8fb00e7f6e7071c820.cnf.xz,tesis-dev,sat,0,0.02,consistente,0.00,216,727,,,,,,,
19969dbd50d4cd01c7e8323377364a4e.cnf.xz,tesis-dev,sat,0,0.24,consistente,0.05,2295,3722,,,,,,,
24ec197c44822a55ab9dcd4eff19e11e.cnf.xz,tesis-dev,unknown,0,0.11,consistente,0.02,540,1144,,,,,,,
26e9e6f76821074fec971ba27aae0bea.cnf.xz,tesis-dev,unknown,0,0.02,consistente,0.00,79,221,,,,,,,
2c4e0ec3514d121eb77e995aa7c061ff.cnf.xz,tesis-dev,unknown,0,0.03,consistente,0.00,410,1259,,,,,,,
2d2480ecc9cf28ffab434e5a01283fe4.cnf.xz,tesis-dev,unknown,0,0.02,consistente,0.00,413,1276,,,,,,,
2f734109b7f0ccf86c85ade14a238b1a.cnf.xz,tesis-dev,unknown,0,0.03,saltada,0.01,4864,8580,,,,,,,
2f779374c7998f8bdfc2eb9f259c75ae.cnf.xz,tesis-dev,unknown,0,0.08,saltada,0.02,7921,11446,,,,,,,
2fd5b95206bcb7d829680ec2a50d7a6f.cnf.xz,tesis-dev,sat,0,0.06,consistente,0.01,540,1140,,,,,,,
3198bf396bbf9fbf335513f05293275e.cnf.xz,tesis-dev,sat,0,0.09,saltada,0.02,17298,25204,,,,,,,
368e1120462a3cf25f540536fc204d53.cnf.xz,tesis-dev,sat,0,0.24,consistente,0.05,2068,3492,,,,,,,
3c3e9221a6b2cfc052f5bc8740a94195.cnf.xz,tesis-dev,sat,0,0.25,consistente,0.05,2239,3666,,,,,,,
425c28cab2c9945f9d2058b47ef1ed1d.cnf.xz,tesis-dev,unknown,0,0.19,saltada,0.05,28520,43464,,,,,,,
4452f6e48237a5be57cc2166d290ee85.cnf.xz,tesis-dev,sat,0,0.09,consistente,0.01,233,785,,,,,,,
44f304b3659209a3230067913f996ac3.cnf.xz,tesis-dev,unsat,0,0.04,saltada,0.01,4919,6853,,,,,,,
4b09c4fb82b0ae819b7f3766d9b7dcf1.cnf.xz,tesis-dev,unknown,0,0.02,consistente,0.00,1088,1664,,,,,,,
507ef3714023cc219051508152ac8385.cnf.xz,tesis-dev,sat,0,0.31,consistente,0.06,2125,3550,,,,,,,
575fb26a2a0a978595fcb433192ae40f.cnf.xz,tesis-dev,unknown,0,0.09,sin_xor,0.03,0,0,,,,,,,
5bfc79df8a6890db6beb8b6d9c3db028.cnf.xz,tesis-dev,sat,0,0.05,sin_xor,0.01,0,0,,,,,,,
5d6727fce664860a97745374e3293200.cnf.xz,tesis-dev,sat,0,0.03,consistente,0.00,312,454,,,,,,,
6b10e4ddf39b316ffe87d148a4626ed4.cnf.xz,tesis-dev,sat,0,0.02,consistente,0.00,279,880,,,,,,,
6cfbe40aef5061ce7ad323456fad2c06.cnf.xz,tesis-dev,sat,0,0.05,consistente,0.01,1045,1610,,,,,,,
6e3015f2ce1f17e4f2b81dae06d73eec.cnf.xz,tesis-dev,unknown,0,0.15,saltada,0.04,28533,43491,,,,,,,
6e792d345b2ef27f082ac3eb7186aa56.cnf.xz,tesis-dev,unknown,0,0.09,consistente,0.01,233,785,,,,,,,
842e012d4ef31f3c62f3c58ae04254b1.cnf.xz,tesis-dev,sat,0,0.05,consistente,0.02,4136,5068,,,,,,,
86588441607cb5a2b7fcbdb50753239c.cnf.xz,tesis-dev,unknown,0,0.08,consistente,0.01,297,881,,,,,,,
87d08b9b2233029ecb6060bde0e2d192.cnf.xz,tesis-dev,unknown,0,0.06,consistente,0.02,2047,2561,,,,,,,
8bc05816923b7e9e01d88c2fae53f5b0.cnf.xz,tesis-dev,unknown,0,0.08,consistente,0.01,233,785,,,,,,,
91429dba2f09b625c1715cfd7ba065b9.cnf.xz,tesis-dev,sat,0,0.37,saltada,0.09,6604,12102,,,,,,,
993196979dccc14ecf0a10d8f02305be.cnf.xz,tesis-dev,unknown,0,0.11,consistente,0.02,540,1144,,,,,,,
9a4e05c9741963618893549d1a03f5d0.cnf.xz,tesis-dev,sat,0,0.07,consistente,0.01,540,1124,,,,,,,
a6108ce30f9288e9d0c22bb072a1f6d4.cnf.xz,tesis-dev,unknown,0,0.11,saltada,0.03,28504,43452,,,,,,,
a6e940f95d1dd14227bf121f6a35dd8d.cnf.xz,tesis-dev,unknown,0,0.29,consistente,0.07,2981,4424,,,,,,,
aedae96e0c8165005c51e44e232f548f.cnf.xz,tesis-dev,sat,0,0.02,consistente,0.00,51,135,,,,,,,
b11d7f9b26fb27225eb5e7089bd346c0.cnf.xz,tesis-dev,unknown,0,0.39,saltada,0.09,6604,12107,,,,,,,
b41237541845d0fcc83866f3b81025f4.cnf.xz,tesis-dev,unknown,0,0.05,sin_xor,0.02,0,0,,,,,,,
b5d1d9800b30e09d81e83934046fae38.cnf.xz,tesis-dev,sat,0,0.26,consistente,0.06,2525,3958,,,,,,,
bc2e7477ffd668db449bad5155548186.cnf.xz,tesis-dev,sat,0,0.41,saltada,0.17,42808,77430,,,,,,,
bee00691dfe8e514cdb4aa86082339b6.cnf.xz,tesis-dev,sat,0,0.25,consistente,0.05,2239,3666,,,,,,,
c1a0eb1c3c4030371ec74026f1476a49.cnf.xz,tesis-dev,unknown,0,0.07,saltada,0.02,6142,8911,,,,,,,
c2885cf0f5bf276ae4b90e1b7cc6dc46.cnf.xz,tesis-dev,sat,0,0.06,consistente,0.01,540,1140,,,,,,,
ca675aeca2450ad1e330bdadb41320de.cnf.xz,tesis-dev,unknown,0,0.02,consistente,0.00,415,1276,,,,,,,
cb4830f02309ce485b18d761675e32c0.cnf.xz,tesis-dev,unknown,0,0.26,consistente,0.07,2690,4125,,,,,,,
cc67be7ae5a65ae5665e5ef9397f6a3d.cnf.xz,tesis-dev,sat,0,0.24,consistente,0.05,2296,3724,,,,,,,
d45ce74aa51bf078725a22d8f4b5f253.cnf.xz,tesis-dev,sat,0,0.06,consistente,0.01,539,1138,,,,,,,
dc306e55bbd71adf6e14a7e3e0aa8b4a.cnf.xz,tesis-dev,unknown,0,0.33,saltada,0.09,6602,12097,,,,,,,
ecca77b5350eca6a4323edd5b38208c6.cnf.xz,tesis-dev,sat,0,0.07,consistente,0.01,334,1016,,,,,,,
f57f9b3e3eb5fb8fea5ebde6f8ae8820.cnf.xz,tesis-dev,unknown,0,0.05,sin_xor,0.02,0,0,,,,,,,
f65e6b35a8aeb517edca599b8ad1d443.cnf.xz,tesis-dev,sat,0,0.02,consistente,0.00,279,880,,,,,,,
fb8870796ae73ec7998376bda529f6b1.cnf.xz,tesis-dev,unknown,0,0.06,consistente,0.01,540,1124,,,,,,,
fbc694fc1c89942c03419264d204185c.cnf.xz,tesis-dev,unknown,0,0.33,saltada,0.09,6602,12097,,,,,,,
fe6c4ae7ffa9af61ca62caf3cd2d1ec1.cnf.xz,tesis-dev,unknown,0,0.24,consistente,0.06,3007,4451,,,,,,,
008e7716c69009090ff6bd0048dc55f8.cnf.xz,tesis-dev,unsat,0,0.10,saltada,0.03,27894,30654,,,,,,,
01225987412b6f8423cc68be93385f6e.cnf.xz,tesis-dev,unknown,0,0.02,sin_xor,0.00,0,0,,,,,,,
06e997650b24ac5b5f87c1c64f4a5dcb.cnf.xz,tesis-dev,unsat,0,0.83,saltada,0.21,12171,24342,,,,,,,
0e5473ee6c2085b34c798f23fbebc08e.cnf.xz,tesis-dev,unsat,0,0.52,sin_xor,0.15,0,0,,,,,,,
142d58c9e9d4f66ef43a1ba97a7ed3aa.cnf.xz,tesis-dev,sat,0,0.39,sin_xor,0.17,0,0,,,,,,,
1528eb6d52af13c24177d4b4dcc3621e.cnf.xz,tesis-dev,unknown,0,1.11,sin_xor,0.32,0,0,,,,,,,
19308e66f43a54e66e9ea9c9cbfd2c5d.cnf.xz,tesis-dev,unsat,0,0.02,sin_xor,0.00,0,0,,,,,,,
1b03ec4f0dbdfc0ad208c315f08197ea.cnf.xz,tesis-dev,unknown,0,1.18,sin_xor,0.41,0,0,,,,,,,
1c75c324c67bd3d1017b9445047fac73.cnf.xz,tesis-dev,unsat,0,0.38,sin_xor,0.10,0,0,,,,,,,
266eb88975be72196f5bc82f371464c1.cnf.xz,tesis-dev,unsat,0,0.22,sin_xor,0.05,0,0,,,,,,,
341c4f501ceb036a1ff19f653986cf04.cnf.xz,tesis-dev,unsat,0,0.13,saltada,0.02,8254,13642,,,,,,,
34d6e19fd57e7d586925b622f95cf4d4.cnf.xz,tesis-dev,unsat,0,0.04,consistente,0.01,2,4,,,,,,,
4dcf9b525d9f46f4b17b132c765322ed.cnf.xz,tesis-dev,unsat,0,0.09,saltada,0.02,23835,26421,,,,,,,
4f6c12da41e2faddfda107ad9be5a66f.cnf.xz,tesis-dev,unsat,0,0.42,sin_xor,0.11,0,0,,,,,,,
52b47ce322dd8d15430c198db8ebfdb8.cnf.xz,tesis-dev,unsat,0,0.01,sin_xor,0.00,0,0,,,,,,,
55c648ed1a8cde597f4ecc71ca0a1562.cnf.xz,tesis-dev,unsat,0,0.06,saltada,0.01,4237,6300,,,,,,,
5c06d8549811167b025b9e47d905e8f9.cnf.xz,tesis-dev,unsat,0,0.05,saltada,0.01,3591,7182,,,,,,,
6832fe907740af686fde98518067ea3f.cnf.xz,tesis-dev,sat,0,2.29,sin_xor,0.87,0,0,,,,,,,
6d637f8934c46e2a2638f3cfcba1c75f.cnf.xz,tesis-dev,sat,0,0.20,saltada,0.04,21996,37525,,,,,,,
7279929ad5026c568a5477fb144ea5ce.cnf.xz,tesis-dev,unsat,0,0.38,sin_xor,0.10,0,0,,,,,,,
7c161c9db65367fffd7bccf94b0550c0.cnf.xz,tesis-dev,sat,0,0.40,saltada,0.11,33340,54031,,,,,,,
7c4a22218b720c559b2d9bc642e4e8d1.cnf.xz,tesis-dev,unsat,0,0.19,sin_xor,0.04,0,0,,,,,,,
7ce742e1b79596a204fb3be1fe239808.cnf.xz,tesis-dev,unknown,0,0.71,sin_xor,0.20,0,0,,,,,,,
7d39db575c4b7d2f3c799286ecb9c8db.cnf.xz,tesis-dev,unsat,0,0.15,sin_xor,0.04,0,0,,,,,,,
7d89daff5013fc5acc0e0c86ba805224.cnf.xz,tesis-dev,unsat,0,0.53,saltada,0.14,31380,56626,,,,,,,
8012832d327f2989636e949e560cd7dc.cnf.xz,tesis-dev,unsat,0,0.02,sin_xor,0.00,0,0,,,,,,,
8175dacde2d6517a91c1912847a34006.cnf.xz,tesis-dev,sat,0,0.26,saltada,0.06,27462,46147,,,,,,,
85bcea9916a558523a9b90394fe8c79d.cnf.xz,tesis-dev,unknown,0,8.50,sin_xor,1.21,0,0,,,,,,,
89155fcd27d2b2e9a953ef2dd1aa7995.cnf.xz,tesis-dev,unsat,0,0.26,sin_xor,0.04,0,0,,,,,,,
8bf8a0204795cca07ff648a3fbdcd6b6.cnf.xz,tesis-dev,unsat,20,0.43,sin_mensaje,,,,,,,,,,
974c493d0611331a96d3395118d752d5.cnf.xz,tesis-dev,unsat,0,0.06,sin_xor,0.01,0,0,,,,,,,
9aa98b3e04145583bff4dea1932f1935.cnf.xz,tesis-dev,unsat,0,0.01,sin_xor,0.00,0,0,,,,,,,
9bd96394b3c077cccb5d71ea405e4733.cnf.xz,tesis-dev,unsat,0,0.03,consistente,0.01,2116,3322,,,,,,,
a3df62a4e3dedb2354760137416e8bcf.cnf.xz,tesis-dev,unknown,0,0.02,sin_xor,0.00,0,0,,,,,,,
a7ae3234b0cf64bfc9c40063f7cb40fa.cnf.xz,tesis-dev,unsat,0,0.07,sin_xor,0.01,0,0,,,,,,,
b99fecdb9f768598d9e1db697736566b.cnf.xz,tesis-dev,unsat,0,0.10,sin_xor,0.02,0,0,,,,,,,
be97f31d4c992de493905ac6f08de72d.cnf.xz,tesis-dev,unsat,0,0.60,sin_xor,0.17,0,0,,,,,,,
cec96be7ec1ff12260f3e3f630f7b843.cnf.xz,tesis-dev,unsat,0,0.09,saltada,0.02,3934,7292,,,,,,,
da04938ba1f77f11748308f114fff467.cnf.xz,tesis-dev,unsat,0,0.12,saltada,0.02,12965,22792,,,,,,,
db480ef956c6e29f7aa1b4ba155cfa75.cnf.xz,tesis-dev,unknown,0,0.57,sin_xor,0.19,0,0,,,,,,,
dcfdf31943b65080a2e4b8ec46a89c7d.cnf.xz,tesis-dev,unknown,0,0.18,saltada,0.04,25695,35223,,,,,,,
e2ffb03d95f450787b8affdea8f1b927.cnf.xz,tesis-dev,unsat,0,0.40,sin_xor,0.11,0,0,,,,,,,
e8fee4776a0c163458f01ad02a83280f.cnf.xz,tesis-dev,sat,0,2.33,sin_xor,0.90,0,0,,,,,,,
eca4d284c68f149d8125c6ea257ffe04.cnf.xz,tesis-dev,unsat,0,0.20,sin_xor,0.06,0,0,,,,,,,
fc0a678a1c4ee14ac8cd48cf66915da6.cnf.xz,tesis-dev,unsat,0,0.03,sin_xor,0.01,0,0,,,,,,,
00d239e486137a4f7264adb4fb57d5ae.cnf.xz,tesis-dev,unsat,0,0.01,consistente,0.00,45,112,,,,,,,
06e91448c6aacd9086890ea46b4659b0.cnf.xz,tesis-dev,unsat,0,0.01,consistente,0.00,20,60,,,,,,,
09df54b3d75b42dbd0020c6b60a68fc6.cnf.xz,tesis-dev,unsat,0,0.06,consistente,0.01,64,192,,,,,,,
0a02751cacf5e1cdfcc842a7f220199f.cnf.xz,tesis-dev,unsat,0,0.12,saltada,0.03,9137,15255,,,,,,,
1001a2a87617b59d50cc24f324533090.cnf.xz,tesis-dev,unsat,0,0.01,consistente,0.00,63,126,,,,,,,
10aca82b7b9798a9a088f4df2c324d1d.cnf.xz,tesis-dev,unsat,0,0.01,sin_xor,0.00,0,0,,,,,,,
13c6c5d376f59a6a2ad2a3bddd308011.cnf.xz,tesis-dev,unsat,0,0.01,consistente,0.00,40,120,,,,,,,
1545660e72158c7e90da5ad4c877a124.cnf.xz,tesis-dev,unsat,0,0.13,saltada,0.03,24647,48285,,,,,,,
1e1667279af339045c52218ac807c245.cnf.xz,tesis-dev,unsat,0,0.03,consistente,0.01,44,132,,,,,,,
1ebf4009339b90c3575cf9d1dec33b45.cnf.xz,tesis-dev,unsat,0,0.23,sin_xor,0.06,0,0,,,,,,,
235b63e79c79d5307a27a034454dbb0d.cnf.xz,tesis-dev,unsat,0,0.02,consistente,0.00,6,18,,,,,,,
24f15c98ee76c000c8406e68bc9dceab.cnf.xz,tesis-dev,unsat,0,0.01,consistente,0.00,928,1259,,,,,,,
2cf0b2b42bb4e0ebdf410478d028d57a.cnf.xz,tesis-dev,unsat,0,0.02,consistente,0.00,6,18,,,,,,,
3e34fa41a180c434b7eef6735be541cb.cnf.xz,tesis-dev,unsat,0,0.14,consistente,0.04,1,2,,,,,,,
42bae687b8c0f3061b135ddc21b24d7a.cnf.xz,tesis-dev,unsat,0,0.13,sin_xor,0.03,0,0,,,,,,,
440726d9140cd2414b7d42b3f3dbb97a.cnf.xz,tesis-dev,sat,0,0.18,sin_xor,0.05,0,0,,,,,,,
4533388344869b71c3305577ac3c299a.cnf.xz,tesis-dev,unsat,0,0.01,consistente,0.00,70,210,,,,,,,
47655cd4c6198c47a271a0e31a93b27d.cnf.xz,tesis-dev,unsat,0,0.01,consistente,0.00,50,150,,,,,,,
497dc211b04000440bdd949eaf606630.cnf.xz,tesis-dev,unknown,0,0.74,sin_xor,0.22,0,0,,,,,,,
52aa6129cbf1fc57bd9fce305257d9b9.cnf.xz,tesis-dev,unsat,0,0.06,sin_xor,0.01,0,0,,,,,,,
585e46bd5dc0c4c9d47ec1aba082f007.cnf.xz,tesis-dev,unknown,0,0.02,consistente,0.01,2107,4214,,,,,,,
58a9623e1f359010600f93d878149a97.cnf.xz,tesis-dev,unsat,0,0.08,consistente,0.02,490,1470,,,,,,,
593c30780f1664e1d1349b905f680dcb.cnf.xz,tesis-dev,unknown,0,0.01,consistente,0.00,51,128,,,,,,,
5b4b98e05a08e730566d69b715e2231a.cnf.xz,tesis-dev,unknown,0,0.02,consistente,0.00,32,64,,,,,,,
5ed0bbcb957ecc8ef2a049620f91385a.cnf.xz,tesis-dev,unsat,0,0.03,consistente,0.00,1476,1892,,,,,,,
6049e056b2b148699dcf0268652c9ffd.cnf.xz,tesis-dev,unknown,0,0.01,consistente,0.00,28,56,,,,,,,
65fd1c223a6bdd2a17e75b388b94d6b8.cnf.xz,tesis-dev,unsat,0,0.04,sin_xor,0.01,0,0,,,,,,,
6e789d6b080067f2ecf0b167b77fb80d.cnf.xz,tesis-dev,unsat,0,0.02,consistente,0.00,60,180,,,,,,,
73136fc8525998860da8e165ff184c74.cnf.xz,tesis-dev,sat,0,0.49,sin_xor,0.14,0,0,,,,,,,
791415d8a85d0bfc67dd2d3d4edcac7c.cnf.xz,tesis-dev,sat,0,0.63,saltada,0.24,132610,231426,,,,,,,
7a83634c455aae979dfadc671f52d88f.cnf.xz,tesis-dev,unsat,0,0.02,consistente,0.01,2051,2901,,,,,,,
80d21cb597eea3567f593ba6e0007260.cnf.xz,tesis-dev,unsat,0,0.01,consistente,0.00,8,16,,,,,,,
821051235cf90eba420d5569c2e58eef.cnf.xz,tesis-dev,unsat,0,0.08,consistente,0.02,1,2,,,,,,,
8a9bda2f923ab36497e66adb95c29ff5.cnf.xz,tesis-dev,unsat,0,0.03,sin_xor,0.00,0,0,,,,,,,
9aa75e3cf1beee54793e5a584680ea45.cnf.xz,tesis-dev,unknown,0,0.01,consistente,0.00,22,66,,,,,,,
a61fde91986cc31ce2b1a59462f0b730.cnf.xz,tesis-dev,unsat,0,0.12,saltada,0.04,24647,48285,,,,,,,
ad7d0eea6c7f8c9f06cf56a14e01353d.cnf.xz,tesis-dev,unsat,0,0.03,consistente,0.01,184,552,,,,,,,
af258def798954d74a608a0fa578e15b.cnf.xz,tesis-dev,unsat,0,0.01,consistente,0.00,21,63,,,,,,,
b5cab29563ae86ab38829f58a895a180.cnf.xz,tesis-dev,unknown,0,0.21,sin_xor,0.06,0,0,,,,,,,
b67539fcf963803446a5193ee8480616.cnf.xz,tesis-dev,unknown,0,0.03,consistente,0.01,3332,5706,,,,,,,
b680dff3be5cb5839d6b54821cd38b41.cnf.xz,tesis-dev,unsat,0,0.04,sin_xor,0.01,0,0,,,,,,,
b6a597cf8ee0031341730aaf77ef2fcf.cnf.xz,tesis-dev,unknown,0,0.07,sin_xor,0.02,0,0,,,,,,,
b76fa2f50a42120ec54fa98c29113326.cnf.xz,tesis-dev,unknown,0,0.01,consistente,0.00,24,72,,,,,,,
bb86b80e60493b43cd8770697420b9e7.cnf.xz,tesis-dev,unsat,0,0.01,consistente,0.00,1116,2232,,,,,,,
bc5261f21ea0214543370d2278ae6ecf.cnf.xz,tesis-dev,unknown,0,0.01,consistente,0.00,51,128,,,,,,,
bca6197602db462e6642dd126d195978.cnf.xz,tesis-dev,unsat,0,0.08,sin_xor,0.02,0,0,,,,,,,
c209eb796aff7b3f3ddc6ee7a14fea79.cnf.xz,tesis-dev,unsat,0,0.01,consistente,0.00,40,120,,,,,,,
c7e1c685f8ea6134f621b7bd7c22c823.cnf.xz,tesis-dev,unsat,0,0.20,sin_xor,0.06,0,0,,,,,,,
c80370f0d6197b10a0b93c24f3b19046.cnf.xz,tesis-dev,unknown,0,1.06,sin_xor,0.28,0,0,,,,,,,
c89b0bd74f1d727fe6c8b7221d402f3e.cnf.xz,tesis-dev,unsat,0,0.02,consistente,0.00,6,18,,,,,,,
d2e92ad424f2bdf1115e3edbeb1630b1.cnf.xz,tesis-dev,unknown,0,0.35,sin_xor,0.10,0,0,,,,,,,
d3ad4a7150543ec5977e31388a7c99dc.cnf.xz,tesis-dev,unknown,0,0.01,consistente,0.00,24,72,,,,,,,
d7c0b9a5bc3235734d3dfabb23d10d26.cnf.xz,tesis-dev,unknown,0,0.01,consistente,0.00,26,52,,,,,,,
dc98cb692e3203258be6d4d31f566388.cnf.xz,tesis-dev,sat,0,0.10,saltada,0.03,16451,32837,,,,,,,
e3e8cf23d3a7469a3907b1f40931fa4d.cnf.xz,tesis-dev,unsat,0,0.07,sin_xor,0.02,0,0,,,,,,,
e4c32dcfef4f80078111484c8eed84fd.cnf.xz,tesis-dev,unsat,0,0.09,consistente,0.02,1,2,,,,,,,
ecfa1f0b2d8ce80aef5122a65979a773.cnf.xz,tesis-dev,unsat,0,0.02,consistente,0.01,3069,4289,,,,,,,
f67a0e48ea55cd9ed949731008a6fdce.cnf.xz,tesis-dev,unsat,0,0.06,consistente,0.02,84,252,,,,,,,
f9f936e5bb9f43fc9beedeba1a1c0308.cnf.xz,tesis-dev,unsat,0,0.05,consistente,0.01,32,96,,,,,,,
fa6253a4cb5f8192fa03b87bac4a6d4a.cnf.xz,tesis-dev,unsat,0,0.01,consistente,0.00,40,120,,,,,,,
045613366353b062992e68937ca53edf.cnf.xz,tesis-dev,sat,0,0.02,sin_xor,0.00,0,0,,,,,,,
047fbe00ecc60835f1ee9d458bbd7ee8.cnf.xz,tesis-dev,sat,0,8.45,saltada,0.19,,,,,,,,,
06166a0dd78f45c213add974a6711dfe.cnf.xz,tesis-dev,unsat,0,2.65,consistente,0.98,3149,6266,,,,,,,
0a015b7f4b4ec96e881f2f5f5e55265c.cnf.xz,tesis-dev,sat,0,0.16,consistente,0.04,805,1610,,,,,,,
0ac5ff376b826f68d384ba05a1d00de0.cnf.xz,tesis-dev,unknown,0,0.49,saltada,0.14,40239,80138,,,,,,,
191a745164f245117f40a1a2f6942ee4.cnf.xz,tesis-dev,unknown,0,1.84,consistente,0.38,47,78,,,,,,,
199c6440994723f43344ca124b72b8ba.cnf.xz,tesis-dev,unknown,0,1.00,consistente,0.30,31,57,,,,,,,
24706f6663f0524f28b62e0c8b6abf1e.cnf.xz,tesis-dev,sat,0,0.01,consistente,0.00,2,4,,,,,,,
261227751e41065551cbeebe9b11ee40.cnf.xz,tesis-dev,sat,0,0.04,sin_xor,0.01,0,0,,,,,,,
2b79a32fe5eab5954569261405d7601c.cnf.xz,tesis-dev,sat,0,1.24,consistente,0.30,128,244,,,,,,,
3728eb69fc6046897251cc33e0b25a5a.cnf.xz,tesis-dev,unknown,0,8.32,consistente,0.88,30,48,,,,,,,
40bd4eb80921341b7b3ad067a74cf46a.cnf.xz,tesis-dev,sat,0,0.03,sin_xor,0.01,0,0,,,,,,,
40c14c38362c8a8b8fb9849ecb2fb66e.cnf.xz,tesis-dev,sat,0,0.04,sin_xor,0.01,0,0,,,,,,,
460f2c5cbd5d64a53671890005df99fb.cnf.xz,tesis-dev,unsat,0,0.35,consistente,0.15,12,24,,,,,,,
4c5d4cce5ac439c0540b76bbf3e9b44c.cnf.xz,tesis-dev,sat,0,3.34,consistente,1.05,1404,2736,,,,,,,
5257a9575db38fcfe307a4f004e840a4.cnf.xz,tesis-dev,sat,0,0.07,consistente,0.02,513,1026,,,,,,,
572e5f8d24e5624aff2c6d51a6d9b8c3.cnf.xz,tesis-dev,sat,0,0.15,sin_xor,0.04,0,0,,,,,,,
578f9377bfbfcc6ea3a18eb630667956.cnf.xz,tesis-dev,sat,0,0.01,consistente,0.00,8,16,,,,,,,
5f3042793127010ea9f496a8f40ab8a0.cnf.xz,tesis-dev,sat,0,0.01,consistente,0.00,10,20,,,,,,,
66a1f530c185e09dc920e5ee57c8f6b1.cnf.xz,tesis-dev,sat,0,0.01,sin_xor,0.00,0,0,,,,,,,
66e35170e72c3233f2ad23afce22491d.cnf.xz,tesis-dev,unsat,0,0.02,consistente,0.00,8,15,,,,,,,
6d6bbc183e9054f627e578db6ade59ec.cnf.xz,tesis-dev,unsat,0,0.82,consistente,0.24,135,233,,,,,,,
78d8140d9ecf62492911a1ec73a06212.cnf.xz,tesis-dev,sat,0,0.01,consistente,0.00,3,6,,,,,,,
79fe0b87911d5d3efc253afe688ba6bd.cnf.xz,tesis-dev,unknown,0,0.32,consistente,0.10,28,48,,,,,,,
7e19f295d35c30ac4d5386ffec1fcf28.cnf.xz,tesis-dev,sat,0,0.01,consistente,0.00,3,6,,,,,,,
7f71af39bd460da2bf60efe59f74928b.cnf.xz,tesis-dev,unknown,0,0.03,consistente,0.00,8,16,,,,,,,
8bc827a04706f235a82de54d0b30c4ab.cnf.xz,tesis-dev,sat,0,0.02,sin_xor,0.00,0,0,,,,,,,
93be9c580b2c695ee9c9339a62765f87.cnf.xz,tesis-dev,sat,0,0.11,sin_xor,0.02,0,0,,,,,,,
94ad97f750345300b7baf257cf91fc4c.cnf.xz,tesis-dev,unsat,0,0.50,consistente,0.08,21,38,,,,,,,
9654f68ba29003516cfcb146cec60f46.cnf.xz,tesis-dev,sat,0,0.01,consistente,0.00,7,14,,,,,,,
9a2b7e7439dfd80e17a4bf26124bd0e5.cnf.xz,tesis-dev,sat,0,0.01,consistente,0.00,1,2,,,,,,,
9d5795b7e996c413292129c1eb5b9843.cnf.xz,tesis-dev,sat,0,0.02,consistente,0.00,8,16,,,,,,,
9dd18fb3553cf393e28c1ca3aca2336b.cnf.xz,tesis-dev,sat,0,0.01,consistente,0.00,6,12,,,,,,,
a2a84cd949f39903c7a4b94b8e3b94e9.cnf.xz,tesis-dev,unknown,0,0.55,consistente,0.17,29,52,,,,,,,
a99895026999b6ed637222c64f0ebf19.cnf.xz,tesis-dev,unsat,0,0.02,sin_xor,0.01,0,0,,,,,,,
ba093c6ed285bf1e5643ca761cf8b8b2.cnf.xz,tesis-dev,sat,0,0.01,consistente,0.00,7,14,,,,,,,
bee9c640aa16582d1a1a821b111eaacf.cnf.xz,tesis-dev,sat,0,0.02,sin_xor,0.00,0,0,,,,,,,
c2355a212a2f6295ac6050518becc62d.cnf.xz,tesis-dev,sat,0,0.47,consistente,0.20,5,10,,,,,,,
c8821b3db9c48a6e2d84c8d9f0f32645.cnf.xz,tesis-dev,sat,0,0.02,consistente,0.00,9,17,,,,,,,
cb13dbb4c855de5f8db842bf0d8702f1.cnf.xz,tesis-dev,sat,0,0.01,sin_xor,0.00,0,0,,,,,,,
cb576136b0c2bd11deb2d0de33faa440.cnf.xz,tesis-dev,sat,0,0.04,sin_xor,0.01,0,0,,,,,,,
cdbd9c75d4d3ae3c23788463abaee53a.cnf.xz,tesis-dev,unsat,0,0.36,consistente,0.15,12,24,,,,,,,
d2800199a7c8d459cd0f26f10acb04a0.cnf.xz,tesis-dev,sat,0,0.01,sin_xor,0.00,0,0,,,,,,,
d28981444ef65f40d521d743831ccb31.cnf.xz,tesis-dev,unknown,0,0.62,consistente,0.18,532,1064,,,,,,,
e9c650b71e13274781c56e0d0996d275.cnf.xz,tesis-dev,sat,0,0.01,consistente,0.00,7,14,,,,,,,
faf3f6eb845fe9f286cdef8556576318.cnf.xz,tesis-dev,sat,0,0.01,consistente,0.00,1,2,,,,,,,
fbe4f6664edfbbfb0a395e1bf1ba3b44.cnf.xz,tesis-dev,unknown,0,4.76,consistente,0.74,30,48,,,,,,,
03d93f5c0378205e17260e16e463ac67.cnf.xz,tesis-dev,unknown,0,1.75,consistente,0.67,2,4,,,,,,,
055f942145df4b6c9fd0d10a3f1da98e.cnf.xz,tesis-dev,sat,0,0.30,saltada,0.13,12289,21342,,,,,,,
0855033e761d91ae367e867c5a569f9e.cnf.xz,tesis-dev,unsat,0,0.07,consistente,0.02,617,1172,,,,,,,
0ac6aaf6db6a0e4ec3a06e865d01086f.cnf.xz,tesis-dev,unsat,0,0.01,consistente,0.00,1,2,,,,,,,
0d3fcbb89bfb8e821058ba3ea4284de1.cnf.xz,tesis-dev,sat,0,0.02,consistente,0.00,250,340,,,,,,,
16de92335666e9714a3add7f604f3714.cnf.xz,tesis-dev,unknown,0,0.07,sin_xor,0.02,0,0,,,,,,,
1dce69ee6685597d6c56e5fd7a47f8e0.cnf.xz,tesis-dev,unknown,0,0.20,consistente,0.08,28,56,,,,,,,
22b4cf412c811872d6ba5078106aeb6c.cnf.xz,tesis-dev,sat,0,0.03,consistente,0.01,256,346,,,,,,,
2efa3ca1d314662c94cd6ebb4b86da7a.cnf.xz,tesis-dev,sat,0,0.18,sin_xor,0.05,0,0,,,,,,,
2fc3ab0c6dd059bae1189b672f44908e.cnf.xz,tesis-dev,sat,0,0.14,sin_xor,0.03,0,0,,,,,,,
31e9cd07f730b20faa7c3d0f1ba2ea2e.cnf.xz,tesis-dev,sat,0,0.43,consistente,0.15,233,433,,,,,,,
3f688306f4263de7915f9d16dc907cd8.cnf.xz,tesis-dev,unsat,0,0.32,sin_xor,0.12,0,0,,,,,,,
41eb30a2c1c34e869ba767cd4a0bacf7.cnf.xz,tesis-dev,sat,0,0.37,sin_xor,0.12,0,0,,,,,,,
448bc3366a8793b08e67bc5b816eafe8.cnf.xz,tesis-dev,unknown,0,0.39,consistente,0.10,1568,3131,,,,,,,
44c25de7963c45e92a2407ad839f6e8b.cnf.xz,tesis-dev,unknown,0,0.12,sin_xor,0.02,0,0,,,,,,,
51a52a104231f5c84230202f5e5ccbd4.cnf.xz,tesis-dev,sat,0,1.24,sin_xor,0.57,0,0,,,,,,,
55add9c1c8ad002a0faa34ecf47919a1.cnf.xz,tesis-dev,unknown,0,1.00,consistente,0.46,120,240,,,,,,,
5729bd425073edfae0518ecba915193e.cnf.xz,tesis-dev,sat,0,0.01,sin_xor,0.00,0,0,,,,,,,
5952b9f18b73dabb531c60e3ac85d26f.cnf.xz,tesis-dev,unknown,0,0.08,sin_xor,0.02,0,0,,,,,,,
61600fb33883e1e9077ea8a163316010.cnf.xz,tesis-dev,sat,0,0.21,sin_xor,0.06,0,0,,,,,,,
64da114a666c2637ea39e68fe834ad41.cnf.xz,tesis-dev,sat,0,0.01,sin_xor,0.00,0,0,,,,,,,
69f6dd335626a9b71bfc6f2332f52b9d.cnf.xz,tesis-dev,sat,0,0.00,sin_xor,0.00,0,0,,,,,,,
74f145bb935650f5c982d7eec6967945.cnf.xz,tesis-dev,unknown,0,0.17,consistente,0.07,1,2,,,,,,,
77c5b572d4eb78766331a6f27e61ecd7.cnf.xz,tesis-dev,unknown,0,0.07,sin_xor,0.02,0,0,,,,,,,
80b4f7ca1dabdbf27c6d1fd20dbab0b5.cnf.xz,tesis-dev,sat,0,0.05,sin_xor,0.01,0,0,,,,,,,
8226a866770c4e3da127e54ca0dbd496.cnf.xz,tesis-dev,sat,0,1.20,sin_xor,0.56,0,0,,,,,,,
8892a54c85de57f8ec232d3a2ab9ef97.cnf.xz,tesis-dev,unknown,0,0.07,sin_xor,0.02,0,0,,,,,,,
8bb5819a23a8f1dff851d608bec008ca.cnf.xz,tesis-dev,sat,0,0.08,sin_xor,0.02,0,0,,,,,,,
8bf7748864d530e7cbe1091873d3c42e.cnf.xz,tesis-dev,sat,0,0.58,saltada,0.14,66421,68374,,,,,,,
8eff8708d366c1044430c0e127ce0fc7.cnf.xz,tesis-dev,sat,0,0.06,sin_xor,0.01,0,0,,,,,,,
90e839c4b05d4a7ac011435921551060.cnf.xz,tesis-dev,unknown,0,0.96,consistente,0.45,145,290,,,,,,,
96222d7f27c97b3c2c2ba028733b0a1e.cnf.xz,tesis-dev,unknown,0,0.10,sin_xor,0.02,0,0,,,,,,,
b5b8d29cfe10a087da664517e5c4bb77.cnf.xz,tesis-dev,sat,0,0.04,sin_xor,0.01,0,0,,,,,,,
ba5451cace1bb09e2d36b9f34c19146e.cnf.xz,tesis-dev,unknown,0,0.06,sin_xor,0.01,0,0,,,,,,,
bc198d71cb3513573584ec4b7ba9a0e0.cnf.xz,tesis-dev,unknown,0,0.07,sin_xor,0.02,0,0,,,,,,,
bdb95cad1b6d8043a05402d63185bf8d.cnf.xz,tesis-dev,unknown,0,0.22,consistente,0.06,1552,3099,,,,,,,
bf6a49b7bec5f8f6a200485dc938b224.cnf.xz,tesis-dev,unknown,0,0.05,sin_xor,0.02,0,0,,,,,,,
c5de36538149b595c16b39ed0940958f.cnf.xz,tesis-dev,sat,0,0.60,saltada,0.15,66421,68374,,,,,,,
c86b261162cef181dc513963a8acb77f.cnf.xz,tesis-dev,sat,0,0.11,sin_xor,0.03,0,0,,,,,,,
c99a5f7021cad3b83f5ed9631eae4778.cnf.xz,tesis-dev,sat,0,0.13,sin_xor,0.03,0,0,,,,,,,
cc54b7fa1e2da7d9e8919b86a3cf66b5.cnf.xz,tesis-dev,sat,0,0.24,consistente,0.06,1572,3139,,,,,,,
d0c0c94f179fc91a0cc3275b4b205c2b.cnf.xz,tesis-dev,unsat,0,0.01,sin_xor,0.00,0,0,,,,,,,
d14a5970e2787c4a0583d56ceaf1707d.cnf.xz,tesis-dev,unsat,0,0.38,consistente,0.10,2032,4059,,,,,,,
d2b395be97d8ef720dee0f5c8a191d8f.cnf.xz,tesis-dev,sat,0,0.12,saltada,0.03,10907,18931,,,,,,,
d90c519010bfda89d1626c0321a55a64.cnf.xz,tesis-dev,unknown,0,0.02,consistente,0.00,250,340,,,,,,,
d9b1ff2d48c5c8859d1fb8106023287a.cnf.xz,tesis-dev,unsat,0,0.45,sin_xor,0.20,0,0,,,,,,,
df230ceeb400ef0c150c5b50cbdd1bc9.cnf.xz,tesis-dev,unknown,0,0.11,sin_xor,0.02,0,0,,,,,,,
df4aa7724f377245d82486ada37910de.cnf.xz,tesis-dev,unknown,0,0.18,consistente,0.07,29,58,,,,,,,
e707c7e87816dd02ae433d268bd327c6.cnf.xz,tesis-dev,sat,0,0.04,sin_xor,0.01,0,0,,,,,,,
e87e93daea1e1fafeaef8cce2c167ded.cnf.xz,tesis-dev,sat,0,0.12,saltada,0.03,9887,17192,,,,,,,
eae918cf9ef468beb4ea91aafbbc9708.cnf.xz,tesis-dev,unknown,0,0.57,sin_xor,0.25,0,0,,,,,,,
f33b2b99b991e02e7c9729fc3f336aac.cnf.xz,tesis-dev,unknown,0,0.74,consistente,0.34,110,220,,,,,,,
f5ba0569627d667e9834902c5e0ea985.cnf.xz,tesis-dev,sat,0,0.02,sin_xor,0.00,0,0,,,,,,,
f7731051ae1403996ce04b47f741f2cf.cnf.xz,tesis-dev,sat,0,0.01,sin_xor,0.00,0,0,,,,,,,
f7e4d64c8d6ac73d4dcd7b7408986b0e.cnf.xz,tesis-dev,unknown,0,0.97,saltada,0.25,118134,120047,,,,,,,
f7e855b18105170b0718086d3f5b5923.cnf.xz,tesis-dev,sat,0,0.03,consistente,0.01,250,340,,,,,,,
f8f958aaaf81a03162dc42fad18cd70c.cnf.xz,tesis-dev,unsat,0,0.03,sin_xor,0.01,0,0,,,,,,,
fb45d41807bcbbbe689de282c1310798.cnf.xz,tesis-dev,unknown,0,0.05,sin_xor,0.01,0,0,,,,,,,
06f538d7af257560476f9100e36d4445.cnf.xz,tesis-dev,sat,0,0.17,sin_xor,0.05,0,0,,,,,,,
08cb0cf252b65c30c7c55218825c6ca0.cnf.xz,tesis-dev,unsat,0,0.36,saltada,0.12,76180,107901,,,,,,,
191f06be45548773cfc64903bfd7dfc4.cnf.xz,tesis-dev,unsat,0,0.02,consistente,0.01,1772,3560,,,,,,,
1dd5ffcc6c443948656e5c5d9a982098.cnf.xz,tesis-dev,unsat,0,0.93,saltada,0.28,20790,25535,,,,,,,
1eb3ccb3f88643710a3f6e860b6e44d9.cnf.xz,tesis-dev,unsat,0,0.18,sin_xor,0.04,0,0,,,,,,,
24ad26cf2508045a931398593bba850b.cnf.xz,tesis-dev,unknown,0,0.04,saltada,0.01,3654,7089,,,,,,,
27d9905476897885d29cea2744db9805.cnf.xz,tesis-dev,unknown,0,13.33,saltada,0.33,,,,,,,,,
31a2d926fe8c7af1245c856b9e99d7f7.cnf.xz,tesis-dev,unsat,20,0.08,sin_mensaje,,,,,,,,,,
38c7c02fec1a10aa147248c3bebef2e7.cnf.xz,tesis-dev,unknown,0,0.01,consistente,0.00,641,1071,,,,,,,
3bbdfd39be8452f73c3fda0a1c0b3260.cnf.xz,tesis-dev,unsat,0,3.44,saltada,0.25,,,,,,,,,
4b3c7fb5a7b24f2680395176380ec8e3.cnf.xz,tesis-dev,sat,0,0.15,saltada,0.04,45142,62300,,,,,,,
4cc8e55799ecda9e666a4c767fb290d8.cnf.xz,tesis-dev,unsat,0,0.02,consistente,0.00,2229,3207,,,,,,,
4ed40dca9d17e37f77bbbef074561585.cnf.xz,tesis-dev,unsat,0,0.34,saltada,0.12,76899,108676,,,,,,,
55f3756b9caefb5139a6ffd2de555677.cnf.xz,tesis-dev,unsat,0,2.59,saltada,0.84,5736,8990,,,,,,,
613be3fce8fa3e517d10e292f0a2542d.cnf.xz,tesis-dev,unknown,0,3.83,saltada,0.26,,,,,,,,,
683a0eb8955c471a343d6c7d7a1101f9.cnf.xz,tesis-dev,unsat,0,0.21,saltada,0.08,5831,14267,,,,,,,
77a0ff05f77e03cfe3261b41143edaa3.cnf.xz,tesis-dev,unsat,0,0.03,consistente,0.01,994,2656,,,,,,,
81bd2dd3df93684890449edad69253dd.cnf.xz,tesis-dev,unsat,0,0.16,saltada,0.05,51505,72233,,,,,,,
81ea9e08430a8a983b4052d5936adcf5.cnf.xz,tesis-dev,unsat,0,0.47,saltada,0.18,131536,184121,,,,,,,
8e2bf97f9861eefd74a692fde1945702.cnf.xz,tesis-dev,unsat,0,0.14,saltada,0.04,47762,64524,,,,,,,
a49e09ba2e553c2311ac9d0a09a82007.cnf.xz,tesis-dev,unsat,0,0.46,saltada,0.17,98783,140145,,,,,,,
a7a67f8c2c327f92b765845123cd09d5.cnf.xz,tesis-dev,unknown,0,0.01,consistente,0.00,811,1560,,,,,,,
ac601039610505997f89c5e089624610.cnf.xz,tesis-dev,unsat,0,0.03,saltada,0.00,4657,9248,,,,,,,
acd0c7fee27c40d6d3345f07b7c6d6c4.cnf.xz,tesis-dev,unsat,0,0.04,consistente,0.01,994,2656,,,,,,,
ae3e774dda19c84566a1ba222bb44bab.cnf.xz,tesis-dev,unsat,0,0.25,saltada,0.10,25544,30857,,,,,,,
b2059a77acce5836fcaa1e26cd1bb1dc.cnf.xz,tesis-dev,unsat,0,1.32,saltada,0.61,29589,76083,,,,,,,
b3233e009976748e3a55d7cd0ea30c41.cnf.xz,tesis-dev,unsat,0,4.95,saltada,0.26,,,,,,,,,
b835bbe3c0b4447c3e936326e10dacc4.cnf.xz,tesis-dev,sat,0,0.36,saltada,0.13,6797,17453,,,,,,,
bbdc1542ad1cd21301bcb6ab89893615.cnf.xz,tesis-dev,unknown,0,5.53,saltada,0.26,,,,,,,,,
c597584300c33b1ee175909f92d9a693.cnf.xz,tesis-dev,unsat,0,0.37,saltada,0.13,76899,108676,,,,,,,
d1dbf88a58406c931fd696267ed8159e.cnf.xz,tesis-dev,unsat,0,5.14,saltada,1.83,478696,602006,,,,,,,
eb34dcb040e9956397c306400da096f1.cnf.xz,tesis-dev,unsat,0,0.28,saltada,0.10,64751,91501,,,,,,,
fa7055908271153a5d9f46f6882aa1ab.cnf.xz,tesis-dev,unsat,0,0.48,saltada,0.18,131472,184058,,,,,,,
0049919cdf9556bfda5bb365af72414c.cnf.xz,tesis-dev,sat,0,0.27,sin_xor,0.08,0,0,,,,,,,
095abfecc3d54908ae4eeaa17f0f0b44.cnf.xz,tesis-dev,sat,0,0.15,sin_xor,0.05,0,0,,,,,,,
09c34d5c989469373633702ea8c9d87b.cnf.xz,tesis-dev,sat,0,0.21,sin_xor,0.07,0,0,,,,,,,
1534c8506c9e261309e6fe886308e1e7.cnf.xz,tesis-dev,unknown,0,0.23,sin_xor,0.07,0,0,,,,,,,
15f12bdf02e43f71b10c20ed256355b9.cnf.xz,tesis-dev,unknown,0,0.27,sin_xor,0.09,0,0,,,,,,,
171ded15d8af000371cc0e8f5301d1a9.cnf.xz,tesis-dev,sat,0,0.21,sin_xor,0.07,0,0,,,,,,,
2a3456cfe79ecaf6e0f70f307b71fc5f.cnf.xz,tesis-dev,sat,0,0.19,sin_xor,0.06,0,0,,,,,,,
2e6b35b71c9a817b01c0f925dd61480d.cnf.xz,tesis-dev,sat,0,0.17,sin_xor,0.05,0,0,,,,,,,
2e76c980bb44428c47c58ac8c3de3840.cnf.xz,tesis-dev,sat,0,0.19,sin_xor,0.06,0,0,,,,,,,
2ebdc7689626455811ae26c891397077.cnf.xz,tesis-dev,sat,0,0.19,sin_xor,0.06,0,0,,,,,,,
303f4db49f8902b2428a337fdd4f3aa4.cnf.xz,tesis-dev,sat,0,0.22,sin_xor,0.07,0,0,,,,,,,
3f939e8711b8404ff252cf437675ee7c.cnf.xz,tesis-dev,sat,0,0.17,sin_xor,0.05,0,0,,,,,,,
407fee3d11125e381e15efd6d9078a34.cnf.xz,tesis-dev,unknown,0,0.26,sin_xor,0.09,0,0,,,,,,,
41f1c183da5e10c13d46d43decac12f8.cnf.xz,tesis-dev,sat,0,0.19,sin_xor,0.07,0,0,,,,,,,
42478f9dc6c32a8eaf622875216cece4.cnf.xz,tesis-dev,unknown,0,0.29,sin_xor,0.10,0,0,,,,,,,
47abb040a7d877a9392cf246bd5270ce.cnf.xz,tesis-dev,sat,0,0.17,sin_xor,0.06,0,0,,,,,,,
488bb0b505fe9167119e296bedafa2b0.cnf.xz,tesis-dev,sat,0,0.20,sin_xor,0.07,0,0,,,,,,,
540f649521171d2c5900dfb17d6ed236.cnf.xz,tesis-dev,unknown,0,0.27,sin_xor,0.09,0,0,,,,,,,
54678d9bda5f37c33a3a16bea1c66c91.cnf.xz,tesis-dev,sat,0,0.20,sin_xor,0.06,0,0,,,,,,,
5f06772e86f14cb3507c3e34e5c1e7f1.cnf.xz,tesis-dev,sat,0,0.21,sin_xor,0.06,0,0,,,,,,,
61a1a532a9c821055a7fa0d9d6562d46.cnf.xz,tesis-dev,sat,0,0.08,sin_xor,0.02,0,0,,,,,,,
64e38097799c3e0e3fe9d8a17372b0c4.cnf.xz,tesis-dev,sat,0,0.22,sin_xor,0.07,0,0,,,,,,,
68ee66c662d28d41d3ae041cba7298ab.cnf.xz,tesis-dev,unknown,0,0.34,sin_xor,0.11,0,0,,,,,,,
6d1d1bec7a40835e5b2ac618666f350d.cnf.xz,tesis-dev,unknown,0,0.30,sin_xor,0.10,0,0,,,,,,,
7477e93517c74d2f32f8cd2eba6244c5.cnf.xz,tesis-dev,sat,0,0.24,sin_xor,0.08,0,0,,,,,,,
8568907805e9346e5a722d444e543e92.cnf.xz,tesis-dev,sat,0,0.25,sin_xor,0.08,0,0,,,,,,,
8684d1e27161a5c51d0b134621f1d1bc.cnf.xz,tesis-dev,sat,0,0.19,sin_xor,0.06,0,0,,,,,,,
8e1fdee5ce7575adc975bcb1c58d411b.cnf.xz,tesis-dev,unknown,0,0.38,sin_xor,0.12,0,0,,,,,,,
92d6d1839d9278bf6d3da5a885ed3d47.cnf.xz,tesis-dev,sat,0,0.28,sin_xor,0.10,0,0,,,,,,,
94750ddfd49994ac4e2abe258a7ba4e2.cnf.xz,tesis-dev,sat,0,0.22,sin_xor,0.07,0,0,,,,,,,
98d909406244b8582cd2f5d6235d621f.cnf.xz,tesis-dev,sat,0,0.22,sin_xor,0.07,0,0,,,,,,,
9963c075a09f58d74c836f230f647201.cnf.xz,tesis-dev,unknown,0,0.28,sin_xor,0.09,0,0,,,,,,,
9e4ed7d6e3ea544e8738ee21f4eaaa39.cnf.xz,tesis-dev,sat,0,0.06,sin_xor,0.02,0,0,,,,,,,
a10850361971c1e2256f9de690a36ea5.cnf.xz,tesis-dev,sat,0,0.18,sin_xor,0.06,0,0,,,,,,,
a15eac6b1e4f848579b3cfce7fbf91cb.cnf.xz,tesis-dev,sat,0,0.18,sin_xor,0.06,0,0,,,,,,,
a9bdc27575ccbcfb02e01613ddff8e31.cnf.xz,tesis-dev,sat,0,0.20,sin_xor,0.07,0,0,,,,,,,
a9c18b790b81fb37eccba4d2dfb6c022.cnf.xz,tesis-dev,sat,0,0.16,sin_xor,0.05,0,0,,,,,,,
b00b555f0d26046e20489338433cc246.cnf.xz,tesis-dev,sat,0,0.25,sin_xor,0.08,0,0,,,,,,,
b1564215e346e99ccbe80da356e57f65.cnf.xz,tesis-dev,sat,0,0.23,sin_xor,0.08,0,0,,,,,,,
b583f8db3a609d32ddfc55d7f26b5fbb.cnf.xz,tesis-dev,sat,0,0.30,sin_xor,0.09,0,0,,,,,,,
bca4d800747af5f26dcbdba922d78bf5.cnf.xz,tesis-dev,sat,0,0.10,sin_xor,0.03,0,0,,,,,,,
bea7fe2ed13ee8fcf3713e1cefff9f93.cnf.xz,tesis-dev,sat,0,0.10,sin_xor,0.03,0,0,,,,,,,
c088916bd03d5d9e8b052dca4c9d38fd.cnf.xz,tesis-dev,sat,0,0.10,sin_xor,0.03,0,0,,,,,,,
c2c8540324c03e325d590f022fa9d7d7.cnf.xz,tesis-dev,sat,0,0.14,sin_xor,0.04,0,0,,,,,,,
d0ae6f2835f3e33ff09472454404e625.cnf.xz,tesis-dev,unknown,0,0.31,sin_xor,0.10,0,0,,,,,,,
d712442cd23dd64defa214d126148e2f.cnf.xz,tesis-dev,sat,0,0.22,sin_xor,0.07,0,0,,,,,,,
d730c23c6417e0f80000e196fce8df82.cnf.xz,tesis-dev,sat,0,0.18,sin_xor,0.06,0,0,,,,,,,
e793abc733527d0e5ca3fae994553333.cnf.xz,tesis-dev,sat,0,0.18,sin_xor,0.06,0,0,,,,,,,
e851bd8cda601ec1eae5cc136a84289e.cnf.xz,tesis-dev,sat,0,0.25,sin_xor,0.08,0,0,,,,,,,
eb064256d3bb89c433a4ade5ff1c8805.cnf.xz,tesis-dev,sat,0,0.28,sin_xor,0.09,0,0,,,,,,,
f4ff0a601ae7de20812c394047c6afcb.cnf.xz,tesis-dev,unknown,0,0.26,sin_xor,0.09,0,0,,,,,,,
f6eee7f155356d5def36888b8c1ba335.cnf.xz,tesis-dev,sat,0,0.09,sin_xor,0.03,0,0,,,,,,,
fe0d88607c6a0ba16890f1bce20346e3.cnf.xz,tesis-dev,sat,0,0.15,sin_xor,0.05,0,0,,,,,,,
feb7f4a9414a3c92ddd2effa30bae801.cnf.xz,tesis-dev,sat,0,0.24,sin_xor,0.08,0,0,,,,,,,
ff0fe8a68fdbcbee9e77ca5555e744fe.cnf.xz,tesis-dev,sat,0,0.21,sin_xor,0.07,0,0,,,,,,,
